molecule_chembl_id,canonical_smiles,standard_value,standard_value_M,pIC50,MW,LogP,NumHDonors,NumHAcceptors
CHEMBL67010,C/C(=N\C1CCCCC1)NC12CC3CC(CC(C3)C1)C2,72.0,7.200000000000001e-08,7.142667503568731,274.45200000000006,4.295900000000003,1,1
CHEMBL542638,C/C(=N\C12CC3CC(CC(C3)C1)C2)Nc1ccccc1C.Cl,6.0,6.000000000000001e-09,8.221848749616356,318.892,5.215920000000006,1,1
CHEMBL544054,C/C(=N\C1CCCCC1)Nc1ccccc1C.Cl,9.0,9.000000000000001e-09,8.045757490560675,266.816,4.579820000000005,1,1
CHEMBL67388,C/C(=N\C12CC3CC(CC(C3)C1)C2)NC12CC3CC(CC(C3)C1)C2,16.0,1.6e-08,7.795880017344075,326.52800000000013,4.932000000000005,1,1
CHEMBL538754,C/C(=N\c1ccccc1C)Nc1ccccc1C.Cl,15.0,1.5000000000000002e-08,7.823908740944319,274.79499999999996,4.887240000000004,1,1
CHEMBL63508,C/C(=N\C1CC2CCC1C2)Nc1ccccc1C,9.0,9.000000000000001e-09,8.045757490560675,242.366,4.013920000000003,1,1
CHEMBL67665,C/C(=N\c1ccc(Br)cc1C)Nc1ccc(Br)cc1C,26.0,2.6e-08,7.585026652029182,396.12600000000003,5.990440000000004,1,1
CHEMBL282433,Cc1ccccc1NC(=N)Nc1ccccc1C,32.0,3.2e-08,7.494850021680094,239.32200000000003,3.7622100000000014,3,1
CHEMBL159967,Fc1ccc(C(OCCN2CCN(C/C=C/c3ccco3)CC2)c2ccc(F)cc2)cc1,43.0,4.3e-08,7.366531544420414,438.51800000000014,4.994800000000005,0,4
CHEMBL26320,c1ccc(CCCN2CCN(CCOC(c3ccccc3)c3ccccc3)CC2)cc1,17.0,1.7e-08,7.769551078621726,414.59300000000013,5.0430000000000055,0,3
CHEMBL159608,Fc1ccc(C(OCCN2CCN(CCCc3cccnc3)CC2)c2ccc(F)cc2)cc1,79.0,7.9e-08,7.102372908709558,451.5610000000001,4.716200000000005,0,4
CHEMBL159320,Fc1ccc(C(OCCN2CCN(C/C=C/c3cccs3)CC2)c2ccc(F)cc2)cc1,41.0,4.1e-08,7.387216143280264,454.5860000000001,5.463300000000006,0,4
CHEMBL164037,Fc1ccc(C(OCCN2CCN(C/C=C/c3cccnc3)CC2)c2ccc(F)cc2)cc1,59.0,5.900000000000001e-08,7.229147988357855,449.54500000000013,4.796800000000005,0,4
CHEMBL281594,Fc1ccc(C(OCCN2CCN(CCCc3ccccc3)CC2)c2ccc(F)cc2)cc1,43.0,4.3e-08,7.366531544420414,450.5730000000001,5.3212000000000055,0,3
CHEMBL159319,Fc1ccc(C(OCCN2CCN(CCCc3ccco3)CC2)c2ccc(F)cc2)cc1,62.0,6.2e-08,7.207608310501746,440.5340000000001,4.914200000000005,0,4
CHEMBL286991,Fc1ccc(C(OCCN2CCN(C/C=C/c3ccccc3)CC2)c2ccc(F)cc2)cc1,51.0,5.1e-08,7.292429823902063,448.55700000000013,5.401800000000006,0,3
CHEMBL163980,Fc1ccc(C(OCCN2CCN(CCCc3cccs3)CC2)c2ccc(F)cc2)cc1,38.0,3.8e-08,7.42021640338319,456.6020000000001,5.382700000000005,0,4
CHEMBL607159,CN(C(=O)Nc1ccc(Cl)c(Cl)c1)[C@@H]1CCCC[C@@H]1N1CCCC1,5303.0,5.303000000000001e-06,5.275478372881437,370.3240000000003,4.864100000000004,1,2
CHEMBL607212,CN(C(=O)COc1cccc(Cl)c1Cl)[C@@H]1CCCC[C@@H]1N1CCCC1,42.0,4.2000000000000006e-08,7.376750709602099,385.3350000000003,4.237600000000003,0,3
CHEMBL301867,CN(C(=O)Cc1ccc(Cl)c(Cl)c1)[C@@H]1CCCC[C@@H]1N1CCCC1,194.0,1.9400000000000002e-07,6.7121982700697735,369.3360000000003,4.4013000000000035,0,2
CHEMBL607273,CN(C(=O)CSc1ccccc1)[C@@H]1CCCC[C@@H]1N1CCCC1,200.0,2.0000000000000002e-07,6.698970004336019,332.51300000000015,3.6441000000000026,0,3
CHEMBL2303661,CN(CCc1ccc(Cl)c(Cl)c1)C1CCCCC1N1CCCC1,2.0,2e-09,8.698970004336019,355.35300000000024,4.874700000000004,0,2
CHEMBL607450,CN(C(=O)Cc1ccc(Cl)cc1Cl)[C@@H]1CCCC[C@@H]1N1CCCC1,278.0,2.780000000000001e-07,6.555955204081924,369.3360000000003,4.4013000000000035,0,2
CHEMBL607211,CN(/C(S)=N/c1ccc(Cl)c(Cl)c1)[C@@H]1CCCC[C@@H]1N1CCCC1,3267.0,3.267e-06,5.485850865524562,386.39200000000034,5.249500000000005,1,2
CHEMBL607276,CN(C(=O)c1ccc(Cl)c(Cl)c1)[C@H]1CCCC[C@H]1N1CCCC1,7551.0,7.551e-06,5.121995529731975,355.30900000000025,4.472400000000003,0,2
CHEMBL606887,CN(C(=O)Cc1cccs1)[C@H]1CCCC[C@H]1N1CCCC1,1516.0,1.5160000000000002e-06,5.819300798703965,306.4750000000001,3.1560000000000015,0,3
CHEMBL607448,COc1cc(CC(=O)N(C)[C@@H]2CCCC[C@@H]2N2CCCC2)cc(OC)c1OC,302.0,3.020000000000001e-07,6.519993057042849,390.5240000000002,3.120300000000002,0,5
CHEMBL606891,CN(C(=O)c1cccc2ccccc12)[C@H]1CCCC[C@H]1N1CCCC1,2593.0,2.593e-06,5.586197483230649,336.4790000000001,4.318800000000004,0,2
CHEMBL607392,CN(C(=O)Cc1cccc([N+](=O)[O-])c1)[C@@H]1CCCC[C@@H]1N1CCCC1,1609.0,1.6090000000000002e-06,5.793443955900971,345.44300000000015,3.0027000000000017,0,4
CHEMBL607210,CN(C(=O)COc1cc(Cl)c(Cl)cc1Cl)[C@@H]1CCCC[C@@H]1N1CCCC1,128.0,1.28e-07,6.892790030352131,419.78000000000037,4.8910000000000045,0,3
CHEMBL607452,CN(C(=O)Cc1cc(Cl)c(Cl)cc1[N+](=O)[O-])[C@@H]1CCCC[C@@H]1N1CCCC1,5952.0,5.952000000000001e-06,5.225337077462178,414.33300000000037,4.309500000000003,0,4
CHEMBL606889,CN(C(=O)CCCOc1ccc(Cl)cc1Cl)[C@H]1CCCC[C@H]1N1CCCC1,418.0,4.18e-07,6.3788237182249645,413.3890000000004,5.017800000000005,0,3
CHEMBL606835,CN(C(=O)Cc1ccc([N+](=O)[O-])cc1)[C@@H]1CCCC[C@@H]1N1CCCC1,2374.0,2.374e-06,5.624519285381427,345.44300000000015,3.0027000000000017,0,4
CHEMBL607213,COc1cc(CCC(=O)N(C)[C@@H]2CCCC[C@@H]2N2CCCC2)cc(OC)c1OC,2670.0,2.6700000000000003e-06,5.573488738635425,404.5510000000003,3.5104000000000024,0,5
CHEMBL606890,CN(C(=O)C1(c2ccccc2)CC1)[C@H]1CCCC[C@H]1N1CCCC1,6058.0,6.058e-06,5.217670731003163,326.4840000000001,3.5836000000000023,0,2
CHEMBL606834,COc1ccccc1CC(=O)N(C)[C@@H]1CCCC[C@@H]1N1CCCC1,208.0,2.08e-07,6.681936665037238,330.4720000000001,3.103100000000002,0,3
CHEMBL606783,CN(C(=O)Cc1c(Cl)cccc1Cl)[C@@H]1CCCC[C@@H]1N1CCCC1,1385.0,1.385e-06,5.858550226599533,369.3360000000003,4.4013000000000035,0,2
CHEMBL607158,CN(C(=O)/C=C/c1ccc(Cl)c(Cl)c1)[C@@H]1CCCC[C@@H]1N1CCCC1,3650.0,3.65e-06,5.437707135543525,381.3470000000003,4.872000000000005,0,2
CHEMBL607333,CN(C(=O)COc1ccc(Cl)cc1Cl)[C@@H]1CCCC[C@@H]1N1CCCC1,76.0,7.6e-08,7.119186407719209,385.3350000000003,4.237600000000003,0,3
CHEMBL607449,CN(C(=O)Cc1cc(Cl)c(Cl)cc1N)[C@@H]1CCCC[C@@H]1N1CCCC1,12.0,1.2000000000000002e-08,7.920818753952375,384.35100000000034,3.983500000000003,1,3
CHEMBL606784,COc1cccc(CC(=O)N(C)[C@@H]2CCCC[C@@H]2N2CCCC2)c1,211.0,2.1100000000000002e-07,6.675717544702307,330.4720000000001,3.1031000000000013,0,3
CHEMBL607332,CN(C(=O)Cc1cccc2ccccc12)[C@H]1CCCC[C@H]1N1CCCC1,77.0,7.7e-08,7.113509274827518,350.5060000000002,4.247700000000004,0,2
CHEMBL607278,CN(CCc1ccccc1)[C@H]1CCCC[C@H]1N1CCCC1,125.0,1.2500000000000002e-07,6.903089986991944,286.463,3.5679000000000025,0,2
CHEMBL606937,CN(CCc1ccc2ccccc2c1)[C@H]1CCCC[C@H]1N1CCCC1,37.0,3.7e-08,7.431798275933005,336.52300000000014,4.721100000000004,0,2
CHEMBL607274,CN(C(=O)Cc1ccc(Br)cc1)[C@@H]1CCCC[C@@H]1N1CCCC1,228.0,2.28e-07,6.642065152999546,379.34200000000027,3.857000000000003,0,2
CHEMBL607157,CN(C(=O)COc1ccccc1)[C@@H]1CCCC[C@@H]1N1CCCC1,1247.0,1.247e-06,5.904133546521457,316.4450000000001,2.9308000000000014,0,3
CHEMBL607214,CN(C(=O)CCc1ccccc1)[C@@H]1CCCC[C@@H]1N1CCCC1,1335.0,1.335e-06,5.874518734299406,314.4730000000001,3.484600000000002,0,2
CHEMBL607275,CN(C(=O)COc1ccc(Cl)c(Cl)c1)[C@@H]1CCCC[C@@H]1N1CCCC1,110.0,1.1e-07,6.958607314841775,385.3350000000003,4.237600000000003,0,3
CHEMBL606838,CN(C(=O)Cc1ccsc1)[C@H]1CCCC[C@H]1N1CCCC1,2100.0,2.1e-06,5.6777807052660805,306.47500000000014,3.1560000000000015,0,3
CHEMBL2374421,CN([C@H]1CCCC[C@H]1N1CCCC1)S(=O)(=O)c1ccccc1,966.0,9.660000000000002e-07,6.015022873584506,322.474,2.714100000000001,0,3
CHEMBL607335,CN(C(=O)Cc1ccccc1Cl)[C@@H]1CCCC[C@@H]1N1CCCC1,870.0,8.7e-07,6.060480747381382,334.89100000000013,3.747900000000003,0,2
CHEMBL607451,COc1ccc(CC(=O)N(C)[C@@H]2CCCC[C@@H]2N2CCCC2)cc1,196.0,1.96e-07,6.707743928643524,330.4720000000001,3.1031000000000013,0,3
CHEMBL607391,CN(C(=O)Cc1ccccc1)[C@@H]1CCCC[C@@H]1N1CCCC1,1155.0,1.1550000000000002e-06,5.937418015771837,300.44600000000014,3.094500000000002,0,2
CHEMBL607156,CN(C(=O)OCc1ccccc1)[C@@H]1CCCC[C@@H]1N1CCCC1,928.0,9.28e-07,6.032452023781138,316.4450000000001,3.6620000000000026,0,3
CHEMBL607390,CN(C(=O)Cc1ccc(Cl)cc1)[C@@H]1CCCC[C@@H]1N1CCCC1,224.0,2.2400000000000002e-07,6.649751981665837,334.89100000000013,3.747900000000003,0,2
CHEMBL545212,C=CCCN1CC[C@H]2c3ccccc3CC[C@H]2C1.Cl,1.738,1.738e-09,8.759950227887352,277.83899999999994,4.0362000000000045,0,1
CHEMBL555890,Cl.c1ccc2c(c1)CCCC1CN(C3CCCCC3)CCC21,1.413,1.413e-09,8.849857838151442,319.92000000000013,5.1829000000000045,0,1
CHEMBL539260,Cl.c1ccc(CCCN2CC[C@H]3c4ccccc4CC[C@H]3C2)cc1,4.266,4.266e-09,8.369979148886591,341.92600000000016,5.092900000000004,0,1
CHEMBL555401,CCCN1CC[C@H]2c3ccccc3CC[C@H]2C1.Cl,2.57,2.57e-09,8.590066876668706,265.8279999999999,3.870100000000004,0,1
CHEMBL541052,COc1ccc(CN2CC[C@H]3c4ccccc4CC[C@H]3C2)cc1.Cl,1.995,1.995e-09,8.700057099977233,343.89799999999997,4.668900000000005,0,2
CHEMBL545447,Cl.O=[N+]([O-])c1ccc(CCN2CC[C@H]3c4ccccc4CC[C@H]3C2)cc1,3.467,3.467e-09,8.460046158343603,372.89600000000013,4.611000000000003,0,3
CHEMBL545448,CN1CC[C@H]2c3ccccc3CC[C@H]2C1.Cl,338.84,3.3884e-07,6.470005326930858,237.77399999999994,3.0899000000000023,0,1
CHEMBL545689,Cl.c1coc(CN2CC[C@H]3c4ccccc4CC[C@H]3C2)c1,6.607,6.607000000000001e-09,8.179995693191682,303.8330000000001,4.253300000000003,0,2
CHEMBL2093875,COc1ccc2c(c1)[C@H]1CCN(C)C[C@@H]1CC2.Cl,338.84,3.3884e-07,6.470005326930858,267.7999999999999,3.098500000000002,0,2
CHEMBL555398,Cl.Clc1ccc(CN2CC[C@H]3c4ccccc4CC[C@H]3C2)cc1,4.677,4.677e-09,8.330032630091496,348.3170000000001,5.313700000000005,0,1
CHEMBL2093876,CN1CC[C@@H]2c3ccccc3CC[C@H]2C1.Cl,446.68,4.4668000000000003e-07,6.350003492533959,237.77399999999994,3.0899000000000023,0,1
CHEMBL555581,CCCCN1CCC2c3ccccc3CCCC2C1.Cl,2.138,2.138e-09,8.669992299127241,293.882,4.650300000000006,0,1
CHEMBL539504,COc1ccc2c(c1)C1=C(CC2)CN(C)CC1.Cl,3467.37,3.46737e-06,5.459999812689,265.78399999999993,3.1523000000000017,0,2
CHEMBL545217,CCCCN1CCC2=C(CCCc3ccccc32)C1.Cl,3.981,3.981e-09,8.400007822415901,291.86599999999993,4.704100000000006,0,1
CHEMBL542390,CCCN1CCC2=C(CCc3ccccc32)C1.Cl,21.38,2.138e-08,7.669992299127241,263.81199999999995,3.9239000000000037,0,1
CHEMBL555418,COc1ccc2c(c1)[C@@H]1CCN(C)C[C@@H]1CC2.Cl,1174.9,1.1749000000000002e-06,5.929999096197655,267.7999999999999,3.098500000000002,0,2
CHEMBL540274,Cl.c1ccc(CCN2CC[C@H]3c4ccccc4CC[C@H]3C2)cc1,0.3236,3.236e-10,9.489991487059765,327.8990000000001,4.702800000000003,0,1
CHEMBL553561,Cl.c1ccc2c(c1)CC[C@H]1CN(C34C[C@H]5C[C@@H](C3)C[C@@H](C4)C5)CC[C@@H]21,2.291,2.291e-09,8.639974910810603,357.9690000000002,5.428900000000005,0,1
CHEMBL545687,CCCCN1CCC2c3ccccc3CC2C1.Cl,10.96,1.0960000000000002e-08,7.96018944585165,265.828,3.870100000000004,0,1
CHEMBL554388,Cl.c1csc(CN2CC[C@H]3c4ccccc4CC[C@H]3C2)c1,7.079,7.079e-09,8.15002808767115,319.9010000000001,4.721800000000004,0,2
CHEMBL544282,CCCCN1CC[C@H]2c3ccccc3CC[C@H]2C1.Cl,6.31,6.31e-09,8.199970640755867,279.85499999999996,4.260200000000005,0,1
CHEMBL544280,CC(C)(C)c1ccc(CN2CC[C@H]3c4ccccc4CC[C@H]3C2)cc1.Cl,97.72,9.772e-08,7.010016541698601,369.9800000000001,5.957800000000007,0,1
CHEMBL544747,Cl.O=[N+]([O-])c1ccc(CN2CC[C@H]3c4ccccc4CC[C@H]3C2)cc1,8.71,8.710000000000002e-09,8.059981844992336,358.86900000000014,4.568500000000004,0,3
CHEMBL544987,Cl.c1ccc2c(c1)CC[C@H]1CN(C3[C@H]4C[C@@H]5C[C@@H](C[C@H]3C5)C4)CC[C@@H]21,2.188,2.1880000000000003e-09,8.659952682338607,357.9690000000002,5.284800000000005,0,1
CHEMBL543101,C=CCN1CC[C@H]2c3ccccc3CC[C@H]2C1.Cl,4.571,4.571e-09,8.33998877871067,263.81199999999995,3.646100000000003,0,1
CHEMBL544281,CC(C)=CCN1CC[C@H]2c3ccccc3CC[C@H]2C1.Cl,1.175,1.1750000000000002e-09,8.929962133392245,291.866,4.426300000000005,0,1
CHEMBL541299,CCCCN1CCC2=C(CCc3ccccc32)C1.Cl,7.586,7.586000000000001e-09,8.119987161633228,277.83899999999994,4.3140000000000045,0,1
CHEMBL545688,CCCCN1CCC2=C(Cc3ccccc32)C1.Cl,1.862,1.8619999999999998e-09,8.730020323354676,263.81199999999995,3.9239000000000037,0,1
CHEMBL543810,Cl.c1ccc2c(c1)CC[C@H]1CN(CC3CC3)CC[C@@H]21,2.455,2.4550000000000003e-09,8.609948503541013,277.839,3.8701000000000025,0,1
CHEMBL553265,Cl.c1ccc2c(c1)CC[C@H]1CN(C3CCCCC3)CC[C@@H]21,0.2512,2.5119999999999997e-10,9.599980364934842,305.8930000000001,4.792800000000004,0,1
CHEMBL554988,Cl.c1ccc(CCN2CCC3=C(CCc4ccccc43)C2)cc1,16.6,1.6600000000000003e-08,7.779891911959945,325.88300000000004,4.756600000000004,0,1
CHEMBL544748,CCCCN1CC[C@H]2c3cc(C)cc(C)c3CC[C@H]2C1.Cl,2.042,2.0419999999999998e-09,8.689944262249108,307.90899999999993,4.877040000000006,0,1
CHEMBL542387,Cl.c1ccc2c(c1)CC[C@H]1CN(Cc3ccc4ccccc4c3)CC[C@@H]21,81.28,8.128000000000001e-08,7.090016305060156,363.93200000000013,5.813500000000006,0,1
CHEMBL545682,Cl.c1ccc(CN2CC[C@H]3c4ccccc4CC[C@H]3C2)cc1,1.82,1.82e-09,8.739928612014925,313.87200000000007,4.660300000000003,0,1
CHEMBL542140,Cl.c1ccc(CN2CC[C@H]3c4ccccc4CC[C@H]3C2)nc1,16.6,1.6600000000000003e-08,7.779891911959945,314.86000000000007,4.055300000000003,0,2
CHEMBL2093874,CCCCN1CC[C@@H]2c3ccccc3CC[C@H]2C1.Cl,3.09,3.09e-09,8.510041520575164,279.85499999999996,4.260200000000005,0,1
CHEMBL542786,CCCNCCc1ccc(OC)c(OCCc2ccccc2)c1.Cl,34.0,3.4e-08,7.468521082957745,349.902,4.280600000000004,1,3
CHEMBL341003,CCCC(Cc1ccc(OC)c(OCCc2ccccc2)c1)N(CCC)CCC,9.5,9.5e-09,8.022276394711152,397.6030000000002,6.149900000000007,0,3
CHEMBL1744017,CCCCN1CCC2(CCc3ccccc32)CC1.Cl,2.042,2.0419999999999998e-09,8.689944262249108,279.85499999999996,4.188300000000004,0,1
CHEMBL338781,CCCCCCCC(N)Cc1ccc(OC)c(OCCc2ccccc2)c1,420.0,4.2e-07,6.376750709602099,369.5490000000001,5.547000000000005,1,3
CHEMBL128799,CCCNC(CCC)Cc1ccc(OC)c(OCCc2ccccc2)c1,4.5,4.5000000000000014e-09,8.346787486224656,355.52200000000005,5.027500000000005,1,3
CHEMBL541091,CCCCC(Cc1ccc(OC)c(OCCc2ccccc2)c1)NCCC.Cl,210.0,2.1e-07,6.6777807052660805,406.01000000000005,5.839400000000007,1,3
CHEMBL553962,CCCCCC(Cc1ccc(OC)c(OCCc2ccccc2)c1)NCCC.Cl,1.5,1.5e-09,8.823908740944319,420.0370000000001,6.229500000000008,1,3
CHEMBL64511,c1ccc(CN2CCC3(CCCc4ccccc43)CC2)nc1,11.22,1.122e-08,7.950007143079858,292.426,3.9517000000000024,0,2
CHEMBL1744014,Cl.c1ccc(CCN2CCC3(CCc4ccccc43)CC2)cc1,2.754,2.754e-09,8.560036064079094,327.89900000000006,4.630900000000004,0,1
CHEMBL1743991,Cl.c1ccc2c(c1)CCCC21CCN(CC2CCCO2)CC1,5.495,5.4950000000000006e-09,8.260032303240491,321.8920000000001,3.9573000000000027,0,2
CHEMBL545760,CCCNC(C)Cc1ccc(OC)c(OCCc2ccccc2)c1.Cl,10.0,1e-08,8.0,363.9289999999999,4.669100000000005,1,3
CHEMBL128717,CCCN(CCC)C(CC)Cc1ccc(OC)c(OCCc2ccccc2)c1,5.7,5.7000000000000006e-09,8.244125144327509,383.57600000000014,5.7598000000000065,0,3
CHEMBL128860,CCCCC(Cc1ccc(OC)c(OCCc2ccccc2)c1)NCCC,2.1,2.1e-09,8.67778070526608,369.54900000000004,5.4176000000000055,1,3
CHEMBL1788383,Cl.c1ccc(CN2CCC3(CCc4ccccc43)CC2)cc1,0.7244,7.244e-10,9.14002155835798,313.87200000000007,4.588400000000004,0,1
CHEMBL542470,CCCCCC(Cc1ccc(OC)c(OCCc2ccccc2)c1)N(CCC)CCC.Cl,30.0,3.0000000000000004e-08,7.522878745280337,462.1180000000002,7.351900000000009,0,3
CHEMBL1744001,CCCCCCN1CCC2(CCCc3ccccc32)CC1.Cl,2.884,2.884e-09,8.54000474395261,321.9360000000001,5.358600000000007,0,1
CHEMBL1743997,C=CCN1CCC2(CCCc3ccccc32)CC1.Cl,18.2,1.82e-08,7.739928612014925,277.839,3.9643000000000037,0,1
CHEMBL1744010,CCCCN1CCC2(CCCCc3ccccc32)CC1.Cl,4.786,4.786e-09,8.320027305722581,307.90900000000005,4.968500000000006,0,1
CHEMBL1743995,Cl.Clc1ccc(CN2CCC3(CCCc4ccccc43)CC2)cc1,6.761,6.761000000000001e-09,8.169989064063882,362.34400000000005,5.631900000000006,0,1
CHEMBL11311,COc1ccc(CCN2CCCC2)cc1OCCc1ccccc1.O=C(O)C(=O)O,110.0,1.1e-07,6.958607314841775,415.48600000000005,3.1106000000000007,2,5
CHEMBL127720,CCCN(CCC)C(C)Cc1ccc(OC)c(OCCc2ccccc2)c1,12.0,1.2000000000000002e-08,7.920818753952375,369.5490000000001,5.369700000000006,0,3
CHEMBL1743994,Cl.c1csc(CN2CCC3(CCCc4ccccc43)CC2)c1,6.31,6.31e-09,8.199970640755867,333.92800000000005,5.040000000000005,0,2
CHEMBL1744013,Cl.Oc1ccc2c(c1)C1(CCC2)CCN(Cc2ccccc2)CC1,69.18,6.918000000000001e-08,7.160019442321658,343.898,4.6841000000000035,1,2
CHEMBL542784,COc1ccc(CCN)cc1OCCc1ccccc1.Cl,1000.0,1.0000000000000002e-06,6.0,307.82099999999997,3.2397000000000022,1,3
CHEMBL1744004,Cl.c1ccc(CN2CCC3(CCc4ccccc43)CC2)nc1,16.22,1.622e-08,7.789949150124863,314.86000000000007,3.9834000000000023,0,2
CHEMBL1256916,Cl.c1ccc(CN2CCC3(CCCc4ccccc43)CC2)cc1,3.802,3.802e-09,8.419987887470576,327.89900000000006,4.978500000000005,0,1
CHEMBL339253,CCCCCCC(N)Cc1ccc(OC)c(OCCc2ccccc2)c1,170.0,1.7000000000000001e-07,6.769551078621726,355.52200000000005,5.156900000000005,1,3
CHEMBL127899,CCCNC(CC)Cc1ccc(OC)c(OCCc2ccccc2)c1,8.0,8e-09,8.096910013008056,341.495,4.637400000000004,1,3
CHEMBL540331,CCCNC(CCC(C)C)Cc1ccc(OC)c(OCCc2ccccc2)c1.Cl,1.8,1.8e-09,8.744727494896694,420.0370000000001,6.085400000000007,1,3
CHEMBL1788382,CC(C)=CCN1CCC2(CCc3ccccc32)CC1.Cl,1.175,1.1750000000000002e-09,8.929962133392245,291.86599999999993,4.354400000000005,0,1
CHEMBL1744008,Cl.c1ccc2c(c1)CCCC21CCN(CC2CC2)CC1,10.23,1.023e-08,7.99012436628784,291.86600000000004,4.1883000000000035,0,1
CHEMBL1744011,Cl.c1ccc(CN2CCC3(CCCCc4ccccc43)CC2)cc1,6.761,6.761000000000001e-09,8.169989064063882,341.92600000000004,5.368600000000005,0,1
CHEMBL553841,CCCC(N)Cc1ccc(OC)c(OCCc2ccccc2)c1.Cl,330.0,3.3e-07,6.481486060122113,349.902,4.408400000000005,1,3
CHEMBL128998,CCCCCCCCC(Cc1ccc(OC)c(OCCc2ccccc2)c1)N(CCC)CCC,1000.0,1.0000000000000002e-06,6.0,467.73800000000034,8.10040000000001,0,3
CHEMBL341508,CCCCCCCCC(N)Cc1ccc(OC)c(OCCc2ccccc2)c1,1000.0,1.0000000000000002e-06,6.0,383.57600000000014,5.937100000000006,1,3
CHEMBL538845,COc1ccc(CC(N)CCC(C)C)cc1OCCc1ccccc1.Cl,130.0,1.3e-07,6.886056647693163,377.9560000000001,5.0445000000000055,1,3
CHEMBL340275,CCCCCCC(Cc1ccc(OC)c(OCCc2ccccc2)c1)N(CCC)CCC,150.0,1.5000000000000002e-07,6.823908740944319,439.68400000000025,7.320200000000009,0,3
CHEMBL1743998,Cc1ccc2c(c1)CCCC21CCN(Cc2ccccc2)CC1.Cl,5.495,5.4950000000000006e-09,8.260032303240491,341.926,5.2869200000000065,0,1
CHEMBL1744015,CCCCCCN1CCC2(CCc3ccccc32)CC1.Cl,1.514,1.514e-09,8.819874124835946,307.90900000000005,4.968500000000006,0,1
CHEMBL538290,CCC(N)Cc1ccc(OC)c(OCCc2ccccc2)c1.Cl,1000.0,1.0000000000000002e-06,6.0,335.87499999999994,4.0183000000000035,1,3
CHEMBL1788381,CCCCN1CCC2(CCCc3ccccc32)CC1.Cl,1.202,1.202e-09,8.92009553233328,293.882,4.578400000000006,0,1
CHEMBL421446,CCCCCCCC(Cc1ccc(OC)c(OCCc2ccccc2)c1)NCCC,13.0,1.3e-08,7.886056647693163,411.63000000000017,6.587900000000007,1,3
CHEMBL128944,CCCCCCCC(Cc1ccc(OC)c(OCCc2ccccc2)c1)N(CCC)CCC,230.0,2.3000000000000002e-07,6.638272163982407,453.7110000000003,7.71030000000001,0,3
CHEMBL1743996,C=CCCN1CCC2(CCCc3ccccc32)CC1.Cl,6.607,6.607000000000001e-09,8.179995693191682,291.86599999999993,4.354400000000005,0,1
CHEMBL1743992,Cl.O=[N+]([O-])c1ccc(CN2CCC3(CCCc4ccccc43)CC2)cc1,14.13,1.413e-08,7.849857838151442,372.896,4.886700000000005,0,3
CHEMBL339638,CCCCCCC(Cc1ccc(OC)c(OCCc2ccccc2)c1)NCCC,9.0,9.000000000000001e-09,8.045757490560675,397.6030000000001,6.197800000000006,1,3
CHEMBL128999,CCCCCCCCC(Cc1ccc(OC)c(OCCc2ccccc2)c1)NCCC,170.0,1.7000000000000001e-07,6.769551078621726,425.6570000000002,6.978000000000008,1,3
CHEMBL340587,CCCCC(Cc1ccc(OC)c(OCCc2ccccc2)c1)N(CCC)CCC,29.0,2.9e-08,7.5376020021010435,411.63000000000017,6.540000000000007,0,3
CHEMBL1744002,COc1ccc(CN2CCC3(CCCc4ccccc43)CC2)cc1.Cl,1.66,1.66e-09,8.779891911959945,357.925,4.987100000000006,0,2
CHEMBL1743993,Cl.c1coc(CN2CCC3(CCCc4ccccc43)CC2)c1,9.55,9.55e-09,8.019996628416253,317.86000000000007,4.571500000000004,0,2
CHEMBL1744016,COc1ccc(CN2CCC3(CCc4ccccc43)CC2)cc1.Cl,3.467,3.467e-09,8.460046158343603,343.8980000000001,4.597000000000006,0,2
CHEMBL62770,CC(C)=CCN1CCC2(CCCc3ccccc32)CC1,1.047,1.047e-09,8.980053318321158,269.432,4.322700000000004,0,1
CHEMBL1744003,Cc1ccc(CN2CCC3(CCCc4ccccc43)CC2)cc1.Cl,1.413,1.413e-09,8.849857838151442,341.9260000000001,5.2869200000000065,0,1
CHEMBL1743999,Cl.c1ccc2c(c1)CCC21CCN(CC2CCCCC2)CC1,1.349,1.349e-09,8.869988050328097,319.92000000000013,4.968500000000005,0,1
CHEMBL338858,CCCC(N)(CCC)Cc1ccc(OC)c(OCCc2ccccc2)c1.O=C(O)/C=C/C(=O)O,1000.0,1.0000000000000002e-06,6.0,471.59400000000016,4.868700000000004,3,5
CHEMBL521582,CCCN(CCC)CCc1ccc(OC)c(OCCc2ccccc2)c1.Cl,1.3,1.3e-09,8.886056647693163,391.983,5.403000000000007,0,3
CHEMBL543896,CCCCCC(N)Cc1ccc(OC)c(OCCc2ccccc2)c1.Cl,110.0,1.1e-07,6.958607314841775,377.95599999999996,5.188600000000005,1,3
CHEMBL1744000,Cl.c1ccc2c(c1)CCCC21CCN(CC2CCCCC2)CC1,2.291,2.291e-09,8.639974910810603,333.9470000000002,5.358600000000005,0,1
CHEMBL128254,CCCCC(N)Cc1ccc(OC)c(OCCc2ccccc2)c1,160.0,1.6e-07,6.795880017344075,327.46799999999996,4.376700000000003,1,3
CHEMBL1744009,Cl.c1ccc(CCN2CCC3(CCCc4ccccc43)CC2)cc1,5.012,5.012e-09,8.299988937677888,341.92600000000004,5.021000000000004,0,1
CHEMBL1744006,Cc1ccc(CN2CCC3(CCc4ccccc43)CC2)cc1.Cl,5.888,5.888e-09,8.230032198670557,327.89900000000006,4.896820000000005,0,1
CHEMBL1744005,Cl.c1ccc2c(c1)CCC21CCN(CC2CCCO2)CC1,3.162,3.162e-09,8.500038134403809,307.86500000000007,3.5672000000000024,0,2
CHEMBL1744012,COc1ccc2c(c1)C1(CCC2)CCN(Cc2ccccc2)CC1.Cl,74.13,7.413e-08,7.130005999878258,357.925,4.987100000000006,0,2
CHEMBL1744007,Cl.Clc1ccc2c(c1)CCCC21CCN(Cc2ccccc2)CC1,6.761,6.761000000000001e-09,8.169989064063882,362.34400000000005,5.631900000000006,0,1
CHEMBL555052,COc1ccc(CC(C)N)cc1OCCc1ccccc1.Cl,1000.0,1.0000000000000002e-06,6.0,321.8479999999999,3.628200000000002,1,3
CHEMBL542481,CCc1cccc(NC(=N)Nc2cc(Br)cc(CC)c2Br)c1.Cl,18.2,1.82e-08,7.739928612014925,461.6290000000001,6.216970000000003,3,1
CHEMBL552605,CCc1cccc(N(C)C(=N)Nc2cc(CC)cc(OC(F)(F)F)c2Br)c1.Cl,261.0,2.61e-07,6.583359492661719,480.75600000000003,6.377370000000004,2,2
CHEMBL543200,CCc1cccc(N(C)C(=N)Nc2cc(SC)cc(Br)c2Cl)c1.Cl,494.0,4.940000000000001e-07,6.306273051076353,449.24500000000006,6.291670000000003,2,2
CHEMBL543673,CCc1cccc(N(C)C(=N)Nc2cc(Cl)ccc2Cl)c1.Cl,28.5,2.85e-08,7.54515513999149,358.7,5.460670000000003,2,1
CHEMBL541860,CCc1cccc(NC(=N)Nc2ccccc2C(C)C)c1.Cl,20.6,2.06e-08,7.686132779630847,317.864,5.252970000000004,3,1
CHEMBL542736,CCc1cccc(NC(=N)Nc2cc(C(F)(F)F)cc(CC)c2Cl)c1.Cl,17.3,1.7300000000000003e-08,7.761953896871204,406.27900000000005,6.364170000000003,3,1
CHEMBL553747,CCc1cccc(N(C)C(=N)Nc2cc(Br)cc(C(F)(F)F)c2Br)c1.Cl,224.0,2.2400000000000002e-07,6.649751981665837,515.599,6.697670000000003,2,1
CHEMBL541848,CCc1cccc(N(C)C(=N)Nc2cc(Br)cc(OC(F)(F)F)c2Br)c1.Cl,113.0,1.13e-07,6.94692155651658,531.5980000000001,6.577470000000003,2,2
CHEMBL543432,CCc1cccc(NC(=N)Nc2ccc(Cl)cc2)c1.Cl,20.0,2e-08,7.698970004336019,310.228,4.782970000000002,3,1
CHEMBL542964,CCc1cccc(N(C)C(=N)Nc2ccccc2)c1.Cl,42.8,4.28e-08,7.368556230986828,289.81,4.153870000000003,2,1
CHEMBL542486,CCc1cccc(N(C)C(=N)N(C)c2cc(Br)ccc2Br)c1.Cl,381.0,3.8100000000000004e-07,6.419075024324381,461.6290000000001,5.7031700000000045,1,1
CHEMBL543431,CCc1cccc(NC(=N)Nc2ccc(Cl)c(Cl)c2)c1.Cl,31.8,3.18e-08,7.497572880015567,344.67299999999994,5.436370000000003,3,1
CHEMBL545076,CCc1cccc(N(C)C(=N)N(C)c2cc(CC)ccc2Cl)c1.Cl,241.0,2.41e-07,6.617982957425132,366.33599999999996,5.393970000000005,1,1
CHEMBL542487,CCc1cccc(NC(=N)Nc2cc(CC)cc(CC)c2Cl)c1.Cl,4.5,4.5000000000000014e-09,8.346787486224656,366.33599999999996,5.907770000000005,3,1
CHEMBL543427,CCc1cccc(NC(=N)Nc2cc(SC)cc(CC)c2Cl)c1.Cl,15.8,1.5800000000000006e-08,7.801342913045577,384.37600000000003,6.067270000000004,3,2
CHEMBL543664,CCc1cccc(N(C)C(=N)Nc2cc(CC)cc(C(F)(F)F)c2Br)c1.Cl,221.0,2.21e-07,6.655607726314889,464.757,6.497570000000004,2,1
CHEMBL543196,CCc1cccc(N(C)C(=N)Nc2cc(Br)cc(SC)c2Br)c1.Cl,113.0,1.13e-07,6.94692155651658,493.6960000000001,6.400770000000004,2,2
CHEMBL554618,CCc1cccc(N(C)C(=N)Nc2ccccc2Cl)c1.Cl,71.8,7.180000000000002e-08,7.1438755557577,324.25500000000005,4.8072700000000035,2,1
CHEMBL544842,CCc1cccc(NC(=N)Nc2cccc(Br)c2)c1.Cl,10.3,1.03e-08,7.987162775294828,354.67900000000003,4.892070000000003,3,1
CHEMBL545544,CCc1cccc(N(C)C(=N)Nc2cc(C)cc(CC)c2Cl)c1.Cl,45.3,4.53e-08,7.343901797987168,366.33599999999996,5.678090000000005,2,1
CHEMBL543434,CCc1cccc(NC(=N)N(C)c2cccc(CC)c2)c1.Cl,82.0,8.2e-08,7.086186147616283,317.864,4.716270000000004,2,1
CHEMBL545769,CCc1cccc(N(C)C(=N)Nc2cccc(SC)c2)c1.Cl,164.0,1.64e-07,6.785156151952302,335.90400000000005,4.875770000000004,2,2
CHEMBL542491,CCc1cccc(NC(=N)Nc2cccc(Cl)c2Cl)c1.Cl,13.3,1.3300000000000002e-08,7.876148359032914,344.67299999999994,5.436370000000003,3,1
CHEMBL545311,CCc1cccc(N(C)C(=N)Nc2cc(SC)cc(SC)c2Br)c1.Cl,1034.0,1.034e-06,5.985479461242076,460.89400000000006,6.3601700000000045,2,3
CHEMBL539299,CCc1cccc(NC(=N)Nc2ccc(Cl)cc2Cl)c1.Cl,36.5,3.65e-08,7.437707135543525,344.67299999999994,5.436370000000003,3,1
CHEMBL543436,CCc1cccc(N(C)C(=N)Nc2cc(C(F)(F)F)cc(CC)c2Cl)c1.Cl,115.0,1.1500000000000001e-07,6.939302159646388,420.3060000000001,6.388470000000004,2,1
CHEMBL545537,CCc1cccc(N(C)C(=N)Nc2cc(SC)cc(C(F)(F)F)c2Br)c1.Cl,755.0,7.550000000000001e-07,6.122053048370812,482.7970000000001,6.657070000000004,2,2
CHEMBL543201,CCc1cccc(NC(=N)Nc2cccc(CC)c2)c1.Cl,30.1,3.0100000000000005e-08,7.521433504406157,303.83699999999993,4.691970000000004,3,1
CHEMBL553034,CCc1cccc(NC(=N)Nc2cc(CC)cc(CC)c2Br)c1.Cl,5.7,5.7000000000000006e-09,8.244125144327509,410.787,6.016870000000004,3,1
CHEMBL540838,CCc1cccc(N(C)C(=N)Nc2cc(CC)cc(SC)c2Br)c1.Cl,180.0,1.8000000000000002e-07,6.7447274948966935,442.854,6.200670000000005,2,2
CHEMBL542957,CCc1cccc(N(C)C(=N)Nc2ccccc2I)c1.Cl,234.0,2.34e-07,6.6307841425898575,415.70599999999996,4.7584700000000035,2,1
CHEMBL543428,CCc1cccc(N(C)C(=N)Nc2cc(CC)cc(CC)c2Cl)c1.Cl,112.0,1.1200000000000001e-07,6.950781977329818,380.363,5.932070000000006,2,1
CHEMBL543199,CCc1cccc(N(C)C(=N)Nc2cc(SC)cc(C(F)(F)F)c2Cl)c1.Cl,421.0,4.21e-07,6.375717904164332,438.34600000000006,6.547970000000004,2,2
CHEMBL542730,CCc1cccc(NC(=N)Nc2cc(C)cc(CC)c2Cl)c1.Cl,30.7,3.0700000000000004e-08,7.512861624522813,352.3089999999999,5.653790000000004,3,1
CHEMBL555606,CCc1cccc(N(C)C(=N)Nc2cc(CC)cc(SC)c2Cl)c1.Cl,178.0,1.78e-07,6.749579997691106,398.40299999999996,6.091570000000005,2,2
CHEMBL544142,CCc1cccc(N(C)C(=N)Nc2cc(Br)cc(S(C)(=O)=O)c2Br)c1.Cl,3378.0,3.378e-06,5.47134035476501,525.6940000000002,5.0823700000000045,2,3
CHEMBL545777,CCc1cccc(N(C)C(=N)Nc2cc(Br)cc([S+](C)[O-])c2Br)c1.Cl,1947.0,1.947e-06,5.710634048479968,509.6950000000001,5.416270000000004,2,2
CHEMBL2093907,CCc1cccc(N(C)C(=N)Nc2cc(SC)cc(CC)c2Br)c1.Cl,299.0,2.99e-07,6.52432881167557,442.8540000000001,6.200670000000005,2,2
CHEMBL554868,CCc1cccc(N(C)C(=N)Nc2cc(Cl)cc(SC)c2Cl)c1.Cl,130.0,1.3e-07,6.886056647693163,404.79400000000004,6.182570000000004,2,2
CHEMBL539549,CCc1cccc(N(C)C(=N)Nc2ccc(Cl)cc2)c1.Cl,45.7,4.5700000000000006e-08,7.34008379993015,324.25500000000005,4.8072700000000035,2,1
CHEMBL545310,CCc1cccc(NC(=N)Nc2ccccc2Cl)c1.Cl,15.9,1.59e-08,7.798602875679548,310.228,4.782970000000002,3,1
CHEMBL553312,CCc1cccc(NC(=N)Nc2cc(Cl)ccc2Cl)c1.Cl,11.8,1.18e-08,7.928117992693875,344.67299999999994,5.436370000000003,3,1
CHEMBL554054,CCc1cccc(N(C)C(=N)Nc2cccc3ccccc23)c1.Cl,2535.0,2.5350000000000003e-06,5.596022036330645,339.87000000000006,5.307070000000004,2,1
CHEMBL545312,CCc1cccc(N(C)C(=N)Nc2cc(SC)cc(SC)c2Cl)c1.Cl,480.0,4.800000000000001e-07,6.318758762624412,416.44300000000004,6.251070000000005,2,3
CHEMBL540831,CCc1cccc(N(C)C(=N)Nc2cc(C(F)(F)F)cc(CC)c2F)c1.Cl,79.0,7.9e-08,7.102372908709558,403.85100000000006,5.874170000000004,2,1
CHEMBL556043,CCc1cccc(NC(=N)Nc2ccccc2C)c1.Cl,10.8,1.08e-08,7.966576244513051,289.81,4.437990000000003,3,1
CHEMBL538289,CCc1cccc(N(C)C(=N)Nc2ccccc2C(C)C)c1.Cl,362.0,3.6200000000000004e-07,6.441291429466834,331.891,5.277270000000005,2,1
CHEMBL543192,CCc1cccc(N(C)C(=N)Nc2cc(CC)cc(CC)c2Br)c1.Cl,203.0,2.03e-07,6.692503962086787,424.814,6.0411700000000055,2,1
CHEMBL538052,CCc1cccc(N(C)C(=N)Nc2cc(SC)cc(CC)c2Cl)c1.Cl,309.0,3.090000000000001e-07,6.510041520575165,398.4030000000001,6.091570000000004,2,2
CHEMBL538283,CCc1cccc(N(C)C(=N)Nc2cccc(Br)c2)c1.Cl,40.0,4e-08,7.397940008672037,368.70599999999996,4.916370000000003,2,1
CHEMBL545079,CCc1cccc(N(C)C(=N)Nc2cc(CC)cc(C(F)(F)F)c2Cl)c1.Cl,200.0,2.0000000000000002e-07,6.698970004336019,420.306,6.388470000000004,2,1
CHEMBL545545,CCc1cccc(N(C)C(=N)Nc2ccc(Cl)c(Cl)c2)c1.Cl,39.0,3.900000000000001e-08,7.4089353929735005,358.7,5.460670000000004,2,1
CHEMBL538036,CCc1cccc(NC(=N)Nc2ccccc2CC)c1.Cl,18.5,1.85e-08,7.732828271596986,303.83699999999993,4.691970000000003,3,1
CHEMBL544144,CCc1cccc(N(C)C(=N)Nc2cc(C(F)(F)F)cc(CC)c2Br)c1.Cl,205.0,2.0500000000000002e-07,6.688246138944246,464.7570000000001,6.497570000000004,2,1
CHEMBL545542,CCc1cccc(N(C)C(=N)Nc2cc(Br)cc(CC)c2Br)c1.Cl,40.2,4.02e-08,7.39577394691553,475.6560000000001,6.2412700000000045,2,1
CHEMBL552829,CCc1cccc(NC(=N)Nc2cc(CC)cc(CC)c2F)c1.Cl,7.4,7.400000000000001e-09,8.130768280269024,349.88100000000003,5.393470000000004,3,1
CHEMBL540326,CCc1cccc(N(C)C(=N)Nc2cc(Cl)cc(C(F)(F)F)c2Cl)c1.Cl,110.0,1.1e-07,6.958607314841775,426.69700000000006,6.479470000000003,2,1
CHEMBL542959,CCc1cccc(NC(=N)Nc2cc(Cl)cc(Cl)c2)c1.Cl,69.9,6.990000000000001e-08,7.155522824254319,344.67299999999994,5.436370000000003,3,1
CHEMBL555698,CCc1cccc(N(C)C(=N)Nc2cccc(Cl)c2Cl)c1.Cl,97.0,9.700000000000001e-08,7.013228265733755,358.7,5.460670000000003,2,1
CHEMBL552831,CCc1cccc(NC(=N)Nc2cc(CC)cc(CC)c2)c1.Cl,8.0,8e-09,8.096910013008056,331.891,5.254370000000004,3,1
CHEMBL553749,CCc1cccc(NC(=N)Nc2cc(C(F)(F)F)cc(CC)c2Br)c1.Cl,19.6,1.9600000000000003e-08,7.707743928643524,450.7300000000001,6.473270000000004,3,1
CHEMBL542478,CCc1cccc(NC(=N)N(C)c2cc(CC)ccc2Cl)c1.Cl,156.0,1.5600000000000002e-07,6.806875401645538,352.3089999999999,5.369670000000005,2,1
CHEMBL555091,CCc1cccc(N(C)C(=N)Nc2cccc(Cl)c2)c1.Cl,43.5,4.3500000000000006e-08,7.361510743045363,324.25500000000005,4.8072700000000035,2,1
CHEMBL540841,CCc1cccc(NC(=N)Nc2cc(C(F)(F)F)cc(CC)c2F)c1.Cl,23.9,2.39e-08,7.621602099051862,389.824,5.849870000000004,3,1
CHEMBL553167,CCc1cccc(NC(=N)N(C)c2cc(Cl)ccc2Cl)c1.Cl,64.0,6.4e-08,7.1938200260161125,358.7,5.460670000000003,2,1
CHEMBL543433,CCc1cccc(NC(=N)Nc2c(Cl)cccc2Cl)c1.Cl,14.4,1.4400000000000002e-08,7.841637507904751,344.67299999999994,5.436370000000002,3,1
CHEMBL555099,CCc1cccc(N(C)C(=N)Nc2ccccc2Br)c1.Cl,125.0,1.2500000000000002e-07,6.903089986991944,368.70599999999996,4.916370000000004,2,1
CHEMBL542238,CCc1cccc(N(C)C(=N)Nc2cc(CC)cc(CC)c2F)c1.Cl,113.0,1.13e-07,6.94692155651658,363.9080000000001,5.417770000000005,2,1
CHEMBL542956,CCc1cccc(N(C)C(=N)N(C)c2cc(Cl)ccc2Cl)c1.Cl,39.3,3.93e-08,7.405607449624573,372.72700000000003,5.484970000000004,1,1
CHEMBL554355,CCc1cccc(NC(=N)Nc2cccc(Cl)c2)c1.Cl,27.0,2.7e-08,7.568636235841013,310.228,4.782970000000003,3,1
CHEMBL87321,CNC1Cc2cc(Cl)c(O)cc2C(c2ccccc2)C1,21.1,2.1100000000000004e-08,7.675717544702307,287.79,3.7117000000000013,2,2
CHEMBL553745,CN(C)C1Cc2ccccc2C(c2ccccc2)C1.Cl,3.47,3.47e-09,8.459670525209127,287.834,4.116700000000004,0,1
CHEMBL542419,C=CCNC1Cc2ccccc2C(c2ccccc2)C1.Cl,117.0,1.17e-07,6.931814138253839,299.84499999999997,4.330700000000005,1,1
CHEMBL316267,CN(C)[C@H]1CCc2ccccc2[C@H]1c1ccccc1,2755.0,2.7550000000000003e-06,5.559878396812196,251.37300000000002,3.694900000000003,0,1
CHEMBL543134,Br.CN(C)C1Cc2cc(O)c(O)cc2C(c2ccccc2)C1,34.3,3.43e-08,7.464705879957229,364.28300000000013,3.6840000000000037,2,3
CHEMBL544309,CCN(CC)C1Cc2ccccc2C(c2ccccc2)C1.Cl,4.49,4.490000000000001e-09,8.347753658996677,315.8880000000001,4.896900000000006,0,1
CHEMBL544078,Cl.NC1Cc2ccccc2C(c2ccccc2)C1,3305.0,3.305e-06,5.480828536178341,259.78000000000003,3.5138000000000025,1,1
CHEMBL540038,C=CCN(C)C1Cc2ccccc2C(c2ccccc2)C1.Cl,8.9,8.9e-09,8.050609993355087,313.872,4.672900000000006,0,1
CHEMBL542167,CN(C)[C@@]1(C)Cc2ccccc2[C@H](c2ccccc2)C1.Cl,0.51,5.1e-10,9.292429823902063,301.86100000000005,4.5068000000000055,0,1
CHEMBL538263,Br.NC1Cc2cc(O)c(O)cc2C(c2ccccc2)C1,10000.0,1e-05,5.0,336.2290000000001,3.081100000000002,3,3
CHEMBL545477,CN(C)[C@H]1Cc2cc(Cl)c(O)cc2[C@H](c2ccccc2)C1.Cl,0.29,2.9e-10,9.537602002101044,338.2780000000001,4.475700000000003,1,2
CHEMBL2093895,CN(C)[C@]1(C)Cc2ccccc2[C@@H](c2ccccc2)C1.Cl,9.0,9.000000000000001e-09,8.045757490560675,301.86100000000005,4.5068000000000055,0,1
CHEMBL545249,CN(C)C1Cc2cc(Cl)c(O)cc2C(c2ccccc2)C1.Cl,1.4,1.4e-09,8.853871964321762,338.2780000000001,4.475700000000003,1,2
CHEMBL539274,C=CCN(CC=C)C1Cc2ccccc2C(c2ccccc2)C1.Cl,26.5,2.65e-08,7.576754126063192,339.91,5.229100000000005,0,1
CHEMBL14376,COc1cc(C(C)=O)ccc1OCCCN1CCC(c2noc3cc(F)ccc23)CC1,64.0,6.4e-08,7.1938200260161125,426.4880000000001,4.826600000000004,0,6
CHEMBL60872,NC(CCCN1CCN(c2ncc(F)cn2)CC1)c1ccc(F)c2ccccc12,215.0,2.15e-07,6.667561540084395,397.4730000000001,3.510200000000002,1,5
CHEMBL300150,Fc1ccc(OCCCN2CCN(c3ncc(F)cn3)CC2)cc1,89.0,8.9e-08,7.050609993355087,334.37000000000006,2.3459000000000003,0,5
CHEMBL59006,NC(CCCN1CCN(c2ncc(F)cn2)CC1)C1CCCCC1,52.0,5.2e-08,7.2839966563652,335.47100000000023,2.4254999999999995,1,5
CHEMBL300556,CC(=O)NC(CCCN1CCN(c2ncc(F)cn2)CC1)c1ccc(F)cc1,49.0,4.9e-08,7.309803919971486,389.4500000000001,2.5343999999999998,1,5
CHEMBL58282,O=S(=O)(NC(CCCN1CCN(c2ncc(F)cn2)CC1)C1CCCCC1)c1ccc(F)cc1,504.0,5.040000000000001e-07,6.297569463554475,493.62400000000036,3.5844000000000023,1,6
CHEMBL60859,OC(CCCN1CCN(c2ncc(F)cn2)CC1)c1ccc(F)cc1,112.0,1.1200000000000001e-07,6.950781977329818,348.39700000000005,2.390600000000001,1,5
CHEMBL61303,O=S(=O)(CCCN1CCN(c2ncc(F)cn2)CC1)c1ccc(F)cc1,45.0,4.5000000000000006e-08,7.346787486224656,382.43600000000015,1.7408,0,6
CHEMBL300351,O=S(=O)(NC(CCCN1CCN(c2ncc(F)cn2)CC1)c1ccc(F)cc1)c1ccc(F)cc1,1520.0,1.52e-06,5.818156412055227,505.5660000000002,3.515900000000002,1,6
CHEMBL301642,CC(=O)OC(CCCN1CCN(c2ncc(F)cn2)CC1)c1ccc(F)cc1,227.0,2.27e-07,6.6439741428068775,390.43400000000014,2.961400000000001,0,6
CHEMBL57297,O=C(OC(CCCN1CCN(c2ncc(F)cn2)CC1)c1ccc(F)cc1)c1ccccc1,3500.0,3.5000000000000004e-06,5.455931955649724,452.5050000000002,4.255300000000004,0,6
CHEMBL58283,O=C(NC(CCCN1CCN(c2ncc(F)cn2)CC1)C1CCCCC1)c1ccc(F)cc1,2.0,2e-09,8.698970004336019,457.56900000000036,4.0359000000000025,1,5
CHEMBL61177,OC(CCCN1CCN(c2ncc(F)cn2)CC1)c1ccc(F)c2ccccc12,88.0,8.800000000000002e-08,7.055517327849832,398.4570000000001,3.5438000000000027,1,5
CHEMBL293364,O=C(NC(CCCN1CCN(c2ncc(F)cn2)CC1)c1ccc(F)cc1)c1ccc(F)cc1,100.0,1.0000000000000001e-07,7.0,469.5110000000002,3.967400000000003,1,5
CHEMBL58566,O=S(=O)(NC(CCCN1CCN(c2ncc(F)cn2)CC1)c1ccc(F)c2ccccc12)c1ccc(F)cc1,1.0,1e-09,9.0,555.6260000000003,4.669100000000005,1,6
CHEMBL61304,Fc1cnc(N2CCN(CCCCc3ccc(F)c4ccccc34)CC2)nc1,213.0,2.1300000000000001e-07,6.671620396561262,382.4580000000001,4.052900000000003,0,4
CHEMBL60814,Fc1ccc(CCCCN2CCN(c3ncc(F)cn3)CC2)cc1,23.0,2.3e-08,7.638272163982407,332.3980000000001,2.899700000000001,0,4
CHEMBL57606,OC(CCCN1CCN(c2ncc(F)cn2)CC1)C1CCCCC1,12.0,1.2000000000000002e-08,7.920818753952375,336.4550000000002,2.4591000000000003,1,5
CHEMBL58601,Fc1ccc(SCCCN2CCN(c3ncc(F)cn3)CC2)cc1,51.0,5.1e-08,7.292429823902063,350.4380000000001,3.0592000000000015,0,5
CHEMBL322275,COc1cccc2c1CCCC2CCCN1CCN(c2ccccc2)CC1,198.0,1.98e-07,6.703334809738469,364.533,4.717500000000005,0,3
CHEMBL424125,COc1ccc2c(c1)C(CCCN1CCN(c3ccccc3OC)CC1)CCC2,64.1,6.41e-08,7.193141970481182,394.5590000000002,4.726100000000004,0,4
CHEMBL174300,COc1ccccc1N1CCN(CC/C=C2\CCCc3ccccc32)CC1,55.0,5.5e-08,7.259637310505756,362.5170000000001,4.627200000000005,0,3
CHEMBL367723,COc1ccc2c(c1)C(CCCN1CCN(c3cccc(C(F)(F)F)c3)CC1)CCC2,87.5,8.750000000000002e-08,7.057991946977687,432.53000000000014,5.736300000000006,0,3
CHEMBL172363,COc1ccc2c(c1)C(CCCCN1CCN(c3ccccc3OC)CC1)CCC2,92.8,9.28e-08,7.032452023781138,408.5860000000002,5.116200000000005,0,4
CHEMBL171181,COc1ccc2c(c1)C(CCCN1CCN(c3ccccn3)CC1)CCC2,125.0,1.2500000000000002e-07,6.903089986991944,365.52100000000013,4.112500000000003,0,4
CHEMBL148055,COc1cccc2c1CCC=C2CCCN1CCN(c2ccccc2)CC1,54.4,5.4400000000000004e-08,7.26440110030182,362.51700000000005,4.627200000000004,0,3
CHEMBL444590,COc1cccc2c1CCCC2CCCN1CCN(c2ccccn2)CC1,67.5,6.75e-08,7.170696227168975,365.521,4.112500000000003,0,4
CHEMBL108241,COc1ccccc1N1CCN(CCNC2CCCc3c(OC)cccc32)CC1,151.0,1.5100000000000004e-07,6.82102305270683,395.5470000000002,3.493000000000002,1,5
CHEMBL54,O=C(CCCN1CCC(O)(c2ccc(Cl)cc2)CC1)c1ccc(F)cc1,5.64,5.64e-09,8.248720896016657,375.87100000000015,4.425600000000004,1,3
CHEMBL172556,COc1ccc2c(c1)C(SCCN1CCN(c3ccccc3OC)CC1)CCC2,138.0,1.3800000000000004e-07,6.860120913598763,412.5990000000002,4.636600000000004,0,5
CHEMBL175300,COc1cccc2c1CCC=C2CCCN1CCN(c2ccccn2)CC1,52.0,5.2e-08,7.2839966563652,363.50500000000005,4.022200000000002,0,4
CHEMBL140406,COc1cccc2c1CCC/C2=C\CCN1CCN(c2ccccn2)CC1,99.1,9.91e-08,7.003926345514724,363.50500000000005,4.022200000000003,0,4
CHEMBL366459,COc1ccc2c(c1)C(CCCCN1CCN(c3ccccc3OC)CC1)=CCC2,53.5,5.35e-08,7.2716462179787715,406.57000000000016,5.0259000000000045,0,4
CHEMBL172161,COc1ccccc1N1CCN(CCCC2=CCCc3c(OC)cccc32)CC1,33.0,3.3000000000000004e-08,7.481486060122112,392.5430000000002,4.635800000000004,0,4
CHEMBL49,O=C1CC2(CCCC2)CC(=O)N1CCCCN1CCN(c2ncccn2)CC1,263.0,2.63e-07,6.580044251510242,385.5120000000001,2.0881999999999996,0,6
CHEMBL367435,COc1ccc2c(c1)C(CCCN1CCN(c3ccccc3OC)CC1)=CCC2,228.0,2.28e-07,6.642065152999546,392.5430000000002,4.635800000000004,0,4
CHEMBL277302,COc1ccc2c(c1)C(CCCN1CCN(c3ccccn3)CC1)=CCC2,246.0,2.46e-07,6.609064892896621,363.5050000000001,4.022200000000003,0,4
CHEMBL143110,COc1ccc2c(c1)C(CCCN1CCN(c3ccccc3)CC1)=CCC2,173.0,1.73e-07,6.761953896871205,362.5170000000001,4.627200000000005,0,3
CHEMBL26929,COc1ccccc1N1CCN(CCCC2CCCc3c(OC)cccc32)CC1,59.9,5.99e-08,7.222573177610688,394.55900000000014,4.726100000000005,0,4
CHEMBL174083,COc1ccccc1N1CCN(CCCC2CCCc3ccsc32)CC1,9.7,9.7e-09,8.013228265733755,370.56200000000007,4.779000000000004,0,4
CHEMBL173190,COc1ccccc1N1CCN(CC/C=C2\CCCc3c(OC)cccc32)CC1,52.2,5.22e-08,7.282329496997738,392.5430000000002,4.635800000000004,0,4
CHEMBL288623,O=c1cc(-c2ccccc2)oc2ccc(OCCCCCCN3CCC(n4c(O)nc5ccccc54)CC3)cc12,369.0,3.6900000000000004e-07,6.432973633840939,537.6600000000003,6.791600000000007,1,7
CHEMBL289767,O=c1cc(-c2ccccc2Cl)oc2ccc(OCCCCCCN3CCC(O)CC3)cc12,47.0,4.7000000000000004e-08,7.327902142064283,455.9820000000004,5.509300000000007,1,5
CHEMBL286353,CN(C)CCCCCCCCOc1ccc2oc(-c3ccccc3)cc(=O)c2c1,227.0,2.27e-07,6.6439741428068775,393.5270000000001,5.741000000000006,0,4
CHEMBL37508,O=c1cc(-c2ccccc2)oc2ccc(OCCCCN3CCC(O)CC3)cc12,337.0,3.37e-07,6.4723700991286615,393.4830000000002,4.075700000000003,1,5
CHEMBL288933,O=c1cc(-c2ccccc2)oc2cc(OCCCCN3CCC(O)CC3)ccc12,33.0,3.3000000000000004e-08,7.481486060122112,393.4830000000001,4.075700000000004,1,5
CHEMBL340532,O=C(CCN1CC=C(c2ccc(Cl)cc2)CC1)c1ccc2c(c1)OCO2,281.0,2.8100000000000004e-07,6.55129368009492,369.8480000000001,4.430800000000004,0,4
CHEMBL38322,O=c1cc(-c2ccccc2)oc2ccc(OCCCCCCN3CCOCC3)cc12,713.0,7.13e-07,6.146910470148135,407.5100000000003,4.731400000000004,0,5
CHEMBL39445,O=c1cc(-c2ccccc2)oc2ccc(OCCCCCCN3CCC(O)CC3)cc12,100.0,1.0000000000000001e-07,7.0,421.53700000000026,4.8559000000000045,1,5
CHEMBL39941,O=c1cc(-c2ccccc2)oc2cc(OCCCCCN3CCC(O)CC3)ccc12,55.0,5.5e-08,7.259637310505756,407.51000000000016,4.465800000000004,1,5
CHEMBL291300,O=c1cc(-c2ccccc2)oc2c(OCCCCCCN3CCC(O)CC3)cccc12,36.0,3.6000000000000005e-08,7.443697499232712,421.5370000000002,4.8559000000000045,1,5
CHEMBL446358,O=C(CCN1CC=C(c2ccc(Cl)cc2)CC1)c1ccc(F)c(F)c1,235.0,2.3500000000000005e-07,6.628932137728263,361.819,4.980300000000003,0,2
CHEMBL6224,C1=C(c2ccccc2)CCNC1,1000.0,1.0000000000000002e-06,6.0,159.23199999999997,2.0633,1,1
CHEMBL38514,O=c1cc(-c2cccc(Cl)c2)oc2ccc(OCCCCCCN3CCC(O)CC3)cc12,156.0,1.5600000000000002e-07,6.806875401645538,455.9820000000004,5.509300000000007,1,5
CHEMBL39615,O=c1cc(-c2ccccc2)oc2ccc(OCCCCCCCCN3CCC(O)CC3)cc12,79.0,7.9e-08,7.102372908709558,449.59100000000035,5.636100000000006,1,5
CHEMBL287975,O=c1cc(C2CCCCC2)oc2ccc(OCCCCCCN3CCOCC3)cc12,239.0,2.39e-07,6.621602099051862,413.55800000000033,5.112100000000005,0,5
CHEMBL40676,O=c1cc(-c2ccccc2)oc2ccc(OCCCCCCN3CCCCC3)cc12,101.0,1.01e-07,6.995678626217358,405.5380000000003,5.885100000000006,0,4
CHEMBL412640,O=c1cc(C2CCCCC2)oc2ccc(OCCCCCCN3CCCCC3)cc12,55.0,5.5e-08,7.259637310505756,411.58600000000035,6.265800000000007,0,4
CHEMBL35714,O=c1cc(-c2ccccc2)oc2cc(OCCCCCCCCN3CCC(O)CC3)ccc12,22.0,2.2000000000000002e-08,7.657577319177793,449.5910000000003,5.636100000000006,1,5
CHEMBL126086,COc1ccc(C(=O)CCN2CC=C(c3ccc(Cl)cc3)CC2)cc1OC,495.0,4.95e-07,6.305394801066432,385.8910000000002,4.719300000000005,0,4
CHEMBL38897,CN(CCO)CCCCCCOc1ccc2oc(-c3ccccc3)cc(=O)c2c1,242.0,2.42e-07,6.616184634019569,395.4990000000001,4.323300000000003,1,5
CHEMBL39163,O=c1cc(-c2cccnc2)oc2ccc(OCCCCCCN3CCCCC3)cc12,119.0,1.1900000000000001e-07,6.924453038607469,406.5260000000003,5.2801000000000045,0,5
CHEMBL37468,O=c1cc(-c2ccccc2)oc2ccc(OCCCCCCN3CCNCC3c3ccccn3)cc12,235.0,2.3500000000000005e-07,6.628932137728263,483.61200000000025,5.440700000000005,1,6
CHEMBL37186,CN(C)CCCCCCCOc1ccc2oc(-c3ccccc3)cc(=O)c2c1,165.0,1.65e-07,6.782516055786093,379.50000000000006,5.3509000000000055,0,4
CHEMBL39713,O=c1cc(-c2ccccc2)oc2ccc(OCCCCCCC3CCNC(CCO)C3)cc12,16.0,1.6e-08,7.795880017344075,449.5910000000003,5.539900000000006,2,5
CHEMBL38983,CN(C)CCCOc1ccc2oc(-c3ccccc3)cc(=O)c2c1,408.0,4.08e-07,6.38933983691012,323.39200000000005,3.7905000000000024,0,4
CHEMBL36928,O=c1cc(-c2cccs2)oc2ccc(OCCCCCCN3CCC(O)CC3)cc12,119.0,1.1900000000000001e-07,6.924453038607469,427.5660000000003,4.917400000000005,1,6
CHEMBL35828,CN(C)CCCCCCCCCOc1ccc2oc(-c3ccccc3)cc(=O)c2c1,334.0,3.34e-07,6.476253533188435,407.5540000000001,6.131100000000007,0,4
CHEMBL38047,O=c1cc(-c2ccccc2)oc2ccc(OCCCCCN3CCC(O)CC3)cc12,210.0,2.1e-07,6.6777807052660805,407.5100000000002,4.465800000000003,1,5
CHEMBL39480,CC(C)Cc1cc(=O)c2cc(OCCCCCN3CCC(O)CC3)ccc2o1,139.0,1.3900000000000001e-07,6.856985199745905,387.52000000000015,3.9973000000000036,1,5
CHEMBL338181,O=C(CCN1CC=C(c2ccc(F)cc2)CC1)c1ccccc1,4.0,4e-09,8.397940008672037,309.38399999999996,4.187800000000003,0,2
CHEMBL38809,CN(CCCCCCOc1ccc2oc(-c3ccccc3)cc(=O)c2c1)Cc1ccccc1,52.0,5.2e-08,7.2839966563652,441.5710000000002,6.531200000000006,0,4
CHEMBL38023,COc1ccc(-c2cc(=O)c3cc(OCCCCCN4CCC(O)CC4)ccc3o2)cc1,493.0,4.93e-07,6.30715308072277,437.5360000000002,4.474400000000005,1,6
CHEMBL126437,O=C(CCN1CC=C(c2ccc(F)cc2)CC1)c1ccc(F)cc1,23.0,2.3e-08,7.638272163982407,327.37399999999997,4.326900000000004,0,2
CHEMBL38392,CN(C)CCCCCOc1ccc2oc(-c3ccccc3)cc(=O)c2c1,529.0,5.29e-07,6.276544327964814,351.4460000000001,4.570700000000004,0,4
CHEMBL434593,O=c1cc(-c2ccccc2)oc2cccc(OCCCCCCN3CCC(O)CC3)c12,116.0,1.16e-07,6.935542010773082,421.5370000000003,4.855900000000005,1,5
CHEMBL36966,CN(C)CCCCCCCCCCOc1ccc2oc(-c3ccccc3)cc(=O)c2c1,297.0,2.97e-07,6.527243550682788,421.58100000000013,6.521200000000007,0,4
CHEMBL432859,O=c1cc(-c2ccccc2)oc2ccc(OCCCCCCN3CCCCCC3)cc12,24.0,2.4000000000000003e-08,7.619788758288394,419.56500000000034,6.275200000000006,0,4
CHEMBL418239,CN(C)CCOc1ccc2oc(-c3ccccc3)cc(=O)c2c1,590.0,5.900000000000001e-07,6.229147988357855,309.36500000000007,3.400400000000002,0,4
CHEMBL39638,O=c1cc(-c2ccccc2)oc2ccc(OCCCCCCCN3CCC(O)CC3)cc12,142.0,1.42e-07,6.847711655616943,435.5640000000003,5.246000000000005,1,5
CHEMBL37138,O=c1cc(-c2ccccc2Cl)oc2ccc(OCCCCCCN3CCCCC3)cc12,60.0,6.000000000000002e-08,7.221848749616356,439.98300000000046,6.538500000000006,0,4
CHEMBL130526,CCN(CC)CCC(=O)c1ccccc1,1250.0,1.25e-06,5.903089986991944,205.30100000000002,2.6012000000000004,0,2
CHEMBL37470,COc1c(-c2ccccc2)oc2ccc(OCCCCCCN3CCC(O)CC3)cc2c1=O,93.0,9.300000000000001e-08,7.031517051446065,451.56300000000033,4.864500000000005,1,6
CHEMBL340401,O=C(CCN1CCC(c2ccccc2)CC1)c1ccccc1,7.0,7.0000000000000015e-09,8.154901959985743,293.41,4.139000000000004,0,2
CHEMBL36491,O=c1cc(-c2cccs2)oc2ccc(OCCCCCCN3CCCCC3)cc12,72.0,7.200000000000001e-08,7.142667503568731,411.56700000000035,5.946600000000005,0,5
CHEMBL129521,O=C(CCN1CC=C(c2ccc(Cl)cc2)CC1)c1ccc(Cl)cc1,158.0,1.58e-07,6.801342913045577,360.284,5.355500000000005,0,2
CHEMBL125913,O=C(CCN1CC=C(c2ccc(F)cc2)CC1)c1ccc(Cl)cc1,25.0,2.5e-08,7.602059991327962,343.82899999999995,4.841200000000004,0,2
CHEMBL39053,O=C1NCN(c2ccccc2)C12CCN(CCCCCCOc1ccc3oc(-c4ccccc4)cc(=O)c3c1)CC2,1200.0,1.2000000000000002e-06,5.920818753952375,551.6870000000002,5.827700000000006,1,6
CHEMBL40113,Cc1c(C2CCCCC2)oc2ccc(OCCCCCCN3CCC(O)CC3)cc2c1=O,84.0,8.400000000000001e-08,7.075720713938118,441.61200000000036,5.545020000000006,1,5
CHEMBL126684,O=C(CCN1CC=C(c2ccc(F)cc2)CC1)c1ccc(Br)cc1,66.0,6.600000000000002e-08,7.180456064458132,388.28,4.950300000000004,0,2
CHEMBL38565,O=c1cc(-c2ccc(F)cc2)oc2ccc(OCCCCCCN3CCC(O)CC3)cc12,95.0,9.5e-08,7.022276394711152,439.5270000000004,4.995000000000005,1,5
CHEMBL38952,O=c1cc(-c2ccccc2)oc2cc(OCCCCCCCN3CCC(O)CC3)ccc12,16.0,1.6e-08,7.795880017344075,435.56400000000025,5.246000000000006,1,5
CHEMBL101664,Clc1ccc(C2=CCNCC2)cc1,50.0,5e-08,7.301029995663981,193.67699999999996,2.7167000000000003,1,1
CHEMBL38264,O=c1cc(-c2ccccc2)oc2ccc(OCCCN3CCC(O)CC3)cc12,130.0,1.3e-07,6.886056647693163,379.45600000000013,3.6856000000000027,1,5
CHEMBL40278,O=c1cc(-c2ccccc2)oc2ccc(OCCCCCCN3CCCC(O)C3)cc12,86.0,8.6e-08,7.0655015487564325,421.53700000000026,4.8559000000000045,1,5
CHEMBL39584,O=c1cc(-c2ccccc2)oc2ccc(OCCCCCCN3CCNCC3c3ncccn3)cc12,1630.0,1.63e-06,5.787812395596042,484.60000000000025,4.835700000000004,1,7
CHEMBL288466,O=c1cc(C2CCCC2)oc2ccc(OCCCCCCN3CCCCC3)cc12,26.0,2.6e-08,7.585026652029182,397.5590000000003,5.875700000000006,0,4
CHEMBL127067,O=C(CCN1CC=C(c2ccc(Cl)cc2)CC1)c1ccc(Br)cc1,100.0,1.0000000000000001e-07,7.0,404.735,5.464600000000004,0,2
CHEMBL412429,O=c1cc(-c2ccccc2)oc2cccc(OCCCCCN3CCC(O)CC3)c12,54.0,5.4e-08,7.267606240177032,407.5100000000003,4.465800000000003,1,5
CHEMBL289924,O=c1cc(-c2ccncc2)oc2ccc(OCCCCCCN3CCC(O)CC3)cc12,159.0,1.59e-07,6.798602875679548,422.52500000000026,4.250900000000003,1,6
CHEMBL40115,O=c1cc(C2CCC2)oc2ccc(OCCCCCCN3CCC(O)CC3)cc12,61.0,6.1e-08,7.214670164989233,399.53100000000023,4.456400000000004,1,5
CHEMBL38585,CN(C)CCCCCCOc1ccc2oc(-c3ccccc3)cc(=O)c2c1,432.0,4.32e-07,6.364516253185088,365.47300000000007,4.960800000000004,0,4
CHEMBL420344,O=C(CCN1CC=C(c2ccc(Cl)cc2)CC1)c1ccc(F)cc1,500.0,5.000000000000001e-07,6.301029995663981,343.829,4.841200000000004,0,2
CHEMBL39202,O=c1cc(-c2ccc(Cl)cc2)oc2ccc(OCCCCCCN3CCC(O)CC3)cc12,195.0,1.95e-07,6.709965388637482,455.9820000000005,5.509300000000006,1,5
CHEMBL37256,O=c1cc(C2CCC2)oc2ccc(OCCCCCCN3CCCCC3)cc12,51.0,5.1e-08,7.292429823902063,383.53200000000027,5.485600000000006,0,4
CHEMBL39809,O=c1cc(-c2ccccc2)oc2cc(OCCCCCCN3CCC(O)CC3)ccc12,45.0,4.5000000000000006e-08,7.346787486224656,421.5370000000002,4.855900000000005,1,5
CHEMBL37088,CN(C)CCOc1ccc2c(=O)cc(-c3ccccc3)oc2c1,605.0,6.05e-07,6.218244625347531,309.365,3.400400000000002,0,4
CHEMBL38708,CCOC(=O)C1CCN(CCCCCCOc2ccc3oc(-c4ccccc4)cc(=O)c3c2)CC1,164.0,1.64e-07,6.785156151952302,477.60100000000017,5.674300000000006,0,6
CHEMBL288148,COc1ccc(-c2cc(=O)c3cc(OCCCCCCN4CCC(O)CC4)ccc3o2)cc1,254.0,2.54e-07,6.5951662833800615,451.5630000000002,4.864500000000005,1,6
CHEMBL440606,Cc1c(-c2ccccc2)oc2ccc(OCCC/C=C/CN3CCC(O)CC3)cc2c1=O,99.0,9.9e-08,7.00436480540245,433.54800000000023,4.940320000000006,1,5
CHEMBL40897,O=c1cc(-c2ccccc2)oc2ccc(OCCCCCCN3CCCC3)cc12,84.0,8.400000000000001e-08,7.075720713938118,391.51100000000025,5.495000000000005,0,4
CHEMBL290612,O=c1cc(-c2ccncc2)oc2ccc(OCCCCCCN3CCCCC3)cc12,67.0,6.7e-08,7.173925197299173,406.5260000000003,5.2801000000000045,0,5
CHEMBL40016,O=c1cc(-c2ccccc2)oc2cccc(OCCCCN3CCC(O)CC3)c12,58.0,5.8e-08,7.236572006437063,393.48300000000023,4.075700000000003,1,5
CHEMBL39001,O=c1cc(-c2ccccc2)oc2ccc(OCCCCCCN3CC=C(c4ccc(Cl)cc4)CC3)cc12,49.0,4.9e-08,7.309803919971486,514.0650000000003,7.841900000000007,0,4
CHEMBL130357,O=C(CCN1CC=C(c2ccccc2)CC1)c1ccccc1,8.0,8e-09,8.096910013008056,291.394,4.048700000000003,0,2
CHEMBL39233,COc1cccc(-c2cc(=O)c3cc(OCCCCCCN4CCC(O)CC4)ccc3o2)c1,76.0,7.6e-08,7.119186407719209,451.5630000000003,4.864500000000005,1,6
CHEMBL37149,O=c1cc(C2CCCCC2)oc2ccc(OCCCCCN3CCC(O)CC3)cc12,217.0,2.1700000000000002e-07,6.66354026615147,413.5580000000003,4.846500000000006,1,5
CHEMBL126738,CCCN(CCC)CCC(=O)c1ccccc1,1250.0,1.25e-06,5.903089986991944,233.355,3.381400000000002,0,2
CHEMBL38896,CCOC(=O)C1CCCN(CCCCCCOc2ccc3oc(-c4ccccc4)cc(=O)c3c2)C1,155.0,1.55e-07,6.809668301829708,477.60100000000017,5.674300000000006,0,6
CHEMBL38460,O=c1cc(-c2cccc(F)c2)oc2ccc(OCCCCCCN3CCC(O)CC3)cc12,129.0,1.29e-07,6.889410289700751,439.5270000000004,4.995000000000005,1,5
CHEMBL36675,NCCCCCCOc1ccc2oc(-c3ccccc3)cc(=O)c2c1,2100.0,2.1e-06,5.6777807052660805,337.4190000000001,4.357900000000003,1,4
CHEMBL38862,Cc1c(-c2ccccc2)oc2ccc(OCCCCCCN3CCC(O)CC3)cc2c1=O,36.0,3.6000000000000005e-08,7.443697499232712,435.56400000000025,5.164320000000006,1,5
CHEMBL39583,O=c1cc(C2CCCCC2)oc2ccc(OCCCCCCN3CCC(O)CC3)cc12,88.0,8.800000000000002e-08,7.055517327849832,427.5850000000003,5.236600000000006,1,5
CHEMBL129452,O=C(CCN1CC=C(c2ccc(Cl)cc2)CC1)c1ccccc1,0.5,5e-10,9.30102999566398,325.839,4.702100000000004,0,2
CHEMBL289896,O=c1cc(-c2ccccc2)oc2ccc(OCCCCCCN3CCC(O)(c4ccc(Cl)cc4)CC3)cc12,109.0,1.0900000000000001e-07,6.962573502059376,532.0800000000003,7.036200000000007,1,5
CHEMBL435211,O=C(CCN1CC=C(c2ccc(Cl)cc2)CC1)c1ccccc1F,400.0,4.0000000000000003e-07,6.3979400086720375,343.829,4.841200000000003,0,2
CHEMBL340541,O=C(CCN1CC=C(c2ccc(Cl)cc2)CC1)c1ccc(Cl)c(Cl)c1,158.0,1.58e-07,6.801342913045577,394.72900000000004,6.008900000000004,0,2
CHEMBL38323,CCN(CC)CCCCCCOc1ccc2oc(-c3ccccc3)cc(=O)c2c1,91.0,9.100000000000001e-08,7.040958607678906,393.5270000000001,5.741000000000006,0,4
CHEMBL38547,O=c1cc(-c2ccccc2)oc2ccc(OCCCCCCN3CCN(c4ccc(Cl)cc4)CC3)cc12,80.0,8e-08,7.096910013008056,517.0690000000003,6.874800000000007,0,5
CHEMBL289702,CC1CCN(CCCCCCOc2ccc3oc(-c4ccccc4)cc(=O)c3c2)CC1,25.0,2.5e-08,7.602059991327962,419.56500000000017,6.131100000000007,0,4
CHEMBL129695,O=C(CCN1CC=C(c2ccc(Cl)cc2)CC1)c1ccccc1Cl,105.0,1.05e-07,6.978810700930062,360.284,5.355500000000004,0,2
CHEMBL38665,O=c1cc(-c2ccccc2)oc2cccc(OCCCN3CCC(O)CC3)c12,125.0,1.2500000000000002e-07,6.903089986991944,379.4560000000002,3.6856000000000027,1,5
CHEMBL37150,O=c1cc(C2CCCC2)oc2ccc(OCCCCCCN3CCC(O)CC3)cc12,51.0,5.1e-08,7.292429823902063,413.5580000000003,4.846500000000006,1,5
CHEMBL50115,CN(C)CCC(=O)c1ccccc1,5000.0,5e-06,5.301029995663981,177.247,1.821,0,2
CHEMBL291132,O=c1cc(-c2ccccc2)oc2ccc(OCCCCCCN3CCNC(CCO)C3)cc12,63.0,6.300000000000002e-08,7.200659450546418,450.5790000000003,4.055400000000002,2,6
CHEMBL37410,COc1cccc(-c2cc(=O)c3cc(OCCCCCN4CCC(O)CC4)ccc3o2)c1,320.0,3.2e-07,6.494850021680094,437.53600000000023,4.474400000000004,1,6
CHEMBL39203,O=c1cc(-c2cccnc2)oc2ccc(OCCCCCCN3CCC(O)CC3)cc12,194.0,1.9400000000000002e-07,6.7121982700697735,422.52500000000026,4.250900000000003,1,6
CHEMBL38294,O=c1cc(-c2ccccc2)oc2cccc(OCCCCCCCN3CCC(O)CC3)c12,36.0,3.6000000000000005e-08,7.443697499232712,435.56400000000036,5.246000000000006,1,5
CHEMBL287894,CN(C)CCCCOc1ccc2oc(-c3ccccc3)cc(=O)c2c1,720.0,7.200000000000001e-07,6.142667503568731,337.4190000000001,4.180600000000003,0,4
CHEMBL412674,Cc1ccccc1NC(=N)N(C)c1ccccc1C,6280.0,6.28e-06,5.202040356262804,253.34900000000002,3.7865100000000025,2,1
CHEMBL314423,CCc1cccc(NC(=N)N2CCc3ccccc32)c1,341.0,3.41e-07,6.467245621007502,265.35999999999996,3.6583700000000015,2,1
CHEMBL79437,CCCc1cccc(NC(=N)Nc2cccc(CCC)c2)c1,42.0,4.2000000000000006e-08,7.376750709602099,295.43,5.050370000000004,3,1
CHEMBL78083,CCc1ccc(NC(=N)Nc2ccc(CC)cc2)cc1,245.0,2.4500000000000004e-07,6.610833915635467,267.376,4.270170000000002,3,1
CHEMBL78306,N=C(Nc1cccc2c1CCCC2)Nc1cccc2c1CCCC2,59.0,5.900000000000001e-08,7.229147988357855,319.4520000000001,4.902970000000004,3,1
CHEMBL315051,N=C(Nc1cccc2c1CCC2)Nc1cccc2c1CCC2,29.0,2.9e-08,7.5376020021010435,291.3980000000001,4.122770000000003,3,1
CHEMBL81626,CC(C)c1ccc(NC(=N)Nc2ccc(C(C)C)cc2)cc1,242.0,2.42e-07,6.616184634019569,295.43,5.392170000000004,3,1
CHEMBL77675,N=C(Nc1ccccc1)Nc1ccccc1,397.0,3.97e-07,6.401209493236885,211.268,3.1453700000000007,3,1
CHEMBL88161,CN(C(=N)N(C)c1cccc2ccccc12)c1cccc2ccccc12,10700.0,1.07e-05,4.97061622231479,339.44200000000006,5.500370000000005,1,1
CHEMBL78411,CC(C)(C)c1ccccc1NC(=N)Nc1ccccc1C(C)(C)C,356.0,3.56e-07,6.448550002027125,323.48400000000015,5.740370000000005,3,1
CHEMBL78777,CCc1cccc(NC(=N)Nc2cccc(CC)c2)c1,8.0,8e-09,8.096910013008056,267.376,4.270170000000002,3,1
CHEMBL90809,CCN(C(=N)Nc1cccc2ccccc12)c1cccc2ccccc12,6130.0,6.130000000000001e-06,5.212539525481585,339.44200000000006,5.866170000000004,2,1
CHEMBL92484,CCc1cccc(N(C)C(=N)Nc2cccc3ccccc23)c1,2540.0,2.54e-06,5.5951662833800615,303.40900000000005,4.885270000000004,2,1
CHEMBL431214,N=C(Nc1cccc2ccccc12)N1CCC(c2ccccc2)CC1,343.0,3.430000000000001e-07,6.464705879957229,329.44700000000006,5.066070000000004,2,1
CHEMBL280243,CC(C)c1ccccc1NC(=N)Nc1ccccc1C(C)C,88.0,8.800000000000002e-08,7.055517327849832,295.43000000000006,5.392170000000004,3,1
CHEMBL88639,CN(C(=N)Nc1cccc(N)c1)c1cccc2ccccc12,13000.0,1.3e-05,4.886056647693163,290.37,3.905070000000002,3,2
CHEMBL91791,N=C(Nc1ccc2ccccc2c1)Nc1ccc2ccccc2c1,92.0,9.2e-08,7.036212172654444,311.38800000000003,5.451770000000003,3,1
CHEMBL309603,Cc1cccc(NC(=N)Nc2cccc(C)c2)c1,43.0,4.3e-08,7.366531544420414,239.32200000000003,3.7622100000000014,3,1
CHEMBL88146,CCc1cccc(N(C)C(=N)N(CC)c2cccc3ccccc23)c1,2290.0,2.29e-06,5.640164517660112,331.463,5.299670000000004,1,1
CHEMBL328986,CCc1cccc(NC(=N)N(C)c2cccc3ccccc23)c1,1000.0,1.0000000000000002e-06,6.0,303.40900000000005,4.885270000000004,2,1
CHEMBL91713,CCc1cccc(NC(=N)Nc2cccc3ccccc23)c1,54.0,5.4e-08,7.267606240177032,289.38200000000006,4.860970000000003,3,1
CHEMBL421364,CN(C(=N)Nc1cccc2ccccc12)c1cccc([N+](=O)[O-])c1,6260.0,6.26e-06,5.20342566678957,320.3520000000001,4.2310700000000026,2,3
CHEMBL90643,CN(C(=N)Nc1cccc2ccccc12)c1ccccc1,2900.0,2.9e-06,5.537602002101044,275.355,4.322870000000003,2,1
CHEMBL330551,Cc1cccc(NC(=N)N(C)c2cccc(C)c2)c1,247.0,2.470000000000001e-07,6.607303046740334,253.34900000000002,3.7865100000000025,2,1
CHEMBL81594,N=C(Nc1ccccc1-c1ccccc1)Nc1ccccc1-c1ccccc1,8110.0,8.11e-06,5.090979145788844,363.4640000000001,6.479370000000005,3,1
CHEMBL310729,COc1ccccc1NC(=N)Nc1ccccc1OC,1990.0,1.99e-06,5.701146923590294,271.32000000000005,3.1625700000000014,3,3
CHEMBL314710,N=C(Nc1cccc2ccccc12)N1CCCCCC1,1410.0,1.41e-06,5.85078088734462,267.376,4.062470000000003,2,1
CHEMBL81070,N=C(Nc1ccc(Br)cc1)Nc1ccc(Br)cc1,33.0,3.3000000000000004e-08,7.481486060122112,369.06000000000006,4.670370000000001,3,1
CHEMBL79509,N=C(Nc1cccc2ccccc12)Nc1cccc2ccccc12,165.0,1.65e-07,6.782516055786093,311.38800000000003,5.4517700000000024,3,1
CHEMBL91946,CN(C(=N)Nc1cccc2ccccc12)c1cccc(N)c1,2700.0,2.7e-06,5.568636235841013,290.37000000000006,3.905070000000002,3,2
CHEMBL91145,N=C(Nc1cccc2ccccc12)N1CCCCC1,1070.0,1.07e-06,5.97061622231479,253.34899999999993,3.6723700000000026,2,1
CHEMBL129768,O[C@H](CCCN1CCN(c2ncc(F)cn2)CC1)c1ccc(F)cc1,28.0,2.8000000000000006e-08,7.552841968657781,348.39700000000005,2.390600000000001,1,5
CHEMBL310170,CCc1ccccc1NC(=N)Nc1ccccc1CC,14.0,1.4e-08,7.853871964321762,267.37600000000003,4.270170000000002,3,1
CHEMBL91222,COc1cccc(NC(=N)Nc2cccc(OC)c2)c1,351.0,3.51e-07,6.454692883534176,271.32,3.1625700000000014,3,3
CHEMBL92095,CN(C(=N)Nc1cccc2cc3ccccc3cc12)c1cccc2ccccc12,2100.0,2.1e-06,5.6777807052660805,375.4750000000001,6.629270000000004,2,1
CHEMBL430455,N=C(Nc1cccc2ccccc12)NC1Cc2ccccc2C1,240.0,2.400000000000001e-07,6.619788758288394,301.3930000000001,3.9434700000000023,3,1
CHEMBL441453,N=C(N1CCc2ccccc21)N1CCc2ccccc21,7180.0,7.180000000000001e-06,5.1438755557577,263.344,3.0465700000000018,1,1
CHEMBL90975,N=C(NCc1ccccc1)Nc1cccc2ccccc12,140.0,1.4e-07,6.853871964321762,275.355,3.976270000000002,3,1
CHEMBL90288,CN(C(=N)N(c1ccccc1)c1cccc2ccccc12)c1cccc2ccccc12,11000.0,1.1e-05,4.958607314841775,401.51300000000015,7.202270000000005,1,1
CHEMBL312600,N=C(Nc1ccccc1I)Nc1ccccc1I,13.0,1.3e-08,7.886056647693163,463.06,4.354570000000001,3,1
CHEMBL265549,CN(C(=N)Nc1cccc([N+](=O)[O-])c1)c1cccc2ccccc12,2640.0,2.64e-06,5.578396073130169,320.35200000000003,4.2310700000000026,2,3
CHEMBL90508,N=C(Nc1ccccc1I)Nc1cccc2ccccc12,40.0,4e-08,7.397940008672037,387.22400000000005,4.903170000000002,3,1
CHEMBL420245,CCc1cccc(N(CC)C(=N)Nc2cccc3ccccc23)c1,2190.0,2.19e-06,5.6595558851598815,317.43600000000004,5.275370000000004,2,1
CHEMBL420979,Cc1cccc(N(C)C(=N)Nc2cccc3ccccc23)c1,1860.0,1.86e-06,5.730487055782084,289.38200000000006,4.6312900000000035,2,1
CHEMBL81678,N=C(Nc1cccc(I)c1)Nc1cccc(I)c1,125.0,1.2500000000000002e-07,6.903089986991944,463.06,4.354570000000002,3,1
CHEMBL90326,CN(C(=N)Nc1cccc2ccccc12)c1cccc(N=[N+]=[N-])c1,3020.0,3.0200000000000003e-06,5.519993057042849,316.36800000000005,5.264670000000002,2,2
CHEMBL91828,CC(C)c1ccccc1/N=C(\N)N(C)c1cccc2ccccc12,7250.0,7.25e-06,5.139661993429006,317.436,5.045800000000004,1,1
CHEMBL88660,CCc1cccc(NC(=N)N2CCC(c3ccccc3)CC2)c1,60.0,6.000000000000002e-08,7.221848749616356,307.4410000000001,4.475270000000003,2,1
CHEMBL314379,CCN(C(=N)N(C)c1cccc2ccccc12)c1cccc2ccccc12,8480.0,8.48e-06,5.071604147743286,353.4690000000001,5.890470000000005,1,1
CHEMBL89344,CC(C)c1ccccc1/N=C(\N)Nc1cccc2ccccc12,91.0,9.100000000000001e-08,7.040958607678906,303.409,5.021500000000003,2,1
CHEMBL329623,N=C(N1CCCc2ccccc21)N1CCCc2ccccc21,1370.0,1.37e-06,5.863279432843593,291.39799999999997,3.8267700000000033,1,1
CHEMBL313649,N=C(Nc1cccc2ccccc12)N(c1ccccc1)c1cccc2ccccc12,7930.0,7.93e-06,5.100726812682396,387.4860000000001,7.177970000000005,2,1
CHEMBL431462,CN(C(=N)Nc1cccc(N=[N+]=[N-])c1)c1cccc2ccccc12,2740.0,2.74e-06,5.562249437179612,316.36800000000005,5.264670000000003,2,2
CHEMBL89811,CCc1cccc(N(C)C(=N)N(C)c2cccc3ccccc23)c1,1210.0,1.21e-06,5.91721462968355,317.43600000000004,4.909570000000004,1,1
CHEMBL88932,Cc1cccc(NC(=N)Nc2cccc3ccccc23)c1,75.0,7.500000000000001e-08,7.1249387366083,275.3550000000001,4.606990000000002,3,1
CHEMBL82078,CC(C)c1cccc(NC(=N)Nc2cccc(C(C)C)c2)c1,96.0,9.600000000000001e-08,7.017728766960431,295.43,5.392170000000004,3,1
CHEMBL81602,Cc1ccc(NC(=N)Nc2ccc(C)cc2)cc1,535.0,5.350000000000001e-07,6.271646217978772,239.32200000000003,3.7622100000000014,3,1
CHEMBL91628,CCc1cccc(NC(=N)N(C)c2cccc(CC)c2)c1,82.0,8.2e-08,7.086186147616283,281.40299999999996,4.294470000000003,2,1
CHEMBL88465,CN(C(=N)Nc1cccc2ccccc12)c1cccc2ccccc12,4800.0,4.800000000000001e-06,5.318758762624412,325.4150000000001,5.4760700000000035,2,1
CHEMBL82246,N=C(Nc1ccccc1-c1ccccc1)Nc1cccc2ccccc12,935.0,9.35e-07,6.029188389127482,337.4260000000001,5.965570000000003,3,1
CHEMBL539782,Br.N=C(NCc1ccccc1)NCc1ccccc1,90.0,9.000000000000001e-08,7.045757490560675,320.23400000000004,3.0786700000000016,3,1
CHEMBL543596,Cc1ccccc1/N=C(/N)Nc1ccc(N)cc1C.Cl,280.0,2.8e-07,6.552841968657781,290.79799999999994,3.365740000000001,3,2
CHEMBL82247,Cc1ccccc1/N=C(/N)Nc1ccccc1/C=C/c1ccccc1,920.0,9.2e-07,6.036212172654444,327.43100000000004,5.223720000000004,2,1
CHEMBL536782,Cc1ccccc1/N=C(/N)Nc1cccc(O)c1.Cl,207.0,2.0700000000000001e-07,6.684029654543083,277.755,3.1807200000000013,3,2
CHEMBL82144,N=C1N(c2ccccc2)CCN1c1ccccc1,340.0,3.400000000000001e-07,6.468521082957745,237.30599999999995,2.9479700000000015,1,1
CHEMBL310003,N=C(Nc1ccccc1I)NC1CC2CCC1C2,5.0,5e-09,8.301029995663981,355.2230000000001,3.416070000000002,3,1
CHEMBL543120,CCCCCCCCN=C(NC1CCCCC1)NC1CCCCC1.Cl,238.0,2.3800000000000001e-07,6.623423042943488,372.0410000000002,5.969300000000007,2,1
CHEMBL81735,Cc1ccccc1/N=C(/N)Nc1ccccc1[N+](=O)[O-],113.0,1.13e-07,6.94692155651658,270.29200000000003,2.961520000000001,2,3
CHEMBL543121,CN=C(NC1CCCCC1)NC1CCCCC1.Cl,237.0,2.3700000000000002e-07,6.6252516539898965,273.8519999999999,3.238600000000002,2,1
CHEMBL553074,CC12CC3CC(C)(C1)CC(/N=C(\N)Nc1ccccc1I)(C3)C2.Cl,16.0,1.6e-08,7.795880017344075,459.80300000000017,5.1886000000000045,2,1
CHEMBL545007,Cl.N=C(NC1C[C@H]1c1ccccc1)NC12CC3CC(CC(C3)C1)C2,120.0,1.2000000000000004e-07,6.920818753952375,345.91800000000023,4.047070000000003,3,1
CHEMBL79145,ON=C(NC1CCCCC1)NC1CCCCC1,271.0,2.710000000000001e-07,6.567030709125595,239.36299999999994,2.576200000000001,3,2
CHEMBL78488,N/C(=N\C12CC3CC(CC(C3)C1)C2)Nc1ccccc1[N+](=O)[O-],30.0,3.0000000000000004e-08,7.522878745280337,314.38900000000007,3.2902000000000013,2,3
CHEMBL553817,CC1(C)C2CCC1(C)C(/N=C(\N)Nc1ccccc1I)C2.Cl,18.0,1.8000000000000002e-08,7.744727494896693,433.76500000000004,4.654400000000004,2,1
CHEMBL79164,Cc1ccccc1/N=C(\N)NC1CCCCC1,12.0,1.2000000000000002e-08,7.920818753952375,231.34299999999993,2.863520000000001,2,1
CHEMBL81824,Cc1ccccc1/N=C(/N)Nc1ccc([N+](=O)[O-])cc1C,37.0,3.7e-08,7.431798275933005,284.319,3.269940000000001,2,3
CHEMBL312588,Cc1cc([N+](=O)[O-])ccc1/N=C(/N)Nc1cccc(O)c1,118.0,1.1800000000000001e-07,6.928117992693875,286.29100000000005,2.6671199999999997,3,4
CHEMBL81539,N=C(Nc1ccccc1C(F)(F)F)Nc1ccccc1C(F)(F)F,215.0,2.15e-07,6.667561540084395,347.262,5.182970000000001,3,1
CHEMBL543355,Cl.N=C(Nc1ccccc1CCc1ccccc1)NC12CC3CC(CC(C3)C1)C2,112.0,1.1200000000000001e-07,6.950781977329818,410.0050000000003,5.798670000000005,3,1
CHEMBL553535,Cl.N=C(NC12CC3CC(CC(C3)C1)C2)NC12CC3CC(CC(C3)C1)C2,16.0,1.6e-08,7.795880017344075,363.97700000000015,4.459770000000004,3,1
CHEMBL539360,Cl.N=C(Nc1ccccc1/C=C/c1ccccc1)NC12CC3CC(CC(C3)C1)C2,345.0,3.450000000000001e-07,6.462180904926726,407.9890000000003,6.183870000000006,3,1
CHEMBL314469,NC1=Nc2ccccc2CN1c1ccccc1,4100.0,4.1000000000000006e-06,5.3872161432802645,223.27899999999997,2.6530000000000014,1,3
CHEMBL312806,C1CCC(NC(=NC2CC2)NC2CCCCC2)CC1,513.0,5.13e-07,6.289882634888183,263.429,3.349400000000002,2,1
CHEMBL79665,Cc1ccccc1/N=C(\N)NC1CC2CCC1(C)C2(C)C,25.0,2.5e-08,7.602059991327962,285.435,3.7456200000000033,2,1
CHEMBL543123,Br.NC1=NCCN1c1ccccc1,3500.0,3.5000000000000004e-06,5.455931955649724,242.12,1.3992000000000002,1,3
CHEMBL543602,Cl.N=C(Nc1ccccc1/C=C/c1ccccc1)NC1C2CC3CC(C2)CC1C3,370.0,3.7e-07,6.431798275933005,407.98900000000026,6.039770000000006,3,1
CHEMBL545011,Cl.N=C(NC1CC2CCC1C2)NC1CC2CCC1C2,16.0,1.6e-08,7.795880017344075,283.84700000000004,2.899370000000001,3,1
CHEMBL311074,NC1=Nc2cccc3cccc(c23)N1,10000.0,1e-05,5.0,183.21399999999997,2.2115,2,3
CHEMBL553896,Cl.N=C(Nc1ccccc1I)NC12CC3CC(CC(C3)C1)C2,6.0,6.000000000000001e-09,8.221848749616356,431.7490000000003,4.618070000000003,3,1
CHEMBL540291,Cc1ccccc1/N=C(\N)NC12CC3CC(C)(CC(C)(C3)C1)C2.Cl,15.0,1.5000000000000002e-08,7.823908740944319,347.934,4.701620000000005,2,1
CHEMBL79616,N=C(N)N(c1ccccc1)c1ccccc1,100000.0,0.0001,4.0,211.268,2.7181700000000006,2,1
CHEMBL554972,Br.N=C(NC1CC2CCC1C2)NC1CC2CCC1C2,22.0,2.2000000000000002e-08,7.657577319177793,328.2980000000002,3.0554700000000015,3,1
CHEMBL81773,Cc1ccccc1/N=C(\N)NC1CC2CCC1C2,7.7,7.700000000000001e-09,8.113509274827518,243.35399999999996,2.7194200000000013,2,1
CHEMBL81867,N=C(NC1CCCCC1)NC1CCCCC1,71.0,7.1e-08,7.1487416512809245,223.36399999999998,2.7657700000000007,3,1
CHEMBL79186,Cc1ccccc1/N=C(/N)Nc1ccccc1I,21.0,2.1000000000000003e-08,7.67778070526608,351.19100000000003,3.6579200000000016,2,1
CHEMBL81835,Cc1ccccc1/N=C(\N)NC12CC3CC(CC(C3)C1)C2,8.0,8e-09,8.096910013008056,283.41900000000004,3.499620000000003,2,1
CHEMBL545471,Br.CNC(=N)NC,100000.0,0.0001,4.0,168.038,-0.062130000000000185,3,1
CHEMBL78637,Cc1ccccc1/N=C(/N)Nc1c(C)cccc1C,70.0,7e-08,7.154901959985743,253.349,3.670160000000002,2,1
CHEMBL78585,Cc1ccccc1/N=C(/N)Nc1ccccc1N,463.0,4.63e-07,6.334419008982047,240.31,2.6355200000000005,3,2
CHEMBL543597,Cl.N=C(NC1CCCCC1)NC12CC3CC(CC(C3)C1)C2,13.0,1.3e-08,7.886056647693163,311.9010000000001,3.8236700000000026,3,1
CHEMBL78356,Cc1cc(N)ccc1/N=C(/N)Nc1cccc(O)c1,962.0,9.62e-07,6.016824927962187,256.309,2.34112,4,3
CHEMBL79165,Cc1cc(N)ccc1NC(=N)Nc1ccc(N)cc1C,7150.0,7.15e-06,5.145693958198919,269.35200000000003,2.92661,5,3
CHEMBL78928,N=C(Nc1ccccc1I)Nc1ccccc1/C=C/c1ccccc1,1200.0,1.2000000000000002e-06,5.920818753952375,439.30000000000007,5.920370000000004,3,1
CHEMBL553536,CC(=O)[C@H]1CCC2C3CC=C4CC(/N=C(\N)Nc5ccccc5C)CC[C@]4(C)C3CC[C@@]21C.Cl,250.0,2.5000000000000004e-07,6.6020599913279625,484.1280000000003,6.680020000000008,2,2
CHEMBL81461,Cc1ccccc1/N=C(\N)NC1C2CC3CC(C2)CC1C3,6.0,6.000000000000001e-09,8.221848749616356,283.41900000000004,3.355520000000002,2,1
CHEMBL543839,Cl.N=C(NC1C2CC3CC(C2)CC1C3)NC1C2CC3CC(C2)CC1C3,203.0,2.03e-07,6.692503962086787,363.9770000000002,4.1715700000000036,3,1
CHEMBL557002,CC12CC3CC(C)(C1)CC(/N=C(\N)Nc1ccccc1/C=C/c1ccccc1)(C3)C2.Cl,970.0,9.7e-07,6.013228265733755,436.0430000000002,6.754400000000007,2,1
CHEMBL556021,CC(C)(C)/N=C(\N)Nc1ccccc1I.Cl,21.1,2.1100000000000004e-08,7.675717544702307,353.63500000000005,3.2381000000000015,2,1
CHEMBL541828,Cc1cc([N+](=O)[O-])ccc1NC(=N)Nc1ccc([N+](=O)[O-])cc1C.Cl,760.0,7.6e-07,6.119186407719209,365.7770000000001,4.000410000000002,3,5
CHEMBL79436,Cc1cc(Br)ccc1NC(=N)Nc1ccc(Br)cc1C,37.0,3.7e-08,7.431798275933005,397.11400000000015,5.287210000000002,3,1
CHEMBL310668,NC1=Nc2ccccc2-c2ccccc2N1,10000.0,1e-05,5.0,209.25199999999998,2.7253000000000007,2,3
CHEMBL556617,Cl.N=C(Nc1ccccc1/C=C/c1c(F)c(F)c(F)c(F)c1F)NC12CC3CC(CC(C3)C1)C2,245.0,2.4500000000000004e-07,6.610833915635467,497.9390000000003,6.879370000000004,3,1
CHEMBL80081,CCCCNC(=N)NCCCC,750.0,7.5e-07,6.1249387366083,171.28799999999995,1.7005699999999997,3,1
CHEMBL553347,Cl.N=C(Nc1ccccc1I)NC1C2CC3CC(C2)CC1C3,5.2,5.2e-09,8.2839966563652,431.74900000000025,4.473970000000003,3,1
CHEMBL415077,N=C(Nc1ccccc1-c1ccccc1)NC12CC3CC(CC(C3)C1)C2,300.0,3.0000000000000004e-07,6.522878745280337,345.49000000000024,5.258670000000004,3,1
CHEMBL544537,Cc1ccccc1N/C(N)=N/C1CC[C@@]2(C)C(=CCC3C2CC[C@@]2(C)C3CC[C@@H]2C(C)CCCC(C)C)C1.Cl,10000.0,1e-05,5.0,554.3070000000004,9.55342,2,1
CHEMBL312318,Cc1cccc(C)c1NC(=N)Nc1c(C)cccc1C,90.0,9.000000000000001e-08,7.045757490560675,267.37600000000003,4.379050000000002,3,1
CHEMBL115249,CCOc1ccc(CCOC(=O)N2CCN(CCCc3ccccc3)CC2)cc1,2170.0,2.17e-06,5.663540266151471,396.5310000000001,4.014800000000004,0,4
CHEMBL326263,N#Cc1ccc(CCOC(=O)N2CCN(CCCC(c3ccc(F)cc3)c3ccc(F)cc3)CC2)cc1,702.0,7.02e-07,6.153662887870195,503.59300000000013,5.745480000000006,0,4
CHEMBL275707,C[C@@H]1CN(CCCn2c3ccccc3c3ccccc32)C[C@H](C)N1,1480.0,1.48e-06,5.8297382846050425,321.46800000000013,3.866800000000003,1,3
CHEMBL336706,CC1CN(CCCn2c3ccccc3c3ccccc32)CC(C)N1CCN=C=S,949.0,9.49e-07,6.022733787572707,406.5990000000003,4.682000000000005,0,5
CHEMBL113956,CCOc1ccc(CCNC(=O)N2CCN(CCCC(c3ccc(F)cc3)c3ccc(F)cc3)CC2)cc1,482.0,4.82e-07,6.31695296176115,521.6520000000003,5.845500000000006,1,3
CHEMBL115280,O=C1NCN(c2ccccc2)C12CCN(Cc1cccc(Oc3ccccc3)c1)CC2,1250.0,1.25e-06,5.903089986991944,413.52100000000013,4.407400000000004,1,4
CHEMBL138438,CC1CN(CCCn2c3ccccc3c3ccccc32)CC(C)N1CCCCCCN=C=S,707.0,7.070000000000001e-07,6.150580586203101,462.70700000000045,6.242400000000007,0,5
CHEMBL114280,Oc1nc2ccccc2n1CCCNCc1cc2c(cc1Cl)OCO2,328.0,3.28e-07,6.484126156288321,359.813,3.3039000000000014,2,6
CHEMBL115652,O=C1NCN(c2ccccc2)C12CCN(Cc1cc3c(cc1Cl)OCO3)CC2,581.0,5.81e-07,6.235823867609669,399.87800000000016,2.997200000000001,1,5
CHEMBL336707,CC1CN(CCCn2c3ccccc3c3ccccc32)CC(C)N1CCCN=C=S,1830.0,1.83e-06,5.73754891026957,420.6260000000003,5.072100000000005,0,5
CHEMBL2112760,C[C@H]1CN(CCCn2c3ccccc3c3ccccc32)C[C@H](C)N1C,897.0,8.97e-07,6.047207556955908,335.4950000000002,4.209000000000004,0,3
CHEMBL305187,CC(C(O)c1ccc(O)cc1)N1CCC(Cc2ccccc2)CC1,3.9,3.9e-09,8.4089353929735,325.45200000000006,3.7688000000000033,2,3
CHEMBL122334,O=C1CNC(=O)N1,62.0,6.2e-08,7.207608310501746,100.077,-1.1742,2,2
CHEMBL121919,c1cc2c(cn1)CCCC2,56.0,5.600000000000001e-08,7.251811972993799,133.194,1.9604000000000001,0,1
CHEMBL41,CNCCC(Oc1ccc(C(F)(F)F)cc1)c1ccccc1,851.14,8.5114e-07,6.069998998990925,309.33099999999996,4.435000000000003,1,2
CHEMBL267930,O=C(CCCN1CCC2(CC1)C(=O)NCN2c1ccccc1)c1ccc(F)cc1,954.99,9.5499e-07,6.020001176026261,395.47800000000007,3.217100000000001,1,4
CHEMBL317029,CN(C)C1Cc2cc(Cl)c(O)cc2C(c2ccccc2)C1,0.7079,7.079e-10,9.15002808767115,301.81700000000006,4.053900000000003,1,2
CHEMBL134109,CCCN(C)C1Cc2ccccc2C(c2ccccc2)C1,4.467,4.4669999999999996e-09,8.349984047528162,279.427,4.475100000000005,0,1
CHEMBL320435,CN(C)C1CCc2ccccc2C1c1ccccc1,954.99,9.5499e-07,6.020001176026261,251.37300000000002,3.694900000000003,0,1
CHEMBL143612,c1ccc(C(OCCN2CCN(CCOC(c3ccccc3)c3ccccc3)CC2)c2ccccc2)cc1,10000.0,1e-05,5.0,506.69000000000017,6.216400000000007,0,4
CHEMBL140104,c1ccc(CCCNCCCCNCCOC(c2ccccc2)c2ccccc2)cc1,1050.0,1.05e-06,5.978810700930062,416.60900000000004,5.384800000000006,2,3
CHEMBL142522,c1ccc(C(OCCN2CCNCC2)c2ccccc2)cc1,1480.0,1.48e-06,5.8297382846050425,296.414,2.697800000000001,1,3
CHEMBL51,O=C(c1ccc(F)cc1)C1CCN(CCn2c(=O)[nH]c3ccccc3c2=O)CC1,1.0,1e-09,9.0,395.43400000000014,2.423800000000001,1,5
CHEMBL105645,CN(C)C1Cc2cc(O)c(O)cc2C(c2ccccc2)C1,6.166,6.166e-09,8.20999647960951,283.37100000000004,3.1061000000000023,2,3
CHEMBL104622,CN(C)C1CCc2ccccc2C(c2ccccc2)C1,85.11,8.511e-08,7.070019409484486,265.40000000000003,4.0850000000000035,0,1
CHEMBL140054,C[C@@H]1CN(CCOC(c2ccccc2)c2ccccc2)[C@@H](C)CN1CCCc1ccccc1,8.6,8.600000000000001e-09,8.065501548756432,442.6470000000003,5.8200000000000065,0,3
CHEMBL143407,C[C@@H]1CN(CCCc2ccccc2)[C@@H](C)CN1,8.5,8.5e-09,8.070581074285707,232.371,2.3014,1,2
CHEMBL415284,C=CCN1CC[C@]23c4c5ccc(O)c4O[C@H]2[C@@H](O)C=C[C@H]3[C@H]1C5,735.0,7.350000000000001e-07,6.133712660915805,311.3810000000001,1.7542999999999997,2,4
CHEMBL781,OC1(c2ccc(Cl)cc2)c2ccccc2C2=NCCN21,234.42,2.3442e-07,6.630005338391572,284.74600000000004,2.6092000000000004,1,3
CHEMBL142617,Fc1ccc(C(OCCN2CCNCC2)c2ccc(F)cc2)cc1,965.0,9.65e-07,6.015472686656207,332.394,2.9760000000000018,1,3
CHEMBL348432,C[C@@H]1CN(CCCc2ccccc2)[C@@H](C)CN1CCCc1ccccc1,8.5,8.5e-09,8.070581074285707,350.5500000000001,4.646600000000005,0,2
CHEMBL279676,c1csc(C2(N3CCCCC3)CCCCC2)c1,2060.0,2.06e-06,5.686132779630847,249.42299999999992,4.393400000000004,0,2
CHEMBL104945,CN(C)C1Cc2ccccc2C(c2ccccc2)C1,0.5248,5.248000000000001e-10,9.280006173632396,251.373,3.694900000000003,0,1
CHEMBL42055,OCCN1CCN(CC/C=C2\c3ccccc3Sc3ccc(C(F)(F)F)cc32)CC1,14.79,1.479e-08,7.830031826003108,434.52700000000016,4.601700000000005,1,4
CHEMBL597,Cc1ccc(N(CC2=NCCN2)c2cccc(O)c2)cc1,549.54,5.4954e-07,6.260000690598032,281.35900000000004,2.840420000000001,2,4
CHEMBL62,CN1CCc2cc(Cl)c(O)cc2[C@@H](c2ccccc2)C1,389.05,3.890500000000001e-07,6.409994580348671,287.79,3.6654000000000027,1,2
CHEMBL346409,c1ccc(CCCN2CCN(CCCc3ccccc3)CC2)cc1,0.5,5e-10,9.30102999566398,322.4960000000001,3.869600000000003,0,2
CHEMBL142518,C[C@@H]1CN(CCOC(c2ccc(F)cc2)c2ccc(F)cc2)[C@@H](C)CN1,65.0,6.5e-08,7.187086643357144,360.4480000000001,3.753000000000003,1,3
CHEMBL134215,CCCN(CCC)C1Cc2ccccc2C(c2ccccc2)C1,12.88,1.2880000000000002e-08,7.890084136976206,307.48100000000005,5.255300000000005,0,1
CHEMBL53,CN1CCc2cccc3c2[C@H]1Cc1ccc(O)c(O)c1-3,10000.0,1e-05,5.0,267.328,2.8499000000000025,2,3
CHEMBL3,CN1CCC[C@H]1c1cccnc1,10000.0,1e-05,5.0,162.236,1.8483,0,2
CHEMBL133847,CCCNC1Cc2ccccc2C(c2ccccc2)C1,58.88,5.8880000000000015e-08,7.230032198670558,265.40000000000003,4.132900000000003,1,1
CHEMBL142041,CN(CCCc1ccccc1)CCN(C)CCOC(c1ccccc1)c1ccccc1,34.0,3.4e-08,7.468521082957745,416.60900000000004,5.289000000000006,0,3
CHEMBL80,C=CCN1CC[C@]23c4c5ccc(O)c4O[C@H]2C(=O)CC[C@@]3(O)[C@H]1C5,100000.0,0.0001,4.0,327.3800000000001,1.3014,2,5
CHEMBL143846,NCCCCNCCOC(c1ccccc1)c1ccccc1,10000.0,1e-05,5.0,298.43000000000006,3.121100000000002,2,3
CHEMBL54661,OCCN1CCN(CC/C=C2/c3ccccc3Sc3ccc(C(F)(F)F)cc32)CC1,2.239,2.239e-09,8.64994590642097,434.52700000000016,4.601700000000005,1,4
CHEMBL1255588,CC(C)(C)[C@@]1(O)CCN2C[C@@H]3c4ccccc4CCc4cccc(c43)[C@H]2C1,52.48,5.248e-08,7.280006173632396,361.52900000000017,4.844800000000005,1,2
CHEMBL104444,CNC1Cc2ccccc2C(c2ccccc2)C1,79.43,7.943000000000003e-08,7.100015437450609,237.34599999999998,3.3527000000000022,1,1
CHEMBL141876,c1ccc(CCCN2CCCCC(NCCOC(c3ccccc3)c3ccccc3)C2)cc1,78.0,7.800000000000001e-08,7.107905397309519,442.6470000000001,5.869500000000006,1,3
CHEMBL275528,c1ccc(C2(N3CCCCC3)CCCCC2)cc1,868.0,8.680000000000001e-07,6.061480274823508,243.39399999999992,4.331900000000004,0,1
CHEMBL320190,CN(C)C1Cc2ccccc2C(C)(c2ccccc2)C1,5.495,5.4950000000000006e-09,8.260032303240491,265.40000000000003,3.8690000000000033,0,1
CHEMBL485253,CCC(CO)NC(=O)[C@@H]1C=C2c3cccc4c3c(cn4C)C[C@H]2N(C)C1,912.01,9.1201e-07,6.040000399696793,353.4660000000001,1.9351,2,4
CHEMBL342120,C[C@@H]1CN(CCOC(c2ccccc2)c2ccccc2)[C@@H](C)CN1CCOC(c1ccccc1)c1ccccc1,4001.0,4.001e-06,5.397831448621003,534.7440000000004,6.993400000000008,0,4
CHEMBL102119,Fc1ccc(C(OCCN2CCN(CCOC(c3ccc(F)cc3)c3ccc(F)cc3)CC2)c2ccc(F)cc2)cc1,10000.0,1e-05,5.0,578.6500000000002,6.772800000000007,0,4
CHEMBL342121,c1ccc(CCCN2CCCCN(CCOC(c3ccccc3)c3ccccc3)CC2)cc1,180.0,1.8000000000000002e-07,6.7447274948966935,442.6470000000001,5.823200000000006,0,3
CHEMBL357008,c1ccc(CCCNC2CCCCN(CCOC(c3ccccc3)c3ccccc3)C2)cc1,83.0,8.3e-08,7.080921907623926,442.64700000000005,5.869500000000007,1,3
CHEMBL284237,C[C@]12N[C@H](Cc3ccccc31)c1ccccc12,10000.0,1e-05,5.0,221.303,3.150500000000002,1,1
CHEMBL358758,C[C@@H]1CN(CCOC(c2ccccc2)c2ccccc2)[C@@H](C)CN1,67.0,6.7e-08,7.173925197299173,324.4680000000001,3.474800000000002,1,3
CHEMBL323287,CCN(CC)C1Cc2ccccc2C(c2ccccc2)C1,2.239,2.239e-09,8.64994590642097,279.4270000000001,4.475100000000004,0,1
CHEMBL142337,C[C@@H]1CN(CCOC(c2ccc(F)cc2)c2ccc(F)cc2)[C@@H](C)CN1CCOC(c1ccc(F)cc1)c1ccc(F)cc1,3640.0,3.64e-06,5.438898616350944,606.7040000000003,7.549800000000008,0,4
CHEMBL26,CCN1CCCC1CNC(=O)c1cc(S(N)(=O)=O)ccc1OC,10000.0,1e-05,5.0,341.4330000000001,0.5567000000000012,2,5
CHEMBL282567,CCCC(C(=O)OCCN(CC)CC)(c1ccccc1)c1ccccc1,1584.89,1.5848900000000002e-06,5.800000874803203,353.50600000000003,4.657800000000004,0,3
CHEMBL143648,CNCCN(C)CCOC(c1ccccc1)c1ccccc1,231.0,2.3100000000000002e-07,6.636388020107856,298.43,2.9438000000000013,1,3
CHEMBL18786,CN(C)CCCSc1ccccc1NC(=O)/C=C/c1ccccc1,181.97,1.8197e-07,6.740000204918113,340.4920000000001,4.382300000000003,1,3
CHEMBL143750,c1ccc(CCCN2CCNCC2)cc1,109.0,1.0900000000000001e-07,6.962573502059376,204.317,1.5243999999999998,1,2
CHEMBL142953,c1ccc(CCCN2CCCN(CCOC(c3ccccc3)c3ccccc3)CC2)cc1,26.0,2.6e-08,7.585026652029182,428.6200000000001,5.433100000000006,0,3
CHEMBL55873,COc1ccc(/N=C(\N)NC23CC4CC(CC(C4)C2)C3)c(C)c1,7.0,7.0000000000000015e-09,8.154901959985743,313.4450000000001,3.5082200000000023,2,2
CHEMBL276500,CCCN1CCCC(c2cccc(O)c2)C1,76.0,7.6e-08,7.119186407719209,219.328,2.981600000000002,1,2
CHEMBL293059,N=C(Nc1ccccc1F)NC12CC3CC(CC(C3)C1)C2,8.0,8e-09,8.096910013008056,287.38200000000006,3.7307700000000033,3,1
CHEMBL442356,Cc1cc(F)ccc1/N=C(\N)NC12CC3CC(CC(C3)C1)C2,3.2,3.2e-09,8.494850021680094,301.4090000000001,3.638720000000003,2,1
CHEMBL299499,N=C(Nc1ccc(I)cc1)NC12CC3CC(CC(C3)C1)C2,2.8,2.8e-09,8.55284196865778,395.2880000000003,4.196270000000003,3,1
CHEMBL301623,COc1ccccc1/N=C(\N)NC12CC3CC(CC(C3)C1)C2,17.0,1.7e-08,7.769551078621726,299.41800000000006,3.1998000000000015,2,2
CHEMBL55970,N=C(Nc1ccccc1I)NC12CC3CC(CC(C3)C1)C2,6.2,6.200000000000001e-09,8.207608310501746,395.28800000000024,4.196270000000003,3,1
CHEMBL292668,COc1ccc(NC(=N)NC23CC4CC(CC(C4)C2)C3)cc1,10.0,1e-08,8.0,299.41800000000006,3.6002700000000027,3,2
CHEMBL292450,N=C(Nc1ccc(F)cc1)NC12CC3CC(CC(C3)C1)C2,9.0,9.000000000000001e-09,8.045757490560675,287.3820000000001,3.7307700000000033,3,1
CHEMBL54407,COc1cccc(NC(=N)NC23CC4CC(CC(C4)C2)C3)c1,7.0,7.0000000000000015e-09,8.154901959985743,299.4180000000001,3.6002700000000027,3,2
CHEMBL413257,N=C(Nc1cccc(F)c1)NC12CC3CC(CC(C3)C1)C2,13.0,1.3e-08,7.886056647693163,287.3820000000001,3.7307700000000033,3,1
CHEMBL55769,N=C(Nc1cccc(I)c1)NC12CC3CC(CC(C3)C1)C2,8.0,8e-09,8.096910013008056,395.28800000000024,4.196270000000003,3,1
CHEMBL331006,Fc1ccc2[nH]c3c(c2c1)C1CCC(C3)N1,1473.0,1.473e-06,5.831797253157369,216.259,2.6562,2,1
CHEMBL119698,O=C1c2ccccc2C(=O)N1CCN1C2CCC1c1c([nH]c3ccccc13)C2,8085.0,8.085e-06,5.09231997575758,371.44000000000005,3.5257000000000023,1,3
CHEMBL119047,c1ccc(OCCCCN2C3CCC2c2c([nH]c4ccccc24)C3)cc1,88.0,8.800000000000002e-08,7.055517327849832,346.47400000000005,5.088700000000004,1,2
CHEMBL119889,CC(C)n1c2c(c3ccccc31)C1CCC(C2)N1CCCCc1ccccc1,231.0,2.3100000000000002e-07,6.636388020107856,372.5560000000001,6.306700000000006,0,2
CHEMBL119485,C(=C/c1ccccc1)\CN1C2CCC1c1c([nH]c3ccccc13)C2,133.0,1.33e-07,6.876148359032914,314.432,4.942900000000004,1,1
CHEMBL285203,O=C1CC2(CCCC2)CC(=O)N1CCCCN1C2CCC1c1c([nH]c3ccccc13)C2,54.0,5.4e-08,7.267606240177032,419.5690000000002,4.7191000000000045,1,3
CHEMBL117898,c1coc(CCCCN2C3CCC2c2c([nH]c4ccccc24)C3)c1,28.0,2.8000000000000006e-08,7.552841968657781,320.4360000000001,4.845400000000004,1,2
CHEMBL333840,c1ccc(CCCN2C3CCC2c2c([nH]c4ccccc24)C3)cc1,81.0,8.100000000000001e-08,7.091514981121351,316.4480000000001,4.862300000000004,1,1
CHEMBL119811,Fc1ccc(OCCCN2C3CCC2c2c([nH]c4ccccc24)C3)cc1,55.0,5.5e-08,7.259637310505756,350.43700000000007,4.837700000000004,1,2
CHEMBL331500,c1ccc(CCCCN2C3CCC2c2c(n(Cc4ccccc4)c4ccccc24)C3)cc1,267.0,2.67e-07,6.573488738635425,420.60000000000014,6.774100000000007,0,2
CHEMBL115582,c1ccc2c3c([nH]c2c1)CC1CCC3N1CCCCc1nccs1,66.0,6.600000000000002e-08,7.180456064458132,337.49199999999996,4.708900000000003,1,3
CHEMBL119725,O=C1c2ccccc2C(=O)N1CCCN1C2CCC1c1c([nH]c3ccc(F)cc13)C2,836.0,8.36e-07,6.077793722560983,403.45700000000005,4.054900000000003,1,3
CHEMBL117695,CCN1C2CCC1c1c([nH]c3ccccc13)C2,3560.0,3.56e-06,5.448550002027125,226.323,3.2494000000000014,1,1
CHEMBL332593,c1ccc(OCCN2C3CCC2c2c([nH]c4ccccc24)C3)cc1,110.0,1.1e-07,6.958607314841775,318.4200000000001,4.308500000000003,1,2
CHEMBL118289,Clc1ccc(OCCN2C3CCC2c2c([nH]c4ccccc24)C3)cc1Cl,400.0,4.0000000000000003e-07,6.3979400086720375,387.31000000000006,5.615300000000004,1,2
CHEMBL116710,CN(CCc1ccc(Cl)c(Cl)c1)CCN1C2CCC1c1c([nH]c3ccccc13)C2,509.0,5.09e-07,6.293282217663242,428.4070000000002,5.710800000000005,1,2
CHEMBL325619,Clc1ccc(CCN2C3CCC2c2c([nH]c4ccccc24)C3)cc1Cl,702.0,7.02e-07,6.153662887870195,371.31100000000015,5.7790000000000035,1,1
CHEMBL325845,CC/C=C/N1C2CCC1c1c([nH]c3ccccc13)C2,683.0,6.830000000000001e-07,6.165579296318468,252.361,4.153200000000003,1,1
CHEMBL119048,c1ccc(OCCCN2C3CCC2c2c([nH]c4ccccc24)C3)cc1,132.0,1.3200000000000004e-07,6.87942606879415,332.44700000000006,4.698600000000003,1,2
CHEMBL323910,Fc1ccc2[nH]c3c(c2c1)C1CCC(C3)N1Cc1ccccc1I,3044.0,3.044e-06,5.516555351901465,432.28,5.173400000000003,1,1
CHEMBL117748,CN(CCN1C2CCC1c1c([nH]c3ccccc13)C2)C(=O)Cc1ccc(Cl)c(Cl)c1,1612.0,1.6120000000000002e-06,5.792634962530928,442.3900000000002,5.2374000000000045,1,2
CHEMBL118665,c1ccc(CCN2C3CCC2c2c(n(Cc4ccccc4)c4ccccc24)C3)cc1,482.0,4.82e-07,6.31695296176115,392.5460000000001,5.993900000000006,0,2
CHEMBL118288,c1ccc(CN2C3CCC2c2c([nH]c4ccccc24)C3)cc1,345.0,3.450000000000001e-07,6.462180904926726,288.39400000000006,4.429700000000003,1,1
CHEMBL331611,c1ccc(C(CCN2C3CCC2c2c([nH]c4ccccc24)C3)c2ccccc2)cc1,1483.0,1.483e-06,5.828858848971618,392.5460000000001,6.451700000000006,1,1
CHEMBL119495,CCCN1C2CCC1c1c([nH]c3ccccc13)C2,1084.0,1.084e-06,5.964970717797632,240.35,3.6395000000000026,1,1
CHEMBL332035,c1ccc(CCCCCN2C3CCC2c2c([nH]c4ccccc24)C3)cc1,107.0,1.07e-07,6.97061622231479,344.50200000000007,5.642500000000005,1,1
CHEMBL116711,Fc1ccc2[nH]c3c(c2c1)C1CCC(C3)N1CCCN1Cc2ccccc2C1,54.0,5.4e-08,7.267606240177032,375.4910000000001,4.774500000000004,1,2
CHEMBL119409,OCCCN1C2CCC1c1c([nH]c3ccc(F)cc13)C2,317.0,3.1700000000000005e-07,6.498940737782249,274.33900000000006,2.7510000000000012,2,2
CHEMBL119804,c1ccc(CCN2C3CCC2c2c([nH]c4ccccc24)C3)cc1,234.0,2.34e-07,6.6307841425898575,302.4210000000001,4.4722000000000035,1,1
CHEMBL325168,Fc1ccc2[nH]c3c(c2c1)C1CCC(C3)N1CCCc1cccnc1,44.0,4.4000000000000004e-08,7.356547323513812,335.426,4.396400000000003,1,2
CHEMBL35711,Fc1ccc2[nH]c3c(c2c1)C1CCC(C3)N1CCCCc1ccccc1,38.0,3.8e-08,7.42021640338319,348.46500000000003,5.391500000000004,1,1
CHEMBL116207,c1ccc2c(c1)CN(CCN1C3CCC1c1c([nH]c4ccccc14)C3)C2,141.0,1.41e-07,6.85078088734462,343.4740000000001,4.245300000000003,1,2
CHEMBL285541,c1ccc2c3c([nH]c2c1)CC1CCC3N1,5000.0,5e-06,5.301029995663981,198.26899999999998,2.5170999999999992,2,1
CHEMBL118445,c1ccc(-n2c3c(c4ccccc42)C2CCC(C3)N2)cc1,1895.0,1.895e-06,5.722390785695909,274.36699999999996,3.979700000000002,1,2
CHEMBL117567,Fc1ccc2[nH]c3c(c2c1)C1CCC(C3)N1Cc1ccccc1,86.0,8.6e-08,7.0655015487564325,306.38399999999996,4.568800000000003,1,1
CHEMBL36645,O=C(CCCN1C2CCC1c1c([nH]c3ccccc13)C2)c1ccc(F)cc1,129.0,1.29e-07,6.889410289700751,362.44800000000015,5.031700000000004,1,2
CHEMBL118276,CN1C2CCC1c1c([nH]c3ccccc13)C2,2650.0,2.65e-06,5.576754126063192,212.296,2.859300000000001,1,1
CHEMBL38130,c1ccc(CCCCN2C3CCC2c2c([nH]c4ccccc24)C3)cc1,25.0,2.5e-08,7.602059991327962,330.4750000000001,5.252400000000005,1,1
CHEMBL433022,c1ccc(CCCCN2C3CCC2c2c(n(-c4ccccc4)c4ccccc24)C3)cc1,212.0,2.1200000000000002e-07,6.673664139071248,406.57300000000015,6.715000000000006,0,2
CHEMBL442395,Fc1ccc2[nH]c3c(c2c1)CN(CCCc1ccncc1)CC3,182.0,1.8200000000000002e-07,6.739928612014925,309.38800000000003,3.6929000000000016,1,2
CHEMBL324092,Clc1ccc(OCCN2C3CCC2c2c([nH]c4ccccc24)C3)cc1,251.0,2.51e-07,6.600326278518962,352.86500000000007,4.961900000000004,1,2
CHEMBL38152,Fc1ccc(CCCCN2C3CCC2c2c([nH]c4ccccc24)C3)cc1,37.0,3.7e-08,7.431798275933005,348.4650000000001,5.391500000000005,1,1
CHEMBL346389,O=C1COc2cc(CN3CCN(c4ccc(Cl)cc4)CC3)ccc2N1,285.0,2.85e-07,6.54515513999149,357.84100000000007,2.993100000000001,1,4
CHEMBL119075,Cn1c2c(c3ccccc31)C1CCC(C2)N1CCCCc1ccccc1,116.0,1.16e-07,6.935542010773082,344.50199999999995,5.262800000000005,0,2
CHEMBL119867,c1csc(CCCCN2C3CCC2c2c([nH]c4ccccc24)C3)c1,21.0,2.1000000000000003e-08,7.67778070526608,336.5040000000001,5.313900000000004,1,2
CHEMBL371741,O=C1[C@@H]2Cc3ccccc3CN2C(=O)N1CCN1CCCCC1,16.0,1.6e-08,7.795880017344075,313.4010000000001,1.8614000000000002,0,3
CHEMBL195676,CN1CCN(CCN2C(=O)[C@@H]3Cc4ccccc4CN3C2=O)CC1,100.0,1.0000000000000001e-07,7.0,328.41600000000017,0.6229000000000009,0,4
CHEMBL366163,CN(C)CCCN1CCN(CCN2C(=O)[C@@H]3Cc4ccccc4CN3C2=O)CC1,1000.0,1.0000000000000002e-06,6.0,399.53900000000016,0.9448000000000025,0,5
CHEMBL196385,O=C1[C@@H]2Cc3ccccc3CN2C(=O)N1CCN1CCN(CCO)CC1,100.0,1.0000000000000001e-07,7.0,358.4420000000002,-0.014599999999999058,1,5
CHEMBL193655,CC(C)NC(=O)CN1CCN(CCN2C(=O)[C@@H]3Cc4ccccc4CN3C2=O)CC1,100.0,1.0000000000000001e-07,7.0,413.52200000000016,0.5177000000000029,1,5
CHEMBL381653,O=C1[C@@H]2Cc3ccccc3CN2C(=O)N1CCCN1CCCCC1,21.5,2.15e-08,7.667561540084395,327.4280000000001,2.2515,0,3
CHEMBL193335,CN1CCN(CCCN2C(=O)[C@@H]3Cc4ccccc4CN3C2=O)CC1,100.0,1.0000000000000001e-07,7.0,342.4430000000002,1.0130000000000006,0,4
CHEMBL195677,CN(C)CCCN1CCN(CCCN2C(=O)[C@@H]3Cc4ccccc4CN3C2=O)CC1,100.0,1.0000000000000001e-07,7.0,413.5660000000002,1.334900000000002,0,5
CHEMBL193485,O=C1[C@@H]2Cc3ccccc3CN2C(=O)N1CCCN1CCN(CCO)CC1,100.0,1.0000000000000001e-07,7.0,372.46900000000016,0.37550000000000067,1,5
CHEMBL194967,O=C1[C@@H]2Cc3ccccc3CN2C(=O)N1CCCN1CCN(Cc2ccccc2)CC1,32.0,3.2e-08,7.494850021680094,418.54100000000017,2.5834,0,4
CHEMBL370739,O=C1[C@@H]2Cc3ccccc3CN2C(=O)N1CCCN1CCN(Cc2ccc3c(c2)OCO3)CC1,23.8,2.38e-08,7.623423042943488,462.5500000000003,2.3121,0,6
CHEMBL196100,O=C1[C@@H]2Cc3ccccc3CN2C(=O)N1CCCNC1CCN(Cc2ccccc2)CC1,82.3,8.23e-08,7.08460016478773,432.56800000000015,3.019800000000001,1,4
CHEMBL196988,O=C1[C@@H]2Cc3ccccc3CN2C(=O)N1CCCNCc1ccccc1,9.6,9.6e-09,8.017728766960431,349.43399999999997,2.5554000000000006,1,3
CHEMBL371156,O=C1[C@@H]2Cc3ccccc3CN2C(=O)N1CCCNCCCCc1ccccc1,10.5,1.05e-08,7.978810700930062,391.5150000000001,3.3781000000000017,1,3
CHEMBL196587,CN(CCN1C(=O)[C@@H]2Cc3ccccc3CN2C1=O)Cc1ccccc1,4.5,4.5000000000000014e-09,8.346787486224656,349.4340000000001,2.5075000000000003,0,3
CHEMBL196257,CN(CCc1ccccc1)CCN1C(=O)[C@@H]2Cc3ccccc3CN2C1=O,12.6,1.26e-08,7.899629454882437,363.46100000000007,2.5500000000000007,0,3
CHEMBL193662,CN(CCCc1ccccc1)CCN1C(=O)[C@@H]2Cc3ccccc3CN2C1=O,13.6,1.3600000000000001e-08,7.866461091629782,377.4880000000001,2.940100000000001,0,3
CHEMBL194687,CN(CCCCc1ccccc1)CCN1C(=O)[C@@H]2Cc3ccccc3CN2C1=O,3.2,3.2e-09,8.494850021680094,391.51500000000016,3.3302000000000023,0,3
CHEMBL194738,CN(CCCCCc1ccccc1)CCN1C(=O)[C@@H]2Cc3ccccc3CN2C1=O,2.9,2.9e-09,8.537602002101044,405.5420000000002,3.7203000000000026,0,3
CHEMBL365754,CN(CCCN1C(=O)[C@@H]2Cc3ccccc3CN2C1=O)Cc1ccccc1,3.9,3.9e-09,8.4089353929735,363.4610000000001,2.8976000000000006,0,3
CHEMBL365786,CN(CCCN1C(=O)[C@@H]2Cc3ccccc3CN2C1=O)CCc1ccccc1,2.1,2.1e-09,8.67778070526608,377.48800000000017,2.940100000000001,0,3
CHEMBL366167,CN(CCCCN1C(=O)[C@@H]2Cc3ccccc3CN2C1=O)Cc1ccccc1,4.2,4.2e-09,8.3767507096021,377.4880000000001,3.287700000000002,0,3
CHEMBL194797,CN(CCCCN1C(=O)[C@@H]2Cc3ccccc3CN2C1=O)CCc1ccccc1,9.9,9.900000000000001e-09,8.00436480540245,391.51500000000016,3.3302000000000014,0,3
CHEMBL194796,CN(CCCCCN1C(=O)[C@@H]2Cc3ccccc3CN2C1=O)Cc1ccccc1,5.0,5e-09,8.301029995663981,391.5150000000002,3.677800000000002,0,3
CHEMBL195994,CN(CCCCCN1C(=O)[C@@H]2Cc3ccccc3CN2C1=O)CCc1ccccc1,11.7,1.17e-08,7.931814138253839,405.54200000000026,3.7203000000000026,0,3
CHEMBL194640,CN(CCCCCCN1C(=O)[C@@H]2Cc3ccccc3CN2C1=O)Cc1ccccc1,9.4,9.4e-09,8.0268721464003,405.5420000000002,4.067900000000003,0,3
CHEMBL194694,CN(CCCCCCN1C(=O)[C@@H]2Cc3ccccc3CN2C1=O)CCc1ccccc1,29.5,2.9500000000000006e-08,7.530177984021837,419.56900000000024,4.110400000000004,0,3
CHEMBL195781,O=Cn1ccnc1N(CCCN1C(=O)[C@@H]2Cc3ccccc3CN2C1=O)Cc1ccccc1,100.0,1.0000000000000001e-07,7.0,443.5070000000002,2.7072000000000003,0,6
CHEMBL193699,O=C1[C@@H]2Cc3ccccc3CN2C(=O)N1C1CCN(Cc2ccccc2)CC1,2.4,2.4e-09,8.619788758288394,375.4720000000001,3.0401000000000016,0,3
CHEMBL195573,CN(CCCN1C(=O)[C@@H]2Cc3ccccc3CN2C1=O)c1ccccc1,100.0,1.0000000000000001e-07,7.0,349.4340000000001,2.902000000000001,0,3
CHEMBL193805,O=C1[C@@H]2Cc3ccccc3CN2C(=S)N1CCN1CCCCC1,0.9,9e-10,9.045757490560677,329.46900000000016,2.0263,0,3
CHEMBL439859,O=C1N(CCN2CCCCC2)C[C@@H]2Cc3ccccc3CN12,54.0,5.4e-08,7.267606240177032,299.41800000000006,2.3348000000000004,0,2
CHEMBL383147,c1ccc2c(c1)C[C@H]1CN(CCN3CCCCC3)CN1C2,77.0,7.7e-08,7.113509274827518,285.43499999999995,2.1723,0,3
CHEMBL373271,O=C1[C@@H]2Cc3ccc(O)cc3CN2C(=O)N1CCN1CCCCC1,1000.0,1.0000000000000002e-06,6.0,329.40000000000015,1.5670000000000002,1,4
CHEMBL195302,O=C1[C@@H]2Cc3ccccc3N2C(=O)N1CCCN1CCCCC1,66.0,6.600000000000002e-08,7.180456064458132,313.4010000000001,2.2559000000000005,0,3
CHEMBL195303,O=C1[C@@H]2CCCCN2C(=O)N1CCN1CCCCC1,1000.0,1.0000000000000002e-06,6.0,265.35699999999997,1.289,0,3
CHEMBL195304,O=C1[C@H]2Cc3ccccc3CN2C(=O)N1CCN1CCCCC1,6.6,6.6e-09,8.18045606445813,313.4010000000001,1.8614000000000002,0,3
CHEMBL556798,CCCCN1C(=O)C(CC2CCCCC2)NC(=O)C12CCN(Cc1ccc3c(c1)OCCO3)CC2.Cl,183.0,1.83e-07,6.73754891026957,520.1140000000004,4.311700000000004,1,5
CHEMBL250699,COc1cc(NC(=O)c2ccc(-c3ccc(Cl)cc3)o2)cc(OC)c1,10000.0,1e-05,5.0,357.7930000000001,4.869500000000003,1,4
CHEMBL493677,CC(C)(C)CCN1CC[C@H](CNC(=O)c2cc(Cl)cc(Cl)c2)[C@H](F)C1,20.0,2e-08,7.698970004336019,389.34200000000016,4.819400000000004,1,2
CHEMBL1089752,CN(CCCN1C(=O)[C@H]2Cc3ccccc3CN2C1=O)Cc1ccccc1,1000.0,1.0000000000000002e-06,6.0,363.4610000000001,2.8976000000000006,0,3
CHEMBL12089,COc1ccc2cc3[n+](cc2c1OC)CCc1cc2c(cc1-3)OCO2.[Cl-],1289.0,1.289e-06,5.889747082646597,371.82000000000005,0.10029999999999983,0,4
CHEMBL253376,CN(Cc1cc(Br)cc(Br)c1N)C1CCCCC1,61.0,6.1e-08,7.214670164989233,376.13600000000025,4.558300000000004,1,2
CHEMBL990,CN(Cc1ccc(C(C)(C)C)cc1)Cc1cccc2ccccc12,3953.3,3.953300000000001e-06,5.403040227549031,317.476,5.769300000000006,0,1
CHEMBL1201203,CN1[C@@H]2CC[C@H]1C[C@@H](OC(c1ccccc1)c1ccccc1)C2,139.0,1.3900000000000001e-07,6.856985199745905,307.43700000000007,4.417800000000004,0,2
CHEMBL296419,COc1ccc(CCN2CCC(Nc3nc4ccccc4n3Cc3ccc(F)cc3)CC2)cc1,2246.0,2.246e-06,5.648590248074561,458.58100000000024,5.351300000000005,1,5
CHEMBL188921,COc1cc(OC)c(C(=O)CCCN2CCCC2)c(OC)c1,2170.5,2.1705e-06,5.663440209825281,307.39,2.7711000000000015,0,5
CHEMBL633,CCCCc1oc2ccccc2c1C(=O)c1cc(I)c(OCCN(CC)CC)c(I)c1,97.0,9.700000000000001e-08,7.013228265733755,645.3190000000002,6.936200000000007,0,4
CHEMBL629,CN(C)CCC=C1c2ccccc2CCc2ccccc21,1031.0,1.0310000000000002e-06,5.986741334716483,277.411,4.168600000000003,0,1
CHEMBL1902981,CCc1ccc(C(=O)C(C)CN2CCCCC2)cc1,4.055,4.055e-09,8.392009141452824,259.3929999999999,3.5537000000000027,0,2
CHEMBL808,Clc1ccc(COC(Cn2ccnc2)c2ccc(Cl)cc2Cl)cc1,21109.0,2.1109e-05,4.675532340106304,381.69000000000005,5.801400000000003,0,3
CHEMBL30008,Fc1ccc(C(c2ccc(F)cc2)N2CCN(C/C=C/c3ccccc3)CC2)cc1,25.0,2.5e-08,7.602059991327962,404.5040000000001,5.3852000000000055,0,2
CHEMBL726,OCCN1CCN(CCCN2c3ccccc3Sc3ccc(C(F)(F)F)cc32)CC1,20.0,2e-08,7.698970004336019,437.5310000000002,4.308100000000003,1,5
CHEMBL1201353,CN(C)CC[C@@H](c1ccc(Cl)cc1)c1ccccn1,1658.0,1.658e-06,5.780415473785745,274.795,3.8186000000000027,0,2
CHEMBL1628227,CN(C)CCC=C1c2ccccc2COc2ccccc21,631.0,6.310000000000001e-07,6.199970640755866,279.383,3.9624000000000033,0,2
CHEMBL1626,CN1CCC[C@@H]1CCO[C@](C)(c1ccccc1)c1ccc(Cl)cc1,34.0,3.4e-08,7.468521082957745,343.898,5.104400000000005,0,2
CHEMBL248702,CCN[C@@H](C)Cc1cccc(C(F)(F)F)c1,516.0,5.16e-07,6.287350298372789,231.26099999999997,3.2459000000000024,1,1
CHEMBL936,OC(CCCN1CCCCC1)(c1ccccc1)c1ccccc1,256.0,2.56e-07,6.59176003468815,309.45300000000003,4.188600000000004,1,2
CHEMBL1729,COc1cc(N)c(Cl)cc1C(=O)NC1CCN(CCCOc2ccc(F)cc2)CC1OC,994.0,9.94e-07,6.002613615602686,465.9530000000003,3.358100000000002,2,6
CHEMBL1123,CCN(CC)CCOC(=O)C1(C2CCCCC2)CCCCC1,4.89,4.89e-09,8.31069114087638,309.4940000000001,4.402200000000004,0,3
CHEMBL549,CN(C)CCCC1(c2ccc(F)cc2)OCc2cc(C#N)ccc21,398.0,3.9800000000000004e-07,6.400116927926312,324.39900000000006,3.812980000000003,0,3
CHEMBL926,CC(CCc1ccc(O)cc1)NCCc1ccc(O)c(O)c1,2518.0,2.5180000000000003e-06,5.598944274228156,301.386,2.956800000000002,4,4
CHEMBL954,CCN(CC)CCOc1ccc(/C(=C(/Cl)c2ccccc2)c2ccccc2)cc1,29.0,2.9e-08,7.5376020021010435,405.96900000000005,6.562600000000006,0,2
CHEMBL1200406,CN(C)CCOC(c1ccccc1)c1ccccc1.Cn1c(=O)c2[nH]c(Cl)nc2n(C)c1=O,1158.0,1.158e-06,5.936291440608582,469.97300000000024,2.967900000000001,1,7
CHEMBL71,CN(C)CCCN1c2ccccc2Sc2ccc(Cl)cc21,451.0,4.51e-07,6.345823458122039,318.8730000000001,4.894400000000004,0,3
CHEMBL43064,C(=C/c1ccccc1)\CN1CCN(C(c2ccccc2)c2ccccc2)CC1,40.0,4e-08,7.397940008672037,368.5240000000001,5.1070000000000055,0,2
CHEMBL415,CN(C)CCCN1c2ccccc2CCc2ccc(Cl)cc21,1362.0,1.362e-06,5.865822892423234,314.86,4.528400000000004,0,2
CHEMBL103,CC(=O)[C@H]1CC[C@H]2[C@@H]3CCC4=CC(=O)CC[C@]4(C)[C@H]3CC[C@]12C,3055.0,3.0550000000000004e-06,5.514988785421427,314.46900000000005,4.723500000000005,0,2
CHEMBL1198,CCCCOc1ccc(OCCCN2CCOCC2)cc1,121.0,1.21e-07,6.91721462968355,293.4069999999999,2.9666000000000015,0,4
CHEMBL490,Fc1ccc([C@@H]2CCNC[C@H]2COc2ccc3c(c2)OCO3)cc1,5366.0,5.366e-06,5.27034933166408,329.3710000000001,3.326500000000002,1,4
CHEMBL564,CN(C)CCCN1c2ccccc2Sc2ccccc21,271.0,2.710000000000001e-07,6.567030709125595,284.42800000000005,4.241000000000003,0,3
CHEMBL643,CC(CN1c2ccccc2Sc2ccccc21)N(C)C,287.0,2.87e-07,6.542118103266008,284.428,4.239400000000003,0,3
CHEMBL631,CCCNCC(O)COc1ccccc1C(=O)CCc1ccccc1,2610.0,2.61e-06,5.583359492661719,341.4510000000001,3.2414000000000023,2,4
CHEMBL75880,C1CCC(C(CC2CCCCN2)C2CCCCC2)CC1,2599.2,2.5992e-06,5.585160301663073,277.496,5.295400000000005,1,1
CHEMBL511,COc1ccc(CN(CCN(C)C)c2ccccn2)cc1,1558.0,1.5580000000000002e-06,5.807432546663454,285.391,2.658400000000001,0,4
CHEMBL1196,CCCOc1ccc(C(=O)OCCN(CC)CC)cc1N,238.0,2.3800000000000001e-07,6.623423042943488,294.3949999999999,2.5562000000000005,1,5
CHEMBL1909072,NC(=O)C1CCN(CCCN2c3ccccc3Sc3ccc(Cl)cc32)CC1,114.0,1.14e-07,6.943095148663527,401.96300000000025,4.530100000000004,1,4
CHEMBL1400945,CC(=O)[C@H]1[C@H](C#N)C[C@H]2[C@@H]3CC=C4C[C@@H](O)CC[C@]4(C)[C@H]3CC[C@@]21C,21300.0,2.1300000000000003e-05,4.671620396561262,341.4950000000001,4.264980000000004,1,3
CHEMBL27,CC(C)NCC(O)COc1cccc2ccccc12,2870.0,2.87e-06,5.542118103266008,259.34900000000005,2.5775000000000006,2,3
CHEMBL716,OCCOCCN1CCN(C2=Nc3ccccc3Sc3ccccc32)CC1,2293.5,2.2935e-06,5.639501255531998,383.51700000000017,2.8560000000000016,1,6
CHEMBL1231,CCN(CC)CC#CCOC(=O)C(O)(c1ccccc1)C1CCCCC1,24.2,2.42e-08,7.616184634019569,357.4940000000002,3.342900000000002,1,4
CHEMBL728,CN1CCN(CCCN2c3ccccc3Sc3ccc(Cl)cc32)CC1,54.0,5.4e-08,7.267606240177032,373.95300000000015,4.580200000000004,0,4
CHEMBL1201237,CC(C)(C)NC[C@H](O)COc1cccc2c1CCCC2=O,773.0,7.73e-07,6.111820506081675,291.391,2.3334,2,4
CHEMBL1276308,CC#C[C@]1(O)CC[C@H]2[C@@H]3CCC4=CC(=O)CCC4=C3[C@@H](c3ccc(N(C)C)cc3)C[C@@]21C,26280.0,2.628e-05,4.580374639112256,429.6040000000001,5.406500000000006,1,3
CHEMBL60889,CCOc1cc(N)c(Cl)cc1C(=O)NCC1CN(Cc2ccc(F)cc2)CCO1,305.6,3.056000000000001e-07,6.514846650096348,421.9000000000002,3.0908000000000015,2,5
CHEMBL429,CC(CCc1ccccc1)NCC(O)c1ccc(O)c(C(N)=O)c1,1815.0,1.815e-06,5.741123370627869,328.4120000000001,2.1353999999999997,4,4
CHEMBL395110,CN1CCCC(CN2c3ccccc3Sc3ccccc32)C1,180.0,1.8000000000000002e-07,6.7447274948966935,310.4660000000001,4.631100000000004,0,3
CHEMBL841,CN(C)C(=O)C(CCN1CCC(O)(c2ccc(Cl)cc2)CC1)(c1ccccc1)c1ccccc1,628.0,6.280000000000001e-07,6.202040356262804,477.0480000000002,5.088000000000005,1,3
CHEMBL1490,OC(CCN1CCCCC1)(c1ccccc1)C1CCCCC1,108.0,1.08e-07,6.966576244513051,301.47400000000016,4.330500000000004,1,2
CHEMBL2107687,CCC(C)C(C(=O)OCC[N+](C)(CC)CC)c1ccccc1.[Br-],475.0,4.75e-07,6.323306390375134,386.3739999999999,0.8499000000000017,0,2
CHEMBL621,O=c1n(CCCN2CCN(c3cccc(Cl)c3)CC2)nc2ccccn12,2203.0,2.2030000000000003e-06,5.656985502849232,371.8720000000001,2.3617,0,6
CHEMBL698,CCCCNc1ccc(C(=O)OCCN(C)C)cc1,1673.0,1.673e-06,5.776504059037605,264.3689999999999,2.617000000000001,1,4
CHEMBL479,CSc1ccc2c(c1)N(CCC1CCCCN1C)c1ccccc1S2,363.0,3.63e-07,6.440093374963888,370.587,5.885600000000005,0,4
CHEMBL83,CC/C(=C(\c1ccccc1)c1ccc(OCCN(C)C)cc1)c1ccccc1,21.0,2.1000000000000003e-08,7.67778070526608,371.524,5.9961000000000055,0,2
CHEMBL822,CN(C/C=C/C#CC(C)(C)C)Cc1cccc2ccccc12,560.2,5.602000000000001e-07,6.2516568955124505,291.438,4.877300000000004,0,1
CHEMBL275742,CC(C)NC[C@@H](O)COc1cccc2ccccc12,3974.0,3.974e-06,5.400772137226204,259.34900000000005,2.5775000000000006,2,3
CHEMBL452861,CC(C)NC[C@H](O)COc1cccc2ccccc12,6665.0,6.6650000000000006e-06,5.176199846250122,259.34900000000005,2.5775000000000006,2,3
CHEMBL809,CN[C@H]1CC[C@@H](c2ccc(Cl)c(Cl)c2)c2ccccc21,69.7,6.970000000000002e-08,7.15676722190199,306.236,5.179600000000004,1,1
CHEMBL404849,CCCCCCCCNC(C)C(O)c1ccc(SC(C)C)cc1,117.2,1.172e-07,6.931072388317928,337.5730000000001,5.559100000000006,2,3
CHEMBL833,Clc1ccccc1CN1CCc2sccc2C1,426.0,4.2600000000000003e-07,6.370590400897281,263.793,3.959800000000002,0,2
CHEMBL1306,CC(C)N1CCN(c2ccc(OC[C@H]3CO[C@](Cn4cncn4)(c4ccc(Cl)cc4Cl)O3)cc2)CC1,508.0,5.08e-07,6.29413628771608,532.472,4.462700000000003,0,8
CHEMBL81,O=C(c1ccc(OCCN2CCCCC2)cc1)c1c(-c2ccc(O)cc2)sc2cc(O)ccc12,681.0,6.81e-07,6.166852888087215,473.5940000000001,6.075200000000007,2,6
CHEMBL1076211,Cc1ccc(C(=O)C(C)CN2CCCCC2)cc1,13.0,1.3e-08,7.886056647693163,245.36599999999993,3.2997200000000024,0,2
CHEMBL2023828,c1ccc(C(c2ccc(N3CCOCC3)cc2)C23CC4CC(CC(C4)C2)C3)cc1,100.0,1.0000000000000001e-07,7.0,387.5670000000001,5.8715000000000055,0,2
CHEMBL2023823,CN1CCN(c2ccc(C(c3ccccc3)C34CC5CC(CC(C5)C3)C4)cc2)CC1,3.2,3.2e-09,8.494850021680094,400.6100000000003,5.786700000000006,0,2
CHEMBL2023824,CCN1CCN(c2ccc(C(c3ccccc3)C34CC5CC(CC(C5)C3)C4)cc2)CC1,2.9,2.9e-09,8.537602002101044,414.63700000000034,6.176800000000006,0,2
CHEMBL2023825,c1ccc(C(c2ccc(N3CCN(C4CCCCC4)CC3)cc2)C23CC4CC(CC(C4)C2)C3)cc1,0.27,2.7000000000000005e-10,9.568636235841012,468.72900000000027,7.489600000000008,0,2
CHEMBL2023826,c1ccc(CN2CCN(c3ccc(C(c4ccccc4)C45CC6CC(CC(C6)C4)C5)cc3)CC2)cc1,63.3,6.33e-08,7.198596289982645,476.7080000000004,7.357100000000008,0,2
CHEMBL2023827,c1ccc(C(c2ccc(N3CCNCC3)cc2)C23CC4CC(CC(C4)C2)C3)cc1,12.4,1.2400000000000002e-08,7.906578314837765,386.58300000000014,5.444500000000005,1,2
CHEMBL2204679,c1ccc(C(c2ccc(CCCN3CCCCC3)cc2)C23CC4CC(CC(C4)C2)C3)cc1,12.3,1.2300000000000001e-08,7.910094888560602,427.67600000000016,7.453400000000007,0,1
CHEMBL2204678,c1ccc(C(c2ccc(CCCN3CCNCC3)cc2)C23CC4CC(CC(C4)C2)C3)cc1,42.0,4.2000000000000006e-08,7.376750709602099,428.6640000000002,5.872700000000005,1,2
CHEMBL2204677,c1ccc(CN2CCN(CCCc3ccc(C(c4ccccc4)C45CC6CC(CC(C6)C4)C5)cc3)CC2)cc1,36.1,3.6100000000000006e-08,7.442492798094342,518.7890000000004,7.785300000000009,0,2
CHEMBL2204675,CN1CCN(CCCc2ccc(C(c3ccccc3)C34CC5CC(CC(C5)C3)C4)cc2)CC1,48.1,4.8100000000000014e-08,7.317854923626168,442.69100000000043,6.214900000000007,0,2
CHEMBL2204672,CN1CCN(CCc2ccc(C(c3ccccc3)C34CC5CC(CC(C5)C3)C4)cc2)CC1,2.9,2.9e-09,8.537602002101044,428.6640000000004,5.824800000000006,0,2
CHEMBL2204668,CN1CCN(Cc2ccc(C(c3ccccc3)C34CC5CC(CC(C5)C3)C4)cc2)CC1,5.2,5.2e-09,8.2839966563652,414.6370000000003,5.782300000000006,0,2
CHEMBL2391351,CCCCCN(C)C(=O)CN1CCNC2(CCCCC2)C1,210.0,2.1e-07,6.6777807052660805,295.47100000000006,2.243099999999999,1,3
CHEMBL2391354,O=C(CN1CCN2CCCCC2C1)NC1CCCCC1,270.0,2.7e-07,6.568636235841013,279.42800000000005,1.6053999999999995,1,3
CHEMBL2391353,O=C(CN1CCN2CCC[C@H]2C1)NC1CCCCC1,2250.0,2.25e-06,5.647817481888637,265.401,1.2152999999999998,1,3
CHEMBL2391352,O=C(CN1CCN2CCC[C@@H]2C1)NC1CCCCC1,390.0,3.9e-07,6.4089353929735005,265.401,1.2152999999999998,1,3
CHEMBL2391539,CC(C(=O)NCCC1CCCCCCC1)N1CCN(C(=O)C2CCCCC2)CC1,11600.0,1.16e-05,4.935542010773082,405.62700000000024,3.9662000000000024,1,3
CHEMBL2391382,CC(C)(C(=O)NC1CCCCC1)N1CCN(C2CCCC2)CC1,500.0,5.000000000000001e-07,6.301029995663981,321.5090000000001,2.7741000000000007,1,3
CHEMBL2391381,CC(=O)N1CCCN(CCC(=O)NC2CCCCCC2)CC1,18000.0,1.8e-05,4.7447274948966935,309.4540000000001,1.7696999999999992,1,3
CHEMBL2391380,CCCCCN(C)C(=O)CN1CCCNCC1,15200.0,1.52e-05,4.818156412055227,241.37899999999993,0.9303000000000001,1,3
CHEMBL2391379,CN1CCCN(CC(=O)NCCCC2CCCC2)CC1,930.0,9.3e-07,6.031517051446065,281.444,1.7104999999999995,1,3
CHEMBL2391378,CC(C)N1CCCN(CC(=O)N[C@H](C)C(C)(C)C)CC1,11800.0,1.18e-05,4.928117992693875,283.4600000000001,1.9532999999999998,1,3
CHEMBL2391377,CCC(=O)N1CCN(C(C)C(=O)NC2CCCC2)CC1,100000.0,0.0001,4.0,281.40000000000003,0.9879,1,3
CHEMBL2391376,C[C@@H]1[C@@H](NC(=O)CN2CCN(C3CCCCC3)CC2)C[C@H]2C[C@@H]1C2(C)C,180.0,1.8000000000000002e-07,6.7447274948966935,361.5740000000001,3.1236000000000015,1,3
CHEMBL2391375,CC(C)(C)CCNC(=O)CN1CCN(C(=O)C2CCCCC2)CC1,21100.0,2.11e-05,4.675717544702307,337.5080000000002,2.263299999999999,1,3
CHEMBL2391374,CC(C)NC(=O)C(C)(C)N1CCN(C2CCCCC2)CC1,8410.0,8.41e-06,5.075204004202088,295.471,2.2398999999999996,1,3
CHEMBL2391373,C[C@@H]1[C@@H](NC(=O)CN2CCNCC2)C[C@H]2C[C@@H]1C2(C)C,15800.0,1.58e-05,4.801342913045577,279.428,1.0785000000000005,2,3
CHEMBL2391372,O=C(CN1CCNCC1)N[C@H]1C[C@@H]2CC[C@H]1C2,86800.0,8.680000000000001e-05,4.061480274823508,237.34699999999998,0.1964000000000008,2,3
CHEMBL2391371,CC(C)(C)CCNC(=O)CN1CCNCC1,18800.0,1.88e-05,4.72584215073632,227.35199999999995,0.44400000000000067,2,3
CHEMBL2391369,CC(C(=O)NCCC1CCCCCCC1)N1CCNCC1,7240.0,7.24e-06,5.140261433802853,295.47099999999995,2.1468999999999996,2,3
CHEMBL2391368,O=C(CN1CCN(C2CCCC2)CC1)NC1CCCCC1,430.0,4.3e-07,6.366531544420414,293.45500000000004,1.9954999999999994,1,3
CHEMBL2391540,CN(C(=O)CN1CCNCC1)C1CCCC1,100000.0,0.0001,4.0,225.33599999999996,0.29260000000000086,1,3
CHEMBL2391367,CCC(=O)N1CCN(CC(=O)NC2CCCCC2)CC1,100000.0,0.0001,4.0,281.40000000000003,0.9894999999999998,1,3
CHEMBL2391366,CCC(=O)N1CCN(CC(=O)NC(CC)CC)CC1,100000.0,0.0001,4.0,269.389,0.8454000000000002,1,3
CHEMBL2391365,CCCCC(C(=O)NC1CCCCC1)N1CCNCC1,11500.0,1.15e-05,4.939302159646388,281.44399999999996,1.8993,2,3
CHEMBL2391364,CCCCN(CCC)C(=O)CN1CCNCC1,16300.0,1.63e-05,4.787812395596042,241.37899999999993,0.9303000000000001,1,3
CHEMBL2391363,O=C(CCN1CCN(C(=O)C2CC2)CC1)NC1CCCCC1,8830.0,8.83e-06,5.054039296422431,307.4380000000001,1.3795999999999995,1,3
CHEMBL2391362,CCCCN(CCC)C(=O)CN1C[C@H](C)NC[C@H]1C,7600.0,7.6e-06,5.119186407719209,269.433,1.7072999999999998,1,3
CHEMBL2391361,CCC(CC)NC(=O)CN1CCCN(C)CC1,15200.0,1.52e-05,4.818156412055227,241.37899999999993,0.9287000000000003,1,3
CHEMBL2391360,CCC(=O)N1CCN(CC(=O)NCC(C)CC)CC1,100000.0,0.0001,4.0,269.389,0.7029000000000003,1,3
CHEMBL2391359,CCN1CCN(CC(=O)N(C)C2CCCC2)CC1C,1200.0,1.2000000000000002e-06,5.920818753952375,267.417,1.4133999999999993,0,3
CHEMBL2391358,CCC(C(=O)NC1CCCCC1)N1CCN(C2CCCC2)CC1,590.0,5.900000000000001e-07,6.229147988357855,321.5090000000001,2.7741000000000007,1,3
CHEMBL2391357,CN1CCCN(CC(=O)NC2CCCCC2)CC1,3250.0,3.25e-06,5.488116639021126,253.38999999999993,1.0728,1,3
CHEMBL2391356,CC(C)NC(=O)CN1CCNCC1,100000.0,0.0001,4.0,185.27099999999996,-0.5837999999999988,2,3
CHEMBL1983100,O=C(CN1CCNCC1)NC1CCCCC1,27200.0,2.72e-05,4.565431095965801,225.33599999999996,0.34050000000000047,2,3
CHEMBL2391147,C[C@H]1[C@@H](c2ccccc2)CC(=O)N1CC(N)=O,43.0,4.3e-08,7.366531544420414,232.28299999999993,0.8763000000000001,1,2
CHEMBL3220543,CSc1nc(N2C[C@@H]3[C@H](C2)[C@H]3C(=O)O)ccc1C(=O)NC12CC3CC(CC(C3)C1)C2,30000.0,3e-05,4.522878745280337,427.57000000000033,3.268900000000002,2,5
CHEMBL294144,COc1cccc2c1CCC(=O)N2CCCN1CCN(c2cccc(Cl)c2)CC1,47.0,4.7000000000000004e-08,7.327902142064283,413.94900000000007,3.840100000000003,0,4
CHEMBL3414957,O=C(CN1CCCCC1)N1CCN(C2(c3ccccc3)C3CC4CC(C3)CC2C4)CC1,135.0,1.35e-07,6.8696662315049934,421.6290000000003,3.9681000000000033,0,3
CHEMBL177952,COc1ccc2c(c1)CCCC2CCCCN1CCC(C)CC1,11.3,1.1300000000000002e-08,7.94692155651658,315.50100000000003,5.017300000000005,0,2
CHEMBL176941,COc1ccc2c(CCCCN3CCC(C)CC3)cccc2c1,15.5,1.55e-08,7.809668301829708,311.46899999999994,4.903000000000005,0,2
CHEMBL60542,CC(C)=CCN1CC[C@]2(C)c3cc(O)ccc3C[C@H]1[C@H]2C,8.24,8.240000000000001e-09,8.084072788302883,285.43100000000004,3.8826000000000027,1,2
CHEMBL596,CCC(=O)N(c1ccccc1)C1CCN(CCc2ccccc2)CC1,354.0,3.54e-07,6.450996737974212,336.47900000000004,4.136700000000004,0,2
CHEMBL4761695,[2H]C([2H])([2H])Oc1cc(F)cc2c(N3CCN(c4ccccc4F)CC3)c(C#N)cnc12,3500.0,3.5000000000000004e-06,5.455931955649724,383.4163053340002,3.7198800000000025,0,5
CHEMBL4297224,CN(C)CC1CCOC1(c1ccccc1)c1ccccc1,860.0,8.6e-07,6.0655015487564325,281.399,3.5283000000000024,0,2
CHEMBL4519018,CN1C2CCCC1CC(Nc1ccccc1Br)C2,84.0,8.400000000000001e-08,7.075720713938118,309.2510000000001,3.876300000000003,1,2
CHEMBL5440801,Cc1ccc(CCCN2CC3(CC(=O)N(c4ccccc4)C3)C2)cc1,19.1,1.91e-08,7.718966632752273,334.4630000000001,3.666520000000003,0,2
