action_type,activity_comment,activity_id,activity_properties,assay_chembl_id,assay_description,assay_type,assay_variant_accession,assay_variant_mutation,bao_endpoint,bao_format,bao_label,canonical_smiles,data_validity_comment,data_validity_description,document_chembl_id,document_journal,document_year,ligand_efficiency,molecule_chembl_id,molecule_pref_name,parent_molecule_chembl_id,pchembl_value,potential_duplicate,qudt_units,record_id,relation,src_id,standard_flag,standard_relation,standard_text_value,standard_type,standard_units,standard_upper_value,standard_value,target_chembl_id,target_organism,target_pref_name,target_tax_id,text_value,toid,type,units,uo_units,upper_value,value
,,33306,[],CHEMBL804884,The compound was evaluated for binding affinity against sigma opioid receptor using [3H]DTG radioligand in guinea pig membranes,B,,,BAO_0000190,BAO_0000249,cell membrane format,C/C(=N\C1CCCCC1)NC12CC3CC(CC(C3)C1)C2,,,CHEMBL1127129,Bioorg Med Chem Lett,1993.0,"{'bei': '26.03', 'le': '0.49', 'lle': '2.84', 'sei': '29.29'}",CHEMBL67010,,CHEMBL67010,7.14,0,http://www.openphacts.org/units/Nanomolar,115498,=,1,1,=,,IC50,nM,,72.0,CHEMBL287,Homo sapiens,Sigma opioid receptor,9606,,,IC50,nM,UO_0000065,,72.0
,,34563,[],CHEMBL804884,The compound was evaluated for binding affinity against sigma opioid receptor using [3H]DTG radioligand in guinea pig membranes,B,,,BAO_0000190,BAO_0000249,cell membrane format,C/C(=N\C12CC3CC(CC(C3)C1)C2)Nc1ccccc1C.Cl,,,CHEMBL1127129,Bioorg Med Chem Lett,1993.0,"{'bei': '29.11', 'le': '0.53', 'lle': '3.43', 'sei': '33.71'}",CHEMBL542638,,CHEMBL1191528,8.22,0,http://www.openphacts.org/units/Nanomolar,115495,=,1,1,=,,IC50,nM,,6.0,CHEMBL287,Homo sapiens,Sigma opioid receptor,9606,,,IC50,nM,UO_0000065,,6.0
,,46551,[],CHEMBL804884,The compound was evaluated for binding affinity against sigma opioid receptor using [3H]DTG radioligand in guinea pig membranes,B,,,BAO_0000190,BAO_0000249,cell membrane format,C/C(=N\C1CCCCC1)Nc1ccccc1C.Cl,,,CHEMBL1127129,Bioorg Med Chem Lett,1993.0,"{'bei': '34.93', 'le': '0.65', 'lle': '3.89', 'sei': '32.99'}",CHEMBL544054,,CHEMBL1192761,8.05,0,http://www.openphacts.org/units/Nanomolar,115496,=,1,1,=,,IC50,nM,,9.0,CHEMBL287,Homo sapiens,Sigma opioid receptor,9606,,,IC50,nM,UO_0000065,,9.0
,,51708,[],CHEMBL804884,The compound was evaluated for binding affinity against sigma opioid receptor using [3H]DTG radioligand in guinea pig membranes,B,,,BAO_0000190,BAO_0000249,cell membrane format,C/C(=N\C12CC3CC(CC(C3)C1)C2)NC12CC3CC(CC(C3)C1)C2,,,CHEMBL1127129,Bioorg Med Chem Lett,1993.0,"{'bei': '23.87', 'le': '0.44', 'lle': '2.87', 'sei': '31.96'}",CHEMBL67388,,CHEMBL67388,7.80,0,http://www.openphacts.org/units/Nanomolar,115497,=,1,1,=,,IC50,nM,,16.0,CHEMBL287,Homo sapiens,Sigma opioid receptor,9606,,,IC50,nM,UO_0000065,,16.0
,,53078,[],CHEMBL804884,The compound was evaluated for binding affinity against sigma opioid receptor using [3H]DTG radioligand in guinea pig membranes,B,,,BAO_0000190,BAO_0000249,cell membrane format,C/C(=N\c1ccccc1C)Nc1ccccc1C.Cl,,,CHEMBL1127129,Bioorg Med Chem Lett,1993.0,"{'bei': '32.83', 'le': '0.59', 'lle': '3.35', 'sei': '32.08'}",CHEMBL538754,,CHEMBL1189436,7.82,0,http://www.openphacts.org/units/Nanomolar,115500,=,1,1,=,,IC50,nM,,15.0,CHEMBL287,Homo sapiens,Sigma opioid receptor,9606,,,IC50,nM,UO_0000065,,15.0
,,61954,[],CHEMBL804884,The compound was evaluated for binding affinity against sigma opioid receptor using [3H]DTG radioligand in guinea pig membranes,B,,,BAO_0000190,BAO_0000249,cell membrane format,C/C(=N\C1CC2CCC1C2)Nc1ccccc1C,,,CHEMBL1127129,Bioorg Med Chem Lett,1993.0,"{'bei': '33.20', 'le': '0.61', 'lle': '4.04', 'sei': '32.99'}",CHEMBL63508,,CHEMBL63508,8.05,0,http://www.openphacts.org/units/Nanomolar,115501,=,1,1,=,,IC50,nM,,9.0,CHEMBL287,Homo sapiens,Sigma opioid receptor,9606,,,IC50,nM,UO_0000065,,9.0
,,67137,[],CHEMBL804884,The compound was evaluated for binding affinity against sigma opioid receptor using [3H]DTG radioligand in guinea pig membranes,B,,,BAO_0000190,BAO_0000249,cell membrane format,C/C(=N\c1ccc(Br)cc1C)Nc1ccc(Br)cc1C,,,CHEMBL1127129,Bioorg Med Chem Lett,1993.0,"{'bei': '19.15', 'le': '0.52', 'lle': '1.60', 'sei': '31.10'}",CHEMBL67665,,CHEMBL67665,7.58,0,http://www.openphacts.org/units/Nanomolar,115499,=,1,1,=,,IC50,nM,,26.0,CHEMBL287,Homo sapiens,Sigma opioid receptor,9606,,,IC50,nM,UO_0000065,,26.0
,,68349,[],CHEMBL804884,The compound was evaluated for binding affinity against sigma opioid receptor using [3H]DTG radioligand in guinea pig membranes,B,,,BAO_0000190,BAO_0000249,cell membrane format,Cc1ccccc1NC(=N)Nc1ccccc1C,,,CHEMBL1127129,Bioorg Med Chem Lett,1993.0,"{'bei': '31.32', 'le': '0.57', 'lle': '3.73', 'sei': '15.64'}",CHEMBL282433,DITOLYLGUANIDINE,CHEMBL282433,7.50,1,http://www.openphacts.org/units/Nanomolar,115494,=,1,1,=,,IC50,nM,,32.0,CHEMBL287,Homo sapiens,Sigma opioid receptor,9606,,,IC50,nM,UO_0000065,,32.0
,,108356,[],CHEMBL803934,Sigma receptor binding was determined by labeling with radioligand [3H](+)-pentazocine on frozen membranes obtained from frozen guinea pig brain,B,,,BAO_0000190,BAO_0000019,assay format,Fc1ccc(C(OCCN2CCN(C/C=C/c3ccco3)CC2)c2ccc(F)cc2)cc1,,,CHEMBL1129953,J Med Chem,1997.0,"{'bei': '16.80', 'le': '0.31', 'lle': '2.38', 'sei': '25.53'}",CHEMBL159967,,CHEMBL159967,7.37,0,http://www.openphacts.org/units/Nanomolar,317786,=,1,1,=,,IC50,nM,,43.0,CHEMBL287,Homo sapiens,Sigma opioid receptor,9606,,,IC50,nM,UO_0000065,,43.0
,,117620,[],CHEMBL803934,Sigma receptor binding was determined by labeling with radioligand [3H](+)-pentazocine on frozen membranes obtained from frozen guinea pig brain,B,,,BAO_0000190,BAO_0000019,assay format,c1ccc(CCCN2CCN(CCOC(c3ccccc3)c3ccccc3)CC2)cc1,,,CHEMBL1129953,J Med Chem,1997.0,"{'bei': '18.74', 'le': '0.34', 'lle': '2.73', 'sei': '49.46'}",CHEMBL26320,,CHEMBL26320,7.77,1,http://www.openphacts.org/units/Nanomolar,317768,=,1,1,=,,IC50,nM,,17.0,CHEMBL287,Homo sapiens,Sigma opioid receptor,9606,,,IC50,nM,UO_0000065,,17.0
,,117628,[],CHEMBL803934,Sigma receptor binding was determined by labeling with radioligand [3H](+)-pentazocine on frozen membranes obtained from frozen guinea pig brain,B,,,BAO_0000190,BAO_0000019,assay format,Fc1ccc(C(OCCN2CCN(CCCc3cccnc3)CC2)c2ccc(F)cc2)cc1,,,CHEMBL1129953,J Med Chem,1997.0,"{'bei': '15.73', 'le': '0.29', 'lle': '2.38', 'sei': '24.83'}",CHEMBL159608,,CHEMBL159608,7.10,0,http://www.openphacts.org/units/Nanomolar,317785,=,1,1,=,,IC50,nM,,79.0,CHEMBL287,Homo sapiens,Sigma opioid receptor,9606,,,IC50,nM,UO_0000065,,79.0
,,118887,[],CHEMBL803934,Sigma receptor binding was determined by labeling with radioligand [3H](+)-pentazocine on frozen membranes obtained from frozen guinea pig brain,B,,,BAO_0000190,BAO_0000019,assay format,Fc1ccc(C(OCCN2CCN(C/C=C/c3cccs3)CC2)c2ccc(F)cc2)cc1,,,CHEMBL1129953,J Med Chem,1997.0,"{'bei': '16.25', 'le': '0.32', 'lle': '1.93', 'sei': '47.02'}",CHEMBL159320,,CHEMBL159320,7.39,0,http://www.openphacts.org/units/Nanomolar,317788,=,1,1,=,,IC50,nM,,41.0,CHEMBL287,Homo sapiens,Sigma opioid receptor,9606,,,IC50,nM,UO_0000065,,41.0
,,123804,[],CHEMBL803934,Sigma receptor binding was determined by labeling with radioligand [3H](+)-pentazocine on frozen membranes obtained from frozen guinea pig brain,B,,,BAO_0000190,BAO_0000019,assay format,Fc1ccc(C(OCCN2CCN(C/C=C/c3cccnc3)CC2)c2ccc(F)cc2)cc1,,,CHEMBL1129953,J Med Chem,1997.0,"{'bei': '16.08', 'le': '0.30', 'lle': '2.43', 'sei': '25.28'}",CHEMBL164037,,CHEMBL164037,7.23,0,http://www.openphacts.org/units/Nanomolar,317784,=,1,1,=,,IC50,nM,,59.0,CHEMBL287,Homo sapiens,Sigma opioid receptor,9606,,,IC50,nM,UO_0000065,,59.0
,,128937,[],CHEMBL803934,Sigma receptor binding was determined by labeling with radioligand [3H](+)-pentazocine on frozen membranes obtained from frozen guinea pig brain,B,,,BAO_0000190,BAO_0000019,assay format,Fc1ccc(C(OCCN2CCN(CCCc3ccccc3)CC2)c2ccc(F)cc2)cc1,,,CHEMBL1129953,J Med Chem,1997.0,"{'bei': '16.35', 'le': '0.30', 'lle': '2.05', 'sei': '46.89'}",CHEMBL281594,VANOXERINE,CHEMBL281594,7.37,0,http://www.openphacts.org/units/Nanomolar,317769,=,1,1,=,,IC50,nM,,43.0,CHEMBL287,Homo sapiens,Sigma opioid receptor,9606,,,IC50,nM,UO_0000065,,43.0
,,128947,[],CHEMBL803934,Sigma receptor binding was determined by labeling with radioligand [3H](+)-pentazocine on frozen membranes obtained from frozen guinea pig brain,B,,,BAO_0000190,BAO_0000019,assay format,Fc1ccc(C(OCCN2CCN(CCCc3ccco3)CC2)c2ccc(F)cc2)cc1,,,CHEMBL1129953,J Med Chem,1997.0,"{'bei': '16.36', 'le': '0.31', 'lle': '2.30', 'sei': '24.98'}",CHEMBL159319,,CHEMBL159319,7.21,0,http://www.openphacts.org/units/Nanomolar,317787,=,1,1,=,,IC50,nM,,62.0,CHEMBL287,Homo sapiens,Sigma opioid receptor,9606,,,IC50,nM,UO_0000065,,62.0
,,134031,[],CHEMBL803934,Sigma receptor binding was determined by labeling with radioligand [3H](+)-pentazocine on frozen membranes obtained from frozen guinea pig brain,B,,,BAO_0000190,BAO_0000019,assay format,Fc1ccc(C(OCCN2CCN(C/C=C/c3ccccc3)CC2)c2ccc(F)cc2)cc1,,,CHEMBL1129953,J Med Chem,1997.0,"{'bei': '16.26', 'le': '0.30', 'lle': '1.89', 'sei': '46.42'}",CHEMBL286991,,CHEMBL286991,7.29,0,http://www.openphacts.org/units/Nanomolar,317770,=,1,1,=,,IC50,nM,,51.0,CHEMBL287,Homo sapiens,Sigma opioid receptor,9606,,,IC50,nM,UO_0000065,,51.0
,,135261,[],CHEMBL803934,Sigma receptor binding was determined by labeling with radioligand [3H](+)-pentazocine on frozen membranes obtained from frozen guinea pig brain,B,,,BAO_0000190,BAO_0000019,assay format,Fc1ccc(C(OCCN2CCN(CCCc3cccs3)CC2)c2ccc(F)cc2)cc1,,,CHEMBL1129953,J Med Chem,1997.0,"{'bei': '16.25', 'le': '0.32', 'lle': '2.04', 'sei': '47.23'}",CHEMBL163980,,CHEMBL163980,7.42,0,http://www.openphacts.org/units/Nanomolar,317789,=,1,1,=,,IC50,nM,,38.0,CHEMBL287,Homo sapiens,Sigma opioid receptor,9606,,,IC50,nM,UO_0000065,,38.0
,,145648,[],CHEMBL803878,Binding affinity for sigma opioid receptor using [3H](+)-3-PPP as radioligand,B,,,BAO_0000190,BAO_0000357,single protein format,CN(C(=O)Nc1ccc(Cl)c(Cl)c1)[C@@H]1CCCC[C@@H]1N1CCCC1,,,CHEMBL1125016,J Med Chem,1990.0,"{'bei': '14.25', 'le': '0.30', 'lle': '0.42', 'sei': '14.83'}",CHEMBL607159,,CHEMBL607159,5.28,0,http://www.openphacts.org/units/Nanomolar,197388,=,1,1,=,,IC50,nM,,5303.0,CHEMBL287,Homo sapiens,Sigma opioid receptor,9606,,,IC50,nM,UO_0000065,,5303.0
,,145651,[],CHEMBL803878,Binding affinity for sigma opioid receptor using [3H](+)-3-PPP as radioligand,B,,,BAO_0000190,BAO_0000357,single protein format,CN(C(=O)COc1cccc(Cl)c1Cl)[C@@H]1CCCC[C@@H]1N1CCCC1,,,CHEMBL1125016,J Med Chem,1990.0,"{'bei': '19.14', 'le': '0.40', 'lle': '3.14', 'sei': '22.50'}",CHEMBL607212,,CHEMBL607212,7.38,0,http://www.openphacts.org/units/Nanomolar,197380,=,1,1,=,,IC50,nM,,42.0,CHEMBL287,Homo sapiens,Sigma opioid receptor,9606,,,IC50,nM,UO_0000065,,42.0
,,146775,[],CHEMBL803878,Binding affinity for sigma opioid receptor using [3H](+)-3-PPP as radioligand,B,,,BAO_0000190,BAO_0000357,single protein format,CN(C(=O)Cc1ccc(Cl)c(Cl)c1)[C@@H]1CCCC[C@@H]1N1CCCC1,,,CHEMBL1125016,J Med Chem,1990.0,"{'bei': '18.17', 'le': '0.38', 'lle': '2.31', 'sei': '28.50'}",CHEMBL301867,,CHEMBL301867,6.71,0,http://www.openphacts.org/units/Nanomolar,197345,=,1,1,=,,IC50,nM,,194.0,CHEMBL287,Homo sapiens,Sigma opioid receptor,9606,,,IC50,nM,UO_0000065,,194.0
,,147934,[],CHEMBL803878,Binding affinity for sigma opioid receptor using [3H](+)-3-PPP as radioligand,B,,,BAO_0000190,BAO_0000357,single protein format,CN(C(=O)CSc1ccccc1)[C@@H]1CCCC[C@@H]1N1CCCC1,,,CHEMBL1125016,J Med Chem,1990.0,"{'bei': '20.15', 'le': '0.40', 'lle': '3.06', 'sei': '28.45'}",CHEMBL607273,,CHEMBL607273,6.70,0,http://www.openphacts.org/units/Nanomolar,197384,=,1,1,=,,IC50,nM,,200.0,CHEMBL287,Homo sapiens,Sigma opioid receptor,9606,,,IC50,nM,UO_0000065,,200.0
,,149195,[],CHEMBL803878,Binding affinity for sigma opioid receptor using [3H](+)-3-PPP as radioligand,B,,,BAO_0000190,BAO_0000357,single protein format,CN(CCc1ccc(Cl)c(Cl)c1)C1CCCCC1N1CCCC1,,,CHEMBL1125016,J Med Chem,1990.0,"{'bei': '24.48', 'le': '0.52', 'lle': '3.83', 'sei': '134.24'}",CHEMBL2303661,,CHEMBL2303661,8.70,0,http://www.openphacts.org/units/Nanomolar,197340,=,1,1,=,,IC50,nM,,2.0,CHEMBL287,Homo sapiens,Sigma opioid receptor,9606,,,IC50,nM,UO_0000065,,2.0
,,150326,[],CHEMBL803878,Binding affinity for sigma opioid receptor using [3H](+)-3-PPP as radioligand,B,,,BAO_0000190,BAO_0000357,single protein format,CN(C(=O)Cc1ccc(Cl)cc1Cl)[C@@H]1CCCC[C@@H]1N1CCCC1,,,CHEMBL1125016,J Med Chem,1990.0,"{'bei': '17.75', 'le': '0.37', 'lle': '2.16', 'sei': '27.84'}",CHEMBL607450,,CHEMBL607450,6.56,0,http://www.openphacts.org/units/Nanomolar,197356,=,1,1,=,,IC50,nM,,278.0,CHEMBL287,Homo sapiens,Sigma opioid receptor,9606,,,IC50,nM,UO_0000065,,278.0
,,150329,[],CHEMBL803878,Binding affinity for sigma opioid receptor using [3H](+)-3-PPP as radioligand,B,,,BAO_0000190,BAO_0000357,single protein format,CN(/C(S)=N/c1ccc(Cl)c(Cl)c1)[C@@H]1CCCC[C@@H]1N1CCCC1,,,CHEMBL1125016,J Med Chem,1990.0,"{'bei': '14.20', 'le': '0.31', 'lle': '0.24', 'sei': '29.12'}",CHEMBL607211,,CHEMBL607211,5.49,0,http://www.openphacts.org/units/Nanomolar,197387,=,1,1,=,,IC50,nM,,3267.0,CHEMBL287,Homo sapiens,Sigma opioid receptor,9606,,,IC50,nM,UO_0000065,,3267.0
,,150332,[],CHEMBL803878,Binding affinity for sigma opioid receptor using [3H](+)-3-PPP as radioligand,B,,,BAO_0000190,BAO_0000357,single protein format,CN(C(=O)c1ccc(Cl)c(Cl)c1)[C@H]1CCCC[C@H]1N1CCCC1,,,CHEMBL1125016,J Med Chem,1990.0,"{'bei': '14.42', 'le': '0.30', 'lle': '0.65', 'sei': '21.75'}",CHEMBL607276,,CHEMBL607276,5.12,0,http://www.openphacts.org/units/Nanomolar,197369,=,1,1,=,,IC50,nM,,7551.0,CHEMBL287,Homo sapiens,Sigma opioid receptor,9606,,,IC50,nM,UO_0000065,,7551.0
,,150335,[],CHEMBL803878,Binding affinity for sigma opioid receptor using [3H](+)-3-PPP as radioligand,B,,,BAO_0000190,BAO_0000357,single protein format,CN(C(=O)Cc1cccs1)[C@H]1CCCC[C@H]1N1CCCC1,,,CHEMBL1125016,J Med Chem,1990.0,"{'bei': '18.99', 'le': '0.38', 'lle': '2.66', 'sei': '24.71'}",CHEMBL606887,,CHEMBL606887,5.82,0,http://www.openphacts.org/units/Nanomolar,197364,=,1,1,=,,IC50,nM,,1516.0,CHEMBL287,Homo sapiens,Sigma opioid receptor,9606,,,IC50,nM,UO_0000065,,1516.0
,,151613,[],CHEMBL803878,Binding affinity for sigma opioid receptor using [3H](+)-3-PPP as radioligand,B,,,BAO_0000190,BAO_0000357,single protein format,COc1cc(CC(=O)N(C)[C@@H]2CCCC[C@@H]2N2CCCC2)cc(OC)c1OC,,,CHEMBL1125016,J Med Chem,1990.0,"{'bei': '16.70', 'le': '0.32', 'lle': '3.40', 'sei': '12.72'}",CHEMBL607448,,CHEMBL607448,6.52,0,http://www.openphacts.org/units/Nanomolar,197352,=,1,1,=,,IC50,nM,,302.0,CHEMBL287,Homo sapiens,Sigma opioid receptor,9606,,,IC50,nM,UO_0000065,,302.0
,,154034,[],CHEMBL803878,Binding affinity for sigma opioid receptor using [3H](+)-3-PPP as radioligand,B,,,BAO_0000190,BAO_0000357,single protein format,CN(C(=O)c1cccc2ccccc12)[C@H]1CCCC[C@H]1N1CCCC1,,,CHEMBL1125016,J Med Chem,1990.0,"{'bei': '16.60', 'le': '0.31', 'lle': '1.27', 'sei': '23.72'}",CHEMBL606891,,CHEMBL606891,5.59,0,http://www.openphacts.org/units/Nanomolar,197368,=,1,1,=,,IC50,nM,,2593.0,CHEMBL287,Homo sapiens,Sigma opioid receptor,9606,,,IC50,nM,UO_0000065,,2593.0
,,155148,[],CHEMBL803878,Binding affinity for sigma opioid receptor using [3H](+)-3-PPP as radioligand,B,,,BAO_0000190,BAO_0000357,single protein format,CN(C(=O)Cc1cccc([N+](=O)[O-])c1)[C@@H]1CCCC[C@@H]1N1CCCC1,,,CHEMBL1125016,J Med Chem,1990.0,"{'bei': '16.77', 'le': '0.32', 'lle': '2.79', 'sei': '8.69'}",CHEMBL607392,,CHEMBL607392,5.79,0,http://www.openphacts.org/units/Nanomolar,197351,=,1,1,=,,IC50,nM,,1609.0,CHEMBL287,Homo sapiens,Sigma opioid receptor,9606,,,IC50,nM,UO_0000065,,1609.0
,,156519,[],CHEMBL803878,Binding affinity for sigma opioid receptor using [3H](+)-3-PPP as radioligand,B,,,BAO_0000190,BAO_0000357,single protein format,CN(C(=O)COc1cc(Cl)c(Cl)cc1Cl)[C@@H]1CCCC[C@@H]1N1CCCC1,,,CHEMBL1125016,J Med Chem,1990.0,"{'bei': '16.42', 'le': '0.36', 'lle': '2.00', 'sei': '21.03'}",CHEMBL607210,,CHEMBL607210,6.89,0,http://www.openphacts.org/units/Nanomolar,197379,=,1,1,=,,IC50,nM,,128.0,CHEMBL287,Homo sapiens,Sigma opioid receptor,9606,,,IC50,nM,UO_0000065,,128.0
,,157714,[],CHEMBL803878,Binding affinity for sigma opioid receptor using [3H](+)-3-PPP as radioligand,B,,,BAO_0000190,BAO_0000357,single protein format,CN(C(=O)Cc1cc(Cl)c(Cl)cc1[N+](=O)[O-])[C@@H]1CCCC[C@@H]1N1CCCC1,,,CHEMBL1125016,J Med Chem,1990.0,"{'bei': '12.61', 'le': '0.26', 'lle': '0.92', 'sei': '7.84'}",CHEMBL607452,,CHEMBL607452,5.22,0,http://www.openphacts.org/units/Nanomolar,197354,=,1,1,=,,IC50,nM,,5952.0,CHEMBL287,Homo sapiens,Sigma opioid receptor,9606,,,IC50,nM,UO_0000065,,5952.0
,,157720,[],CHEMBL803878,Binding affinity for sigma opioid receptor using [3H](+)-3-PPP as radioligand,B,,,BAO_0000190,BAO_0000357,single protein format,CN(C(=O)CCCOc1ccc(Cl)cc1Cl)[C@H]1CCCC[C@H]1N1CCCC1,,,CHEMBL1125016,J Med Chem,1990.0,"{'bei': '15.43', 'le': '0.32', 'lle': '1.36', 'sei': '19.46'}",CHEMBL606889,,CHEMBL606889,6.38,0,http://www.openphacts.org/units/Nanomolar,197366,=,1,1,=,,IC50,nM,,418.0,CHEMBL287,Homo sapiens,Sigma opioid receptor,9606,,,IC50,nM,UO_0000065,,418.0
,,158935,[],CHEMBL803878,Binding affinity for sigma opioid receptor using [3H](+)-3-PPP as radioligand,B,,,BAO_0000190,BAO_0000357,single protein format,CN(C(=O)Cc1ccc([N+](=O)[O-])cc1)[C@@H]1CCCC[C@@H]1N1CCCC1,,,CHEMBL1125016,J Med Chem,1990.0,"{'bei': '16.28', 'le': '0.31', 'lle': '2.62', 'sei': '8.43'}",CHEMBL606835,,CHEMBL606835,5.62,0,http://www.openphacts.org/units/Nanomolar,197360,=,1,1,=,,IC50,nM,,2374.0,CHEMBL287,Homo sapiens,Sigma opioid receptor,9606,,,IC50,nM,UO_0000065,,2374.0
,,160044,[],CHEMBL803878,Binding affinity for sigma opioid receptor using [3H](+)-3-PPP as radioligand,B,,,BAO_0000190,BAO_0000357,single protein format,COc1cc(CCC(=O)N(C)[C@@H]2CCCC[C@@H]2N2CCCC2)cc(OC)c1OC,,,CHEMBL1125016,J Med Chem,1990.0,"{'bei': '13.78', 'le': '0.26', 'lle': '2.06', 'sei': '10.88'}",CHEMBL607213,,CHEMBL607213,5.57,0,http://www.openphacts.org/units/Nanomolar,197382,=,1,1,=,,IC50,nM,,2670.0,CHEMBL287,Homo sapiens,Sigma opioid receptor,9606,,,IC50,nM,UO_0000065,,2670.0
,,160047,[],CHEMBL803878,Binding affinity for sigma opioid receptor using [3H](+)-3-PPP as radioligand,B,,,BAO_0000190,BAO_0000357,single protein format,CN(C(=O)C1(c2ccccc2)CC1)[C@H]1CCCC[C@H]1N1CCCC1,,,CHEMBL1125016,J Med Chem,1990.0,"{'bei': '15.98', 'le': '0.30', 'lle': '1.64', 'sei': '22.16'}",CHEMBL606890,,CHEMBL606890,5.22,0,http://www.openphacts.org/units/Nanomolar,197367,=,1,1,=,,IC50,nM,,6058.0,CHEMBL287,Homo sapiens,Sigma opioid receptor,9606,,,IC50,nM,UO_0000065,,6058.0
,,161345,[],CHEMBL803878,Binding affinity for sigma opioid receptor using [3H](+)-3-PPP as radioligand,B,,,BAO_0000190,BAO_0000357,single protein format,COc1ccccc1CC(=O)N(C)[C@@H]1CCCC[C@@H]1N1CCCC1,,,CHEMBL1125016,J Med Chem,1990.0,"{'bei': '20.22', 'le': '0.38', 'lle': '3.58', 'sei': '20.38'}",CHEMBL606834,,CHEMBL606834,6.68,0,http://www.openphacts.org/units/Nanomolar,197359,=,1,1,=,,IC50,nM,,208.0,CHEMBL287,Homo sapiens,Sigma opioid receptor,9606,,,IC50,nM,UO_0000065,,208.0
,,162562,[],CHEMBL803878,Binding affinity for sigma opioid receptor using [3H](+)-3-PPP as radioligand,B,,,BAO_0000190,BAO_0000357,single protein format,CN(C(=O)Cc1c(Cl)cccc1Cl)[C@@H]1CCCC[C@@H]1N1CCCC1,,,CHEMBL1125016,J Med Chem,1990.0,"{'bei': '15.86', 'le': '0.33', 'lle': '1.46', 'sei': '24.88'}",CHEMBL606783,,CHEMBL606783,5.86,0,http://www.openphacts.org/units/Nanomolar,197355,=,1,1,=,,IC50,nM,,1385.0,CHEMBL287,Homo sapiens,Sigma opioid receptor,9606,,,IC50,nM,UO_0000065,,1385.0
,,163876,[],CHEMBL803878,Binding affinity for sigma opioid receptor using [3H](+)-3-PPP as radioligand,B,,,BAO_0000190,BAO_0000357,single protein format,CN(C(=O)/C=C/c1ccc(Cl)c(Cl)c1)[C@@H]1CCCC[C@@H]1N1CCCC1,,,CHEMBL1125016,J Med Chem,1990.0,"{'bei': '14.26', 'le': '0.30', 'lle': '0.57', 'sei': '23.09'}",CHEMBL607158,,CHEMBL607158,5.44,0,http://www.openphacts.org/units/Nanomolar,197386,=,1,1,=,,IC50,nM,,3650.0,CHEMBL287,Homo sapiens,Sigma opioid receptor,9606,,,IC50,nM,UO_0000065,,3650.0
,,163924,[],CHEMBL803878,Binding affinity for sigma opioid receptor using [3H](+)-3-PPP as radioligand,B,,,BAO_0000190,BAO_0000357,single protein format,CN(C(=O)COc1ccc(Cl)cc1Cl)[C@@H]1CCCC[C@@H]1N1CCCC1,,,CHEMBL1125016,J Med Chem,1990.0,"{'bei': '18.48', 'le': '0.39', 'lle': '2.88', 'sei': '21.72'}",CHEMBL607333,,CHEMBL607333,7.12,0,http://www.openphacts.org/units/Nanomolar,197337,=,1,1,=,,IC50,nM,,76.0,CHEMBL287,Homo sapiens,Sigma opioid receptor,9606,,,IC50,nM,UO_0000065,,76.0
,,164913,[],CHEMBL803878,Binding affinity for sigma opioid receptor using [3H](+)-3-PPP as radioligand,B,,,BAO_0000190,BAO_0000357,single protein format,CN(C(=O)Cc1cc(Cl)c(Cl)cc1N)[C@@H]1CCCC[C@@H]1N1CCCC1,,,CHEMBL1125016,J Med Chem,1990.0,"{'bei': '20.61', 'le': '0.43', 'lle': '3.94', 'sei': '15.98'}",CHEMBL607449,,CHEMBL607449,7.92,0,http://www.openphacts.org/units/Nanomolar,197353,=,1,1,=,,IC50,nM,,12.0,CHEMBL287,Homo sapiens,Sigma opioid receptor,9606,,,IC50,nM,UO_0000065,,12.0
,,166299,[],CHEMBL803878,Binding affinity for sigma opioid receptor using [3H](+)-3-PPP as radioligand,B,,,BAO_0000190,BAO_0000357,single protein format,COc1cccc(CC(=O)N(C)[C@@H]2CCCC[C@@H]2N2CCCC2)c1,,,CHEMBL1125016,J Med Chem,1990.0,"{'bei': '20.20', 'le': '0.38', 'lle': '3.58', 'sei': '20.37'}",CHEMBL606784,,CHEMBL606784,6.68,0,http://www.openphacts.org/units/Nanomolar,197358,=,1,1,=,,IC50,nM,,211.0,CHEMBL287,Homo sapiens,Sigma opioid receptor,9606,,,IC50,nM,UO_0000065,,211.0
,,166351,[],CHEMBL803878,Binding affinity for sigma opioid receptor using [3H](+)-3-PPP as radioligand,B,,,BAO_0000190,BAO_0000357,single protein format,CN(C(=O)Cc1cccc2ccccc12)[C@H]1CCCC[C@H]1N1CCCC1,,,CHEMBL1125016,J Med Chem,1990.0,"{'bei': '20.29', 'le': '0.37', 'lle': '2.86', 'sei': '30.21'}",CHEMBL607332,,CHEMBL607332,7.11,0,http://www.openphacts.org/units/Nanomolar,197343,=,1,1,=,,IC50,nM,,77.0,CHEMBL287,Homo sapiens,Sigma opioid receptor,9606,,,IC50,nM,UO_0000065,,77.0
,,167516,[],CHEMBL803878,Binding affinity for sigma opioid receptor using [3H](+)-3-PPP as radioligand,B,,,BAO_0000190,BAO_0000357,single protein format,CN(CCc1ccccc1)[C@H]1CCCC[C@H]1N1CCCC1,,,CHEMBL1125016,J Med Chem,1990.0,"{'bei': '24.10', 'le': '0.45', 'lle': '3.33', 'sei': '106.53'}",CHEMBL607278,,CHEMBL607278,6.90,0,http://www.openphacts.org/units/Nanomolar,197371,=,1,1,=,,IC50,nM,,125.0,CHEMBL287,Homo sapiens,Sigma opioid receptor,9606,,,IC50,nM,UO_0000065,,125.0
,,169976,[],CHEMBL803878,Binding affinity for sigma opioid receptor using [3H](+)-3-PPP as radioligand,B,,,BAO_0000190,BAO_0000357,single protein format,CN(CCc1ccc2ccccc2c1)[C@H]1CCCC[C@H]1N1CCCC1,,,CHEMBL1125016,J Med Chem,1990.0,"{'bei': '22.08', 'le': '0.41', 'lle': '2.71', 'sei': '114.69'}",CHEMBL606937,,CHEMBL606937,7.43,0,http://www.openphacts.org/units/Nanomolar,197372,=,1,1,=,,IC50,nM,,37.0,CHEMBL287,Homo sapiens,Sigma opioid receptor,9606,,,IC50,nM,UO_0000065,,37.0
,Not Active,171145,[],CHEMBL803879,Compound was evaluated by measuring the affinity of compound to Sigma opioid receptor labelled with [3H](+)-3-PPP; no inhibition,B,,,BAO_0000190,BAO_0000357,single protein format,CN(C(=O)Cc1cccc(Cl)c1)[C@@H]1CCCC[C@@H]1N1CCCC1,,,CHEMBL1125016,J Med Chem,1990.0,,CHEMBL607388,,CHEMBL607388,,0,http://www.openphacts.org/units/Nanomolar,197349,,1,0,,,IC50,nM,,,CHEMBL287,Homo sapiens,Sigma opioid receptor,9606,,,IC50,nM,UO_0000065,,
,,173497,[],CHEMBL803878,Binding affinity for sigma opioid receptor using [3H](+)-3-PPP as radioligand,B,,,BAO_0000190,BAO_0000357,single protein format,CN(C(=O)Cc1ccc(Br)cc1)[C@@H]1CCCC[C@@H]1N1CCCC1,,,CHEMBL1125016,J Med Chem,1990.0,"{'bei': '17.51', 'le': '0.39', 'lle': '2.78', 'sei': '28.20'}",CHEMBL607274,,CHEMBL607274,6.64,0,http://www.openphacts.org/units/Nanomolar,197389,=,1,1,=,,IC50,nM,,228.0,CHEMBL287,Homo sapiens,Sigma opioid receptor,9606,,,IC50,nM,UO_0000065,,228.0
,,173500,[],CHEMBL803878,Binding affinity for sigma opioid receptor using [3H](+)-3-PPP as radioligand,B,,,BAO_0000190,BAO_0000357,single protein format,CN(C(=O)COc1ccccc1)[C@@H]1CCCC[C@@H]1N1CCCC1,,,CHEMBL1125016,J Med Chem,1990.0,"{'bei': '18.66', 'le': '0.35', 'lle': '2.97', 'sei': '18.01'}",CHEMBL607157,,CHEMBL607157,5.90,0,http://www.openphacts.org/units/Nanomolar,197385,=,1,1,=,,IC50,nM,,1247.0,CHEMBL287,Homo sapiens,Sigma opioid receptor,9606,,,IC50,nM,UO_0000065,,1247.0
,,173503,[],CHEMBL803878,Binding affinity for sigma opioid receptor using [3H](+)-3-PPP as radioligand,B,,,BAO_0000190,BAO_0000357,single protein format,CN(C(=O)CCc1ccccc1)[C@@H]1CCCC[C@@H]1N1CCCC1,,,CHEMBL1125016,J Med Chem,1990.0,"{'bei': '18.68', 'le': '0.35', 'lle': '2.39', 'sei': '24.94'}",CHEMBL607214,,CHEMBL607214,5.88,0,http://www.openphacts.org/units/Nanomolar,197383,=,1,1,=,,IC50,nM,,1335.0,CHEMBL287,Homo sapiens,Sigma opioid receptor,9606,,,IC50,nM,UO_0000065,,1335.0
,,175947,[],CHEMBL803878,Binding affinity for sigma opioid receptor using [3H](+)-3-PPP as radioligand,B,,,BAO_0000190,BAO_0000357,single protein format,CN(C(=O)COc1ccc(Cl)c(Cl)c1)[C@@H]1CCCC[C@@H]1N1CCCC1,,,CHEMBL1125016,J Med Chem,1990.0,"{'bei': '18.06', 'le': '0.38', 'lle': '2.72', 'sei': '21.23'}",CHEMBL607275,,CHEMBL607275,6.96,0,http://www.openphacts.org/units/Nanomolar,197381,=,1,1,=,,IC50,nM,,110.0,CHEMBL287,Homo sapiens,Sigma opioid receptor,9606,,,IC50,nM,UO_0000065,,110.0
,,175950,[],CHEMBL803878,Binding affinity for sigma opioid receptor using [3H](+)-3-PPP as radioligand,B,,,BAO_0000190,BAO_0000357,single protein format,CN(C(=O)Cc1ccsc1)[C@H]1CCCC[C@H]1N1CCCC1,,,CHEMBL1125016,J Med Chem,1990.0,"{'bei': '18.53', 'le': '0.37', 'lle': '2.52', 'sei': '24.11'}",CHEMBL606838,,CHEMBL606838,5.68,0,http://www.openphacts.org/units/Nanomolar,197363,=,1,1,=,,IC50,nM,,2100.0,CHEMBL287,Homo sapiens,Sigma opioid receptor,9606,,,IC50,nM,UO_0000065,,2100.0
,,175953,[],CHEMBL803878,Binding affinity for sigma opioid receptor using [3H](+)-3-PPP as radioligand,B,,,BAO_0000190,BAO_0000357,single protein format,CN([C@H]1CCCC[C@H]1N1CCCC1)S(=O)(=O)c1ccccc1,,,CHEMBL1125016,J Med Chem,1990.0,"{'bei': '18.65', 'le': '0.37', 'lle': '3.31', 'sei': '14.81'}",CHEMBL2374421,,CHEMBL2374421,6.01,0,http://www.openphacts.org/units/Nanomolar,197373,=,1,1,=,,IC50,nM,,966.0,CHEMBL287,Homo sapiens,Sigma opioid receptor,9606,,,IC50,nM,UO_0000065,,966.0
,,178426,[],CHEMBL803878,Binding affinity for sigma opioid receptor using [3H](+)-3-PPP as radioligand,B,,,BAO_0000190,BAO_0000357,single protein format,CN(C(=O)Cc1ccccc1Cl)[C@@H]1CCCC[C@@H]1N1CCCC1,,,CHEMBL1125016,J Med Chem,1990.0,"{'bei': '18.10', 'le': '0.36', 'lle': '2.31', 'sei': '25.73'}",CHEMBL607335,,CHEMBL607335,6.06,0,http://www.openphacts.org/units/Nanomolar,197346,=,1,1,=,,IC50,nM,,870.0,CHEMBL287,Homo sapiens,Sigma opioid receptor,9606,,,IC50,nM,UO_0000065,,870.0
,,178429,[],CHEMBL803878,Binding affinity for sigma opioid receptor using [3H](+)-3-PPP as radioligand,B,,,BAO_0000190,BAO_0000357,single protein format,COc1ccc(CC(=O)N(C)[C@@H]2CCCC[C@@H]2N2CCCC2)cc1,,,CHEMBL1125016,J Med Chem,1990.0,"{'bei': '20.30', 'le': '0.38', 'lle': '3.61', 'sei': '20.46'}",CHEMBL607451,,CHEMBL607451,6.71,0,http://www.openphacts.org/units/Nanomolar,197357,=,1,1,=,,IC50,nM,,196.0,CHEMBL287,Homo sapiens,Sigma opioid receptor,9606,,,IC50,nM,UO_0000065,,196.0
,,179773,[],CHEMBL803878,Binding affinity for sigma opioid receptor using [3H](+)-3-PPP as radioligand,B,,,BAO_0000190,BAO_0000357,single protein format,CN(C(=O)Cc1ccccc1)[C@@H]1CCCC[C@@H]1N1CCCC1,,,CHEMBL1125016,J Med Chem,1990.0,"{'bei': '19.76', 'le': '0.37', 'lle': '2.85', 'sei': '25.21'}",CHEMBL607391,,CHEMBL607391,5.94,0,http://www.openphacts.org/units/Nanomolar,197350,=,1,1,=,,IC50,nM,,1155.0,CHEMBL287,Homo sapiens,Sigma opioid receptor,9606,,,IC50,nM,UO_0000065,,1155.0
,,179776,[],CHEMBL803878,Binding affinity for sigma opioid receptor using [3H](+)-3-PPP as radioligand,B,,,BAO_0000190,BAO_0000357,single protein format,CN(C(=O)OCc1ccccc1)[C@@H]1CCCC[C@@H]1N1CCCC1,,,CHEMBL1125016,J Med Chem,1990.0,"{'bei': '19.06', 'le': '0.36', 'lle': '2.37', 'sei': '18.40'}",CHEMBL607156,,CHEMBL607156,6.03,0,http://www.openphacts.org/units/Nanomolar,197378,=,1,1,=,,IC50,nM,,928.0,CHEMBL287,Homo sapiens,Sigma opioid receptor,9606,,,IC50,nM,UO_0000065,,928.0
,,182213,[],CHEMBL803878,Binding affinity for sigma opioid receptor using [3H](+)-3-PPP as radioligand,B,,,BAO_0000190,BAO_0000357,single protein format,CN(C(=O)Cc1ccc(Cl)cc1)[C@@H]1CCCC[C@@H]1N1CCCC1,,,CHEMBL1125016,J Med Chem,1990.0,"{'bei': '19.86', 'le': '0.39', 'lle': '2.90', 'sei': '28.24'}",CHEMBL607390,,CHEMBL607390,6.65,0,http://www.openphacts.org/units/Nanomolar,197348,=,1,1,=,,IC50,nM,,224.0,CHEMBL287,Homo sapiens,Sigma opioid receptor,9606,,,IC50,nM,UO_0000065,,224.0
,,188911,[],CHEMBL803929,In vitro for the binding affinity against sigma receptor by using [3H]DTG as radioligand in guinea pig cerebellum,B,,,BAO_0000190,BAO_0000221,tissue-based format,C=CCCN1CC[C@H]2c3ccccc3CC[C@H]2C1.Cl,,,CHEMBL1126294,J Med Chem,1992.0,"{'bei': '36.29', 'le': '0.66', 'lle': '5.15', 'sei': '270.37'}",CHEMBL545212,,CHEMBL1193750,8.76,0,http://www.openphacts.org/units/Nanomolar,108254,=,1,1,=,,IC50,nM,,1.738,CHEMBL287,Homo sapiens,Sigma opioid receptor,9606,,,Log IC50,,UO_0000065,,-8.76
,,188912,[],CHEMBL803929,In vitro for the binding affinity against sigma receptor by using [3H]DTG as radioligand in guinea pig cerebellum,B,,,BAO_0000190,BAO_0000221,tissue-based format,Cl.c1ccc2c(c1)CCCC1CN(C3CCCCC3)CCC21,,,CHEMBL1126294,J Med Chem,1992.0,"{'bei': '31.22', 'le': '0.58', 'lle': '4.09', 'sei': '273.14'}",CHEMBL555890,,CHEMBL1196092,8.85,0,http://www.openphacts.org/units/Nanomolar,108266,=,1,1,=,,IC50,nM,,1.413,CHEMBL287,Homo sapiens,Sigma opioid receptor,9606,,,Log IC50,,UO_0000065,,-8.85
,,190065,[],CHEMBL803929,In vitro for the binding affinity against sigma receptor by using [3H]DTG as radioligand in guinea pig cerebellum,B,,,BAO_0000190,BAO_0000221,tissue-based format,Cl.c1ccc(CCCN2CC[C@H]3c4ccccc4CC[C@H]3C2)cc1,,,CHEMBL1126294,J Med Chem,1992.0,"{'bei': '27.40', 'le': '0.50', 'lle': '3.70', 'sei': '258.33'}",CHEMBL539260,,CHEMBL1189670,8.37,0,http://www.openphacts.org/units/Nanomolar,108257,=,1,1,=,,IC50,nM,,4.266,CHEMBL287,Homo sapiens,Sigma opioid receptor,9606,,,Log IC50,,UO_0000065,,-8.37
,,191346,[],CHEMBL803929,In vitro for the binding affinity against sigma receptor by using [3H]DTG as radioligand in guinea pig cerebellum,B,,,BAO_0000190,BAO_0000221,tissue-based format,CCCN1CC[C@H]2c3ccccc3CC[C@H]2C1.Cl,,,CHEMBL1126294,J Med Chem,1992.0,"{'bei': '37.45', 'le': '0.69', 'lle': '5.14', 'sei': '265.13'}",CHEMBL555401,,CHEMBL1195822,8.59,0,http://www.openphacts.org/units/Nanomolar,108281,=,1,1,=,,IC50,nM,,2.57,CHEMBL287,Homo sapiens,Sigma opioid receptor,9606,,,Log IC50,,UO_0000065,,-8.59
,,191347,[],CHEMBL803929,In vitro for the binding affinity against sigma receptor by using [3H]DTG as radioligand in guinea pig cerebellum,B,,,BAO_0000190,BAO_0000221,tissue-based format,COc1ccc(CN2CC[C@H]3c4ccccc4CC[C@H]3C2)cc1.Cl,,,CHEMBL1126294,J Med Chem,1992.0,"{'bei': '28.30', 'le': '0.52', 'lle': '4.45', 'sei': '69.77'}",CHEMBL541052,,CHEMBL1190519,8.70,0,http://www.openphacts.org/units/Nanomolar,108263,=,1,1,=,,IC50,nM,,1.995,CHEMBL287,Homo sapiens,Sigma opioid receptor,9606,,,Log IC50,,UO_0000065,,-8.7
,,191349,[],CHEMBL803929,In vitro for the binding affinity against sigma receptor by using [3H]DTG as radioligand in guinea pig cerebellum,B,,,BAO_0000190,BAO_0000221,tissue-based format,Cl.O=[N+]([O-])c1ccc(CCN2CC[C@H]3c4ccccc4CC[C@H]3C2)cc1,,,CHEMBL1126294,J Med Chem,1992.0,"{'bei': '25.15', 'le': '0.46', 'lle': '4.27', 'sei': '18.24'}",CHEMBL545447,,CHEMBL1193956,8.46,0,http://www.openphacts.org/units/Nanomolar,108258,=,1,1,=,,IC50,nM,,3.467,CHEMBL287,Homo sapiens,Sigma opioid receptor,9606,,,Log IC50,,UO_0000065,,-8.46
,,192486,[],CHEMBL803929,In vitro for the binding affinity against sigma receptor by using [3H]DTG as radioligand in guinea pig cerebellum,B,,,BAO_0000190,BAO_0000221,tissue-based format,CN1CC[C@H]2c3ccccc3CC[C@H]2C1.Cl,,,CHEMBL1126294,J Med Chem,1992.0,"{'bei': '32.14', 'le': '0.59', 'lle': '3.80', 'sei': '199.69'}",CHEMBL545448,,CHEMBL1193957,6.47,0,http://www.openphacts.org/units/Nanomolar,108283,=,1,1,=,,IC50,nM,,338.84,CHEMBL287,Homo sapiens,Sigma opioid receptor,9606,,,Log IC50,,UO_0000065,,-6.47
,,192487,[],CHEMBL803929,In vitro for the binding affinity against sigma receptor by using [3H]DTG as radioligand in guinea pig cerebellum,B,,,BAO_0000190,BAO_0000221,tissue-based format,Cl.c1coc(CN2CC[C@H]3c4ccccc4CC[C@H]3C2)c1,,,CHEMBL1126294,J Med Chem,1992.0,"{'bei': '30.59', 'le': '0.56', 'lle': '4.35', 'sei': '49.94'}",CHEMBL545689,,CHEMBL1194164,8.18,0,http://www.openphacts.org/units/Nanomolar,108271,=,1,1,=,,IC50,nM,,6.607,CHEMBL287,Homo sapiens,Sigma opioid receptor,9606,,,Log IC50,,UO_0000065,,-8.18
,,192488,[],CHEMBL803929,In vitro for the binding affinity against sigma receptor by using [3H]DTG as radioligand in guinea pig cerebellum,B,,,BAO_0000190,BAO_0000221,tissue-based format,COc1ccc2c(c1)[C@H]1CCN(C)C[C@@H]1CC2.Cl,,,CHEMBL1126294,J Med Chem,1992.0,"{'bei': '27.97', 'le': '0.52', 'lle': '3.79', 'sei': '51.88'}",CHEMBL2093875,,CHEMBL2109984,6.47,0,http://www.openphacts.org/units/Nanomolar,108276,=,1,1,=,,IC50,nM,,338.84,CHEMBL287,Homo sapiens,Sigma opioid receptor,9606,,,Log IC50,,UO_0000065,,-6.47
,,193702,[],CHEMBL803929,In vitro for the binding affinity against sigma receptor by using [3H]DTG as radioligand in guinea pig cerebellum,B,,,BAO_0000190,BAO_0000221,tissue-based format,Cl.Clc1ccc(CN2CC[C@H]3c4ccccc4CC[C@H]3C2)cc1,,,CHEMBL1126294,J Med Chem,1992.0,"{'bei': '26.71', 'le': '0.52', 'lle': '3.44', 'sei': '257.10'}",CHEMBL555398,,CHEMBL1195820,8.33,0,http://www.openphacts.org/units/Nanomolar,108260,=,1,1,=,,IC50,nM,,4.677,CHEMBL287,Homo sapiens,Sigma opioid receptor,9606,,,Log IC50,,UO_0000065,,-8.33
,,193703,[],CHEMBL803929,In vitro for the binding affinity against sigma receptor by using [3H]DTG as radioligand in guinea pig cerebellum,B,,,BAO_0000190,BAO_0000221,tissue-based format,CN1CC[C@@H]2c3ccccc3CC[C@H]2C1.Cl,,,CHEMBL1126294,J Med Chem,1992.0,"{'bei': '31.54', 'le': '0.58', 'lle': '3.68', 'sei': '195.99'}",CHEMBL2093876,,CHEMBL2109985,6.35,0,http://www.openphacts.org/units/Nanomolar,108277,=,1,1,=,,IC50,nM,,446.68,CHEMBL287,Homo sapiens,Sigma opioid receptor,9606,,,Log IC50,,UO_0000065,,-6.35
,,194806,[],CHEMBL803929,In vitro for the binding affinity against sigma receptor by using [3H]DTG as radioligand in guinea pig cerebellum,B,,,BAO_0000190,BAO_0000221,tissue-based format,CCCCN1CCC2c3ccccc3CCCC2C1.Cl,,,CHEMBL1126294,J Med Chem,1992.0,"{'bei': '33.68', 'le': '0.62', 'lle': '4.44', 'sei': '267.59'}",CHEMBL555581,,CHEMBL1195917,8.67,0,http://www.openphacts.org/units/Nanomolar,108267,=,1,1,=,,IC50,nM,,2.138,CHEMBL287,Homo sapiens,Sigma opioid receptor,9606,,,Log IC50,,UO_0000065,,-8.67
,,199418,[],CHEMBL803929,In vitro for the binding affinity against sigma receptor by using [3H]DTG as radioligand in guinea pig cerebellum,B,,,BAO_0000190,BAO_0000221,tissue-based format,COc1ccc2c(c1)C1=C(CC2)CN(C)CC1.Cl,,,CHEMBL1126294,J Med Chem,1992.0,"{'bei': '23.81', 'le': '0.44', 'lle': '2.73', 'sei': '43.79'}",CHEMBL539504,,CHEMBL1189788,5.46,0,http://www.openphacts.org/units/Nanomolar,108249,=,1,1,=,,IC50,nM,,3467.37,CHEMBL287,Homo sapiens,Sigma opioid receptor,9606,,,Log IC50,,UO_0000065,,-5.46
,,200689,[],CHEMBL803929,In vitro for the binding affinity against sigma receptor by using [3H]DTG as radioligand in guinea pig cerebellum,B,,,BAO_0000190,BAO_0000221,tissue-based format,CCCCN1CCC2=C(CCCc3ccccc32)C1.Cl,,,CHEMBL1126294,J Med Chem,1992.0,"{'bei': '32.89', 'le': '0.60', 'lle': '4.12', 'sei': '259.26'}",CHEMBL545217,,CHEMBL1193755,8.40,0,http://www.openphacts.org/units/Nanomolar,108268,=,1,1,=,,IC50,nM,,3.981,CHEMBL287,Homo sapiens,Sigma opioid receptor,9606,,,Log IC50,,UO_0000065,,-8.4
,,202027,[],CHEMBL803929,In vitro for the binding affinity against sigma receptor by using [3H]DTG as radioligand in guinea pig cerebellum,B,,,BAO_0000190,BAO_0000221,tissue-based format,CCCN1CCC2=C(CCc3ccccc32)C1.Cl,,,CHEMBL1126294,J Med Chem,1992.0,"{'bei': '33.74', 'le': '0.62', 'lle': '4.17', 'sei': '236.73'}",CHEMBL542390,,CHEMBL185841,7.67,0,http://www.openphacts.org/units/Nanomolar,108250,=,1,1,=,,IC50,nM,,21.38,CHEMBL287,Homo sapiens,Sigma opioid receptor,9606,,,Log IC50,,UO_0000065,,-7.67
,,203171,[],CHEMBL803929,In vitro for the binding affinity against sigma receptor by using [3H]DTG as radioligand in guinea pig cerebellum,B,,,BAO_0000190,BAO_0000221,tissue-based format,COc1ccc2c(c1)[C@@H]1CCN(C)C[C@@H]1CC2.Cl,,,CHEMBL1126294,J Med Chem,1992.0,"{'bei': '25.63', 'le': '0.48', 'lle': '3.25', 'sei': '47.55'}",CHEMBL555418,,CHEMBL1195837,5.93,0,http://www.openphacts.org/units/Nanomolar,108282,=,1,1,=,,IC50,nM,,1174.9,CHEMBL287,Homo sapiens,Sigma opioid receptor,9606,,,Log IC50,,UO_0000065,,-5.93
,,206834,[],CHEMBL803929,In vitro for the binding affinity against sigma receptor by using [3H]DTG as radioligand in guinea pig cerebellum,B,,,BAO_0000190,BAO_0000221,tissue-based format,Cl.c1ccc(CCN2CC[C@H]3c4ccccc4CC[C@H]3C2)cc1,,,CHEMBL1126294,J Med Chem,1992.0,"{'bei': '32.56', 'le': '0.59', 'lle': '5.21', 'sei': '292.90'}",CHEMBL540274,,CHEMBL1190143,9.49,0,http://www.openphacts.org/units/Nanomolar,108259,=,1,1,=,,IC50,nM,,0.3236,CHEMBL287,Homo sapiens,Sigma opioid receptor,9606,,,Log IC50,,UO_0000065,,-9.49
,,207923,[],CHEMBL803929,In vitro for the binding affinity against sigma receptor by using [3H]DTG as radioligand in guinea pig cerebellum,B,,,BAO_0000190,BAO_0000221,tissue-based format,Cl.c1ccc2c(c1)CC[C@H]1CN(C34C[C@H]5C[C@@H](C3)C[C@@H](C4)C5)CC[C@@H]21,,,CHEMBL1126294,J Med Chem,1992.0,"{'bei': '26.87', 'le': '0.49', 'lle': '3.63', 'sei': '266.67'}",CHEMBL553561,,CHEMBL1194940,8.64,0,http://www.openphacts.org/units/Nanomolar,108256,=,1,1,=,,IC50,nM,,2.291,CHEMBL287,Homo sapiens,Sigma opioid receptor,9606,,,Log IC50,,UO_0000065,,-8.64
,,207925,[],CHEMBL803929,In vitro for the binding affinity against sigma receptor by using [3H]DTG as radioligand in guinea pig cerebellum,B,,,BAO_0000190,BAO_0000221,tissue-based format,CCCCN1CCC2c3ccccc3CC2C1.Cl,,,CHEMBL1126294,J Med Chem,1992.0,"{'bei': '34.70', 'le': '0.64', 'lle': '4.51', 'sei': '245.68'}",CHEMBL545687,,CHEMBL1194162,7.96,0,http://www.openphacts.org/units/Nanomolar,108269,=,1,1,=,,IC50,nM,,10.96,CHEMBL287,Homo sapiens,Sigma opioid receptor,9606,,,Log IC50,,UO_0000065,,-7.96
,,209105,[],CHEMBL803929,In vitro for the binding affinity against sigma receptor by using [3H]DTG as radioligand in guinea pig cerebellum,B,,,BAO_0000190,BAO_0000221,tissue-based format,Cl.c1csc(CN2CC[C@H]3c4ccccc4CC[C@H]3C2)c1,,,CHEMBL1126294,J Med Chem,1992.0,"{'bei': '28.75', 'le': '0.56', 'lle': '3.85', 'sei': '251.54'}",CHEMBL554388,,CHEMBL1195353,8.15,0,http://www.openphacts.org/units/Nanomolar,108272,=,1,1,=,,IC50,nM,,7.079,CHEMBL287,Homo sapiens,Sigma opioid receptor,9606,,,Log IC50,,UO_0000065,,-8.15
,,211487,[],CHEMBL803929,In vitro for the binding affinity against sigma receptor by using [3H]DTG as radioligand in guinea pig cerebellum,B,,,BAO_0000190,BAO_0000221,tissue-based format,CCCCN1CC[C@H]2c3ccccc3CC[C@H]2C1.Cl,,,CHEMBL1126294,J Med Chem,1992.0,"{'bei': '33.69', 'le': '0.62', 'lle': '4.36', 'sei': '253.09'}",CHEMBL544282,,CHEMBL1192959,8.20,0,http://www.openphacts.org/units/Nanomolar,108252,=,1,1,=,,IC50,nM,,6.31,CHEMBL287,Homo sapiens,Sigma opioid receptor,9606,,,Log IC50,,UO_0000065,,-8.2
,,211489,[],CHEMBL803929,In vitro for the binding affinity against sigma receptor by using [3H]DTG as radioligand in guinea pig cerebellum,B,,,BAO_0000190,BAO_0000221,tissue-based format,CC(C)(C)c1ccc(CN2CC[C@H]3c4ccccc4CC[C@H]3C2)cc1.Cl,,,CHEMBL1126294,J Med Chem,1992.0,"{'bei': '21.02', 'le': '0.38', 'lle': '1.47', 'sei': '216.36'}",CHEMBL544280,,CHEMBL1192957,7.01,0,http://www.openphacts.org/units/Nanomolar,108262,=,1,1,=,,IC50,nM,,97.72,CHEMBL287,Homo sapiens,Sigma opioid receptor,9606,,,Log IC50,,UO_0000065,,-7.01
,,211491,[],CHEMBL803929,In vitro for the binding affinity against sigma receptor by using [3H]DTG as radioligand in guinea pig cerebellum,B,,,BAO_0000190,BAO_0000221,tissue-based format,Cl.O=[N+]([O-])c1ccc(CN2CC[C@H]3c4ccccc4CC[C@H]3C2)cc1,,,CHEMBL1126294,J Med Chem,1992.0,"{'bei': '25.00', 'le': '0.46', 'lle': '3.91', 'sei': '17.38'}",CHEMBL544747,,CHEMBL1193356,8.06,0,http://www.openphacts.org/units/Nanomolar,108261,=,1,1,=,,IC50,nM,,8.71,CHEMBL287,Homo sapiens,Sigma opioid receptor,9606,,,Log IC50,,UO_0000065,,-8.06
,,212616,[],CHEMBL803929,In vitro for the binding affinity against sigma receptor by using [3H]DTG as radioligand in guinea pig cerebellum,B,,,BAO_0000190,BAO_0000221,tissue-based format,Cl.c1ccc2c(c1)CC[C@H]1CN(C3[C@H]4C[C@@H]5C[C@@H](C[C@H]3C5)C4)CC[C@@H]21,,,CHEMBL1126294,J Med Chem,1992.0,"{'bei': '26.94', 'le': '0.49', 'lle': '3.80', 'sei': '267.28'}",CHEMBL544987,,CHEMBL1193560,8.66,0,http://www.openphacts.org/units/Nanomolar,108265,=,1,1,=,,IC50,nM,,2.188,CHEMBL287,Homo sapiens,Sigma opioid receptor,9606,,,Log IC50,,UO_0000065,,-8.66
,,213802,[],CHEMBL803929,In vitro for the binding affinity against sigma receptor by using [3H]DTG as radioligand in guinea pig cerebellum,B,,,BAO_0000190,BAO_0000221,tissue-based format,C=CCN1CC[C@H]2c3ccccc3CC[C@H]2C1.Cl,,,CHEMBL1126294,J Med Chem,1992.0,"{'bei': '36.68', 'le': '0.67', 'lle': '5.12', 'sei': '257.41'}",CHEMBL543101,,CHEMBL1191933,8.34,0,http://www.openphacts.org/units/Nanomolar,108280,=,1,1,=,,IC50,nM,,4.571,CHEMBL287,Homo sapiens,Sigma opioid receptor,9606,,,Log IC50,,UO_0000065,,-8.34
,,214919,[],CHEMBL803929,In vitro for the binding affinity against sigma receptor by using [3H]DTG as radioligand in guinea pig cerebellum,B,,,BAO_0000190,BAO_0000221,tissue-based format,CC(C)=CCN1CC[C@H]2c3ccccc3CC[C@H]2C1.Cl,,,CHEMBL1126294,J Med Chem,1992.0,"{'bei': '34.96', 'le': '0.64', 'lle': '4.93', 'sei': '275.62'}",CHEMBL544281,,CHEMBL1192958,8.93,0,http://www.openphacts.org/units/Nanomolar,108279,=,1,1,=,,IC50,nM,,1.175,CHEMBL287,Homo sapiens,Sigma opioid receptor,9606,,,Log IC50,,UO_0000065,,-8.93
,,216142,[],CHEMBL803929,In vitro for the binding affinity against sigma receptor by using [3H]DTG as radioligand in guinea pig cerebellum,B,,,BAO_0000190,BAO_0000221,tissue-based format,CCCCN1CCC2=C(CCc3ccccc32)C1.Cl,,,CHEMBL1126294,J Med Chem,1992.0,"{'bei': '33.64', 'le': '0.62', 'lle': '4.23', 'sei': '250.62'}",CHEMBL541299,,CHEMBL188713,8.12,0,http://www.openphacts.org/units/Nanomolar,108251,=,1,1,=,,IC50,nM,,7.586,CHEMBL287,Homo sapiens,Sigma opioid receptor,9606,,,Log IC50,,UO_0000065,,-8.12
,,216144,[],CHEMBL803929,In vitro for the binding affinity against sigma receptor by using [3H]DTG as radioligand in guinea pig cerebellum,B,,,BAO_0000190,BAO_0000221,tissue-based format,CCCCN1CCC2=C(Cc3ccccc32)C1.Cl,,,CHEMBL1126294,J Med Chem,1992.0,"{'bei': '38.40', 'le': '0.70', 'lle': '5.23', 'sei': '269.45'}",CHEMBL545688,,CHEMBL1194163,8.73,0,http://www.openphacts.org/units/Nanomolar,108270,=,1,1,=,,IC50,nM,,1.862,CHEMBL287,Homo sapiens,Sigma opioid receptor,9606,,,Log IC50,,UO_0000065,,-8.73
,,217416,[],CHEMBL803929,In vitro for the binding affinity against sigma receptor by using [3H]DTG as radioligand in guinea pig cerebellum,B,,,BAO_0000190,BAO_0000221,tissue-based format,Cl.c1ccc2c(c1)CC[C@H]1CN(CC3CC3)CC[C@@H]21,,,CHEMBL1126294,J Med Chem,1992.0,"{'bei': '35.67', 'le': '0.65', 'lle': '5.16', 'sei': '265.74'}",CHEMBL543810,,CHEMBL1192557,8.61,0,http://www.openphacts.org/units/Nanomolar,108255,=,1,1,=,,IC50,nM,,2.455,CHEMBL287,Homo sapiens,Sigma opioid receptor,9606,,,Log IC50,,UO_0000065,,-8.61
,,217417,[],CHEMBL803929,In vitro for the binding affinity against sigma receptor by using [3H]DTG as radioligand in guinea pig cerebellum,B,,,BAO_0000190,BAO_0000221,tissue-based format,Cl.c1ccc2c(c1)CC[C@H]1CN(C3CCCCC3)CC[C@@H]21,,,CHEMBL1126294,J Med Chem,1992.0,"{'bei': '35.63', 'le': '0.66', 'lle': '5.23', 'sei': '296.30'}",CHEMBL553265,,CHEMBL1194757,9.60,0,http://www.openphacts.org/units/Nanomolar,108278,=,1,1,=,,IC50,nM,,0.2512,CHEMBL287,Homo sapiens,Sigma opioid receptor,9606,,,Log IC50,,UO_0000065,,-9.6
,,218623,[],CHEMBL803929,In vitro for the binding affinity against sigma receptor by using [3H]DTG as radioligand in guinea pig cerebellum,B,,,BAO_0000190,BAO_0000221,tissue-based format,Cl.c1ccc(CCN2CCC3=C(CCc4ccccc43)C2)cc1,,,CHEMBL1126294,J Med Chem,1992.0,"{'bei': '26.88', 'le': '0.48', 'lle': '3.45', 'sei': '240.12'}",CHEMBL554988,,CHEMBL186350,7.78,0,http://www.openphacts.org/units/Nanomolar,108284,=,1,1,=,,IC50,nM,,16.6,CHEMBL287,Homo sapiens,Sigma opioid receptor,9606,,,Log IC50,,UO_0000065,,-7.78
,,218624,[],CHEMBL803929,In vitro for the binding affinity against sigma receptor by using [3H]DTG as radioligand in guinea pig cerebellum,B,,,BAO_0000190,BAO_0000221,tissue-based format,CCCCN1CC[C@H]2c3cc(C)cc(C)c3CC[C@H]2C1.Cl,,,CHEMBL1126294,J Med Chem,1992.0,"{'bei': '32.01', 'le': '0.59', 'lle': '4.23', 'sei': '268.21'}",CHEMBL544748,,CHEMBL1193357,8.69,0,http://www.openphacts.org/units/Nanomolar,108253,=,1,1,=,,IC50,nM,,2.042,CHEMBL287,Homo sapiens,Sigma opioid receptor,9606,,,Log IC50,,UO_0000065,,-8.69
,,218625,[],CHEMBL803929,In vitro for the binding affinity against sigma receptor by using [3H]DTG as radioligand in guinea pig cerebellum,B,,,BAO_0000190,BAO_0000221,tissue-based format,Cl.c1ccc2c(c1)CC[C@H]1CN(Cc3ccc4ccccc4c3)CC[C@@H]21,,,CHEMBL1126294,J Med Chem,1992.0,"{'bei': '21.65', 'le': '0.39', 'lle': '1.70', 'sei': '218.83'}",CHEMBL542387,,CHEMBL1191310,7.09,0,http://www.openphacts.org/units/Nanomolar,108274,=,1,1,=,,IC50,nM,,81.28,CHEMBL287,Homo sapiens,Sigma opioid receptor,9606,,,Log IC50,,UO_0000065,,-7.09
,,222137,[],CHEMBL803929,In vitro for the binding affinity against sigma receptor by using [3H]DTG as radioligand in guinea pig cerebellum,B,,,BAO_0000190,BAO_0000221,tissue-based format,Cl.c1ccc(CN2CC[C@H]3c4ccccc4CC[C@H]3C2)cc1,,,CHEMBL1126294,J Med Chem,1992.0,"{'bei': '31.51', 'le': '0.57', 'lle': '4.50', 'sei': '269.75'}",CHEMBL545682,,CHEMBL1194157,8.74,0,http://www.openphacts.org/units/Nanomolar,108264,=,1,1,=,,IC50,nM,,1.82,CHEMBL287,Homo sapiens,Sigma opioid receptor,9606,,,Log IC50,,UO_0000065,,-8.74
,,222138,[],CHEMBL803929,In vitro for the binding affinity against sigma receptor by using [3H]DTG as radioligand in guinea pig cerebellum,B,,,BAO_0000190,BAO_0000221,tissue-based format,Cl.c1ccc(CN2CC[C@H]3c4ccccc4CC[C@H]3C2)nc1,,,CHEMBL1126294,J Med Chem,1992.0,"{'bei': '27.95', 'le': '0.51', 'lle': '4.15', 'sei': '48.23'}",CHEMBL542140,,CHEMBL1191092,7.78,0,http://www.openphacts.org/units/Nanomolar,108273,=,1,1,=,,IC50,nM,,16.6,CHEMBL287,Homo sapiens,Sigma opioid receptor,9606,,,Log IC50,,UO_0000065,,-7.78
,,222139,[],CHEMBL803929,In vitro for the binding affinity against sigma receptor by using [3H]DTG as radioligand in guinea pig cerebellum,B,,,BAO_0000190,BAO_0000221,tissue-based format,CCCCN1CC[C@@H]2c3ccccc3CC[C@H]2C1.Cl,,,CHEMBL1126294,J Med Chem,1992.0,"{'bei': '34.96', 'le': '0.65', 'lle': '4.67', 'sei': '262.66'}",CHEMBL2093874,,CHEMBL2109983,8.51,0,http://www.openphacts.org/units/Nanomolar,108275,=,1,1,=,,IC50,nM,,3.09,CHEMBL287,Homo sapiens,Sigma opioid receptor,9606,,,Log IC50,,UO_0000065,,-8.51
,,266940,[],CHEMBL809837,In vitro binding affinity at Sigma opioid receptors on guinea pig brain membranes by [3H]3-PPP displacement.,B,,,BAO_0000190,BAO_0000019,assay format,CCCNCCc1ccc(OC)c(OCCc2ccccc2)c1.Cl,,,CHEMBL1132405,J Med Chem,1999.0,"{'bei': '23.83', 'le': '0.44', 'lle': '3.61', 'sei': '24.49'}",CHEMBL542786,,CHEMBL1191655,7.47,0,http://www.openphacts.org/units/Nanomolar,245896,=,1,1,=,,IC50,nM,,34.0,CHEMBL287,Homo sapiens,Sigma opioid receptor,9606,,,IC50,nM,UO_0000065,,34.0
,Not Determined,266942,[],CHEMBL809050,In vitro binding affinity at Sigma opioid receptor type 2 on guinea pig brain membranes by [3H]DTG displacement in the presence of [3H]pentazocine; Not tested.,B,,,BAO_0000190,BAO_0000019,assay format,CCCNCCc1ccc(OC)c(OCCc2ccccc2)c1.Cl,,,CHEMBL1132405,J Med Chem,1999.0,,CHEMBL542786,,CHEMBL1191655,,0,http://www.openphacts.org/units/Nanomolar,245896,,1,0,,,IC50,nM,,,CHEMBL287,Homo sapiens,Sigma opioid receptor,9606,,,IC50,nM,UO_0000065,,
,,266944,[],CHEMBL809837,In vitro binding affinity at Sigma opioid receptors on guinea pig brain membranes by [3H]3-PPP displacement.,B,,,BAO_0000190,BAO_0000019,assay format,CCCC(Cc1ccc(OC)c(OCCc2ccccc2)c1)N(CCC)CCC,,,CHEMBL1132405,J Med Chem,1999.0,"{'bei': '20.18', 'le': '0.38', 'lle': '1.87', 'sei': '36.97'}",CHEMBL341003,,CHEMBL341003,8.02,0,http://www.openphacts.org/units/Nanomolar,245918,=,1,1,=,,IC50,nM,,9.5,CHEMBL287,Homo sapiens,Sigma opioid receptor,9606,,,IC50,nM,UO_0000065,,9.5
,,266946,[],CHEMBL809051,TIn vitro binding affinity at Sigma opioid receptor type 2 on guinea pig brain membranes by [3H]DTG displacement in the presence of [3H]pentazocine.,B,,,BAO_0000190,BAO_0000019,assay format,CCCC(Cc1ccc(OC)c(OCCc2ccccc2)c1)N(CCC)CCC,,,CHEMBL1132405,J Med Chem,1999.0,"{'bei': '16.04', 'le': '0.30', 'lle': '0.23', 'sei': '29.39'}",CHEMBL341003,,CHEMBL341003,6.38,0,http://www.openphacts.org/units/Nanomolar,245918,=,1,1,=,,IC50,nM,,420.0,CHEMBL287,Homo sapiens,Sigma opioid receptor,9606,,,IC50,nM,UO_0000065,,420.0
,,267221,[],CHEMBL873464,In vitro binding affinity against sigma receptor by using [3H]-DTG ([3H]-6) as radioligand in guinea pig cerebellum.,B,,,BAO_0000190,BAO_0000221,tissue-based format,CCCCN1CCC2(CCc3ccccc32)CC1.Cl,,,CHEMBL1126060,J Med Chem,1992.0,"{'bei': '35.70', 'le': '0.66', 'lle': '4.92', 'sei': '268.21'}",CHEMBL1744017,,CHEMBL63010,8.69,0,http://www.openphacts.org/units/Nanomolar,108780,=,1,1,=,,IC50,nM,,2.042,CHEMBL287,Homo sapiens,Sigma opioid receptor,9606,,,Log IC50,,UO_0000065,,-8.69
,,269542,[],CHEMBL809837,In vitro binding affinity at Sigma opioid receptors on guinea pig brain membranes by [3H]3-PPP displacement.,B,,,BAO_0000190,BAO_0000019,assay format,CCCCCCCC(N)Cc1ccc(OC)c(OCCc2ccccc2)c1,,,CHEMBL1132405,J Med Chem,1999.0,"{'bei': '17.26', 'le': '0.32', 'lle': '0.83', 'sei': '14.34'}",CHEMBL338781,,CHEMBL338781,6.38,0,http://www.openphacts.org/units/Nanomolar,245924,=,1,1,=,,IC50,nM,,420.0,CHEMBL287,Homo sapiens,Sigma opioid receptor,9606,,,IC50,nM,UO_0000065,,420.0
,Not Determined,269544,[],CHEMBL809050,In vitro binding affinity at Sigma opioid receptor type 2 on guinea pig brain membranes by [3H]DTG displacement in the presence of [3H]pentazocine; Not tested.,B,,,BAO_0000190,BAO_0000019,assay format,CCCCCCCC(N)Cc1ccc(OC)c(OCCc2ccccc2)c1,,,CHEMBL1132405,J Med Chem,1999.0,,CHEMBL338781,,CHEMBL338781,,0,http://www.openphacts.org/units/Nanomolar,245924,,1,0,,,IC50,nM,,,CHEMBL287,Homo sapiens,Sigma opioid receptor,9606,,,IC50,nM,UO_0000065,,
,,269546,[],CHEMBL809837,In vitro binding affinity at Sigma opioid receptors on guinea pig brain membranes by [3H]3-PPP displacement.,B,,,BAO_0000190,BAO_0000019,assay format,CCCNC(CCC)Cc1ccc(OC)c(OCCc2ccccc2)c1,,,CHEMBL1132405,J Med Chem,1999.0,"{'bei': '23.48', 'le': '0.44', 'lle': '3.32', 'sei': '27.38'}",CHEMBL128799,,CHEMBL128799,8.35,0,http://www.openphacts.org/units/Nanomolar,245919,=,1,1,=,,IC50,nM,,4.5,CHEMBL287,Homo sapiens,Sigma opioid receptor,9606,,,IC50,nM,UO_0000065,,4.5
,,269548,[],CHEMBL809051,TIn vitro binding affinity at Sigma opioid receptor type 2 on guinea pig brain membranes by [3H]DTG displacement in the presence of [3H]pentazocine.,B,,,BAO_0000190,BAO_0000019,assay format,CCCNC(CCC)Cc1ccc(OC)c(OCCc2ccccc2)c1,,,CHEMBL1132405,J Med Chem,1999.0,"{'bei': '18.57', 'le': '0.35', 'lle': '1.57', 'sei': '21.65'}",CHEMBL128799,,CHEMBL128799,6.60,0,http://www.openphacts.org/units/Nanomolar,245919,=,1,1,=,,IC50,nM,,250.0,CHEMBL287,Homo sapiens,Sigma opioid receptor,9606,,,IC50,nM,UO_0000065,,250.0
,Not Determined,269550,[],CHEMBL809837,In vitro binding affinity at Sigma opioid receptors on guinea pig brain membranes by [3H]3-PPP displacement.,B,,,BAO_0000190,BAO_0000019,assay format,CCCCC(Cc1ccc(OC)c(OCCc2ccccc2)c1)NCCC.Cl,,,CHEMBL1132405,J Med Chem,1999.0,,CHEMBL541091,,CHEMBL128860,,0,http://www.openphacts.org/units/Nanomolar,245907,,1,0,,,IC50,nM,,,CHEMBL287,Homo sapiens,Sigma opioid receptor,9606,,,IC50,nM,UO_0000065,,
,,269552,[],CHEMBL809049,In vitro binding affinity at Sigma opioid receptor type 2 on guinea pig brain membranes by [3H]DTG displacement in the presence of [3H]pentazocine.,B,,,BAO_0000190,BAO_0000019,assay format,CCCCC(Cc1ccc(OC)c(OCCc2ccccc2)c1)NCCC.Cl,,,CHEMBL1132405,J Med Chem,1999.0,"{'bei': '18.07', 'le': '0.34', 'lle': '1.26', 'sei': '21.90'}",CHEMBL541091,,CHEMBL128860,6.68,0,http://www.openphacts.org/units/Nanomolar,245907,=,1,1,=,,IC50,nM,,210.0,CHEMBL287,Homo sapiens,Sigma opioid receptor,9606,,,IC50,nM,UO_0000065,,210.0
,,269554,[],CHEMBL809837,In vitro binding affinity at Sigma opioid receptors on guinea pig brain membranes by [3H]3-PPP displacement.,B,,,BAO_0000190,BAO_0000019,assay format,CCCCCC(Cc1ccc(OC)c(OCCc2ccccc2)c1)NCCC.Cl,,,CHEMBL1132405,J Med Chem,1999.0,"{'bei': '23.00', 'le': '0.43', 'lle': '3.01', 'sei': '28.94'}",CHEMBL553962,,CHEMBL1195151,8.82,0,http://www.openphacts.org/units/Nanomolar,245906,=,1,1,=,,IC50,nM,,1.5,CHEMBL287,Homo sapiens,Sigma opioid receptor,9606,,,IC50,nM,UO_0000065,,1.5
,,269556,[],CHEMBL809051,TIn vitro binding affinity at Sigma opioid receptor type 2 on guinea pig brain membranes by [3H]DTG displacement in the presence of [3H]pentazocine.,B,,,BAO_0000190,BAO_0000019,assay format,CCCCCC(Cc1ccc(OC)c(OCCc2ccccc2)c1)NCCC.Cl,,,CHEMBL1132405,J Med Chem,1999.0,"{'bei': '18.14', 'le': '0.34', 'lle': '1.15', 'sei': '22.82'}",CHEMBL553962,,CHEMBL1195151,6.96,0,http://www.openphacts.org/units/Nanomolar,245906,=,1,1,=,,IC50,nM,,110.0,CHEMBL287,Homo sapiens,Sigma opioid receptor,9606,,,IC50,nM,UO_0000065,,110.0
,,271153,[],CHEMBL873464,In vitro binding affinity against sigma receptor by using [3H]-DTG ([3H]-6) as radioligand in guinea pig cerebellum.,B,,,BAO_0000190,BAO_0000221,tissue-based format,c1ccc(CN2CCC3(CCCc4ccccc43)CC2)nc1,,,CHEMBL1126060,J Med Chem,1992.0,"{'bei': '27.19', 'le': '0.49', 'lle': '4.00', 'sei': '49.29'}",CHEMBL64511,,CHEMBL64511,7.95,0,http://www.openphacts.org/units/Nanomolar,108766,=,1,1,=,,IC50,nM,,11.22,CHEMBL287,Homo sapiens,Sigma opioid receptor,9606,,,Log IC50,,UO_0000065,,-7.95
,,271154,[],CHEMBL873464,In vitro binding affinity against sigma receptor by using [3H]-DTG ([3H]-6) as radioligand in guinea pig cerebellum.,B,,,BAO_0000190,BAO_0000221,tissue-based format,Cl.c1ccc(CCN2CCC3(CCc4ccccc43)CC2)cc1,,,CHEMBL1126060,J Med Chem,1992.0,"{'bei': '29.37', 'le': '0.53', 'lle': '4.35', 'sei': '264.20'}",CHEMBL1744014,,CHEMBL63215,8.56,0,http://www.openphacts.org/units/Nanomolar,108778,=,1,1,=,,IC50,nM,,2.754,CHEMBL287,Homo sapiens,Sigma opioid receptor,9606,,,Log IC50,,UO_0000065,,-8.56
,,272440,[],CHEMBL873464,In vitro binding affinity against sigma receptor by using [3H]-DTG ([3H]-6) as radioligand in guinea pig cerebellum.,B,,,BAO_0000190,BAO_0000221,tissue-based format,Cl.c1ccc2c(c1)CCCC21CCN(CC2CCCO2)CC1,,,CHEMBL1126060,J Med Chem,1992.0,"{'bei': '28.94', 'le': '0.54', 'lle': '4.72', 'sei': '66.24'}",CHEMBL1743991,,CHEMBL291879,8.26,0,http://www.openphacts.org/units/Nanomolar,108769,=,1,1,=,,IC50,nM,,5.495,CHEMBL287,Homo sapiens,Sigma opioid receptor,9606,,,Log IC50,,UO_0000065,,-8.26
,,273278,[],CHEMBL809837,In vitro binding affinity at Sigma opioid receptors on guinea pig brain membranes by [3H]3-PPP displacement.,B,,,BAO_0000190,BAO_0000019,assay format,CCCNC(C)Cc1ccc(OC)c(OCCc2ccccc2)c1.Cl,,,CHEMBL1132405,J Med Chem,1999.0,"{'bei': '24.43', 'le': '0.46', 'lle': '3.75', 'sei': '26.24'}",CHEMBL545760,,CHEMBL1194228,8.00,0,http://www.openphacts.org/units/Nanomolar,245921,=,1,1,=,,IC50,nM,,10.0,CHEMBL287,Homo sapiens,Sigma opioid receptor,9606,,,IC50,nM,UO_0000065,,10.0
,Not Determined,273280,[],CHEMBL809050,In vitro binding affinity at Sigma opioid receptor type 2 on guinea pig brain membranes by [3H]DTG displacement in the presence of [3H]pentazocine; Not tested.,B,,,BAO_0000190,BAO_0000019,assay format,CCCNC(C)Cc1ccc(OC)c(OCCc2ccccc2)c1.Cl,,,CHEMBL1132405,J Med Chem,1999.0,,CHEMBL545760,,CHEMBL1194228,,0,http://www.openphacts.org/units/Nanomolar,245921,,1,0,,,IC50,nM,,,CHEMBL287,Homo sapiens,Sigma opioid receptor,9606,,,IC50,nM,UO_0000065,,
,,273282,[],CHEMBL809837,In vitro binding affinity at Sigma opioid receptors on guinea pig brain membranes by [3H]3-PPP displacement.,B,,,BAO_0000190,BAO_0000019,assay format,CCCN(CCC)C(CC)Cc1ccc(OC)c(OCCc2ccccc2)c1,,,CHEMBL1132405,J Med Chem,1999.0,"{'bei': '21.49', 'le': '0.40', 'lle': '2.48', 'sei': '37.99'}",CHEMBL128717,,CHEMBL128717,8.24,0,http://www.openphacts.org/units/Nanomolar,245900,=,1,1,=,,IC50,nM,,5.7,CHEMBL287,Homo sapiens,Sigma opioid receptor,9606,,,IC50,nM,UO_0000065,,5.7
,,273284,[],CHEMBL809051,TIn vitro binding affinity at Sigma opioid receptor type 2 on guinea pig brain membranes by [3H]DTG displacement in the presence of [3H]pentazocine.,B,,,BAO_0000190,BAO_0000019,assay format,CCCN(CCC)C(CC)Cc1ccc(OC)c(OCCc2ccccc2)c1,,,CHEMBL1132405,J Med Chem,1999.0,"{'bei': '16.71', 'le': '0.31', 'lle': '0.65', 'sei': '29.53'}",CHEMBL128717,,CHEMBL128717,6.41,0,http://www.openphacts.org/units/Nanomolar,245900,=,1,1,=,,IC50,nM,,390.0,CHEMBL287,Homo sapiens,Sigma opioid receptor,9606,,,IC50,nM,UO_0000065,,390.0
,,274436,[],CHEMBL809837,In vitro binding affinity at Sigma opioid receptors on guinea pig brain membranes by [3H]3-PPP displacement.,B,,,BAO_0000190,BAO_0000019,assay format,CCCCC(Cc1ccc(OC)c(OCCc2ccccc2)c1)NCCC,,,CHEMBL1132405,J Med Chem,1999.0,"{'bei': '23.48', 'le': '0.44', 'lle': '3.26', 'sei': '28.46'}",CHEMBL128860,,CHEMBL128860,8.68,0,http://www.openphacts.org/units/Nanomolar,245908,=,1,1,=,,IC50,nM,,2.1,CHEMBL287,Homo sapiens,Sigma opioid receptor,9606,,,IC50,nM,UO_0000065,,2.1
,,274438,[],CHEMBL809051,TIn vitro binding affinity at Sigma opioid receptor type 2 on guinea pig brain membranes by [3H]DTG displacement in the presence of [3H]pentazocine.,B,,,BAO_0000190,BAO_0000019,assay format,CCCCC(Cc1ccc(OC)c(OCCc2ccccc2)c1)NCCC,,,CHEMBL1132405,J Med Chem,1999.0,"{'bei': '17.58', 'le': '0.33', 'lle': '1.07', 'sei': '21.30'}",CHEMBL128860,,CHEMBL128860,6.50,0,http://www.openphacts.org/units/Nanomolar,245908,=,1,1,=,,IC50,nM,,320.0,CHEMBL287,Homo sapiens,Sigma opioid receptor,9606,,,IC50,nM,UO_0000065,,320.0
,,274726,[],CHEMBL873464,In vitro binding affinity against sigma receptor by using [3H]-DTG ([3H]-6) as radioligand in guinea pig cerebellum.,B,,,BAO_0000190,BAO_0000221,tissue-based format,Cl.c1ccc(CN2CCC3(CCc4ccccc43)CC2)cc1,,,CHEMBL1126060,J Med Chem,1992.0,"{'bei': '32.95', 'le': '0.59', 'lle': '4.97', 'sei': '282.10'}",CHEMBL1788383,,CHEMBL292477,9.14,0,http://www.openphacts.org/units/Nanomolar,108779,=,1,1,=,,IC50,nM,,0.7244,CHEMBL287,Homo sapiens,Sigma opioid receptor,9606,,,Log IC50,,UO_0000065,,-9.14
,,275683,[],CHEMBL809838,In vitro binding affinity at Sigma opioid receptors on guinea pig brain membranes by [3H]-3-PPP displacement.,B,,,BAO_0000190,BAO_0000019,assay format,CCCCCC(Cc1ccc(OC)c(OCCc2ccccc2)c1)N(CCC)CCC.Cl,,,CHEMBL1132405,J Med Chem,1999.0,"{'bei': '17.67', 'le': '0.33', 'lle': '0.59', 'sei': '34.67'}",CHEMBL542470,,CHEMBL1191381,7.52,0,http://www.openphacts.org/units/Nanomolar,245913,=,1,1,=,,IC50,nM,,30.0,CHEMBL287,Homo sapiens,Sigma opioid receptor,9606,,,IC50,nM,UO_0000065,,30.0
,Not Determined,275685,[],CHEMBL809050,In vitro binding affinity at Sigma opioid receptor type 2 on guinea pig brain membranes by [3H]DTG displacement in the presence of [3H]pentazocine; Not tested.,B,,,BAO_0000190,BAO_0000019,assay format,CCCCCC(Cc1ccc(OC)c(OCCc2ccccc2)c1)N(CCC)CCC.Cl,,,CHEMBL1132405,J Med Chem,1999.0,,CHEMBL542470,,CHEMBL1191381,,0,http://www.openphacts.org/units/Nanomolar,245913,,1,0,,,IC50,nM,,,CHEMBL287,Homo sapiens,Sigma opioid receptor,9606,,,IC50,nM,UO_0000065,,
,,276057,[],CHEMBL873464,In vitro binding affinity against sigma receptor by using [3H]-DTG ([3H]-6) as radioligand in guinea pig cerebellum.,B,,,BAO_0000190,BAO_0000221,tissue-based format,CCCCCCN1CCC2(CCCc3ccccc32)CC1.Cl,,,CHEMBL1126060,J Med Chem,1992.0,"{'bei': '29.91', 'le': '0.56', 'lle': '3.60', 'sei': '263.58'}",CHEMBL1744001,,CHEMBL63322,8.54,0,http://www.openphacts.org/units/Nanomolar,108762,=,1,1,=,,IC50,nM,,2.884,CHEMBL287,Homo sapiens,Sigma opioid receptor,9606,,,Log IC50,,UO_0000065,,-8.54
,,278168,[],CHEMBL809051,TIn vitro binding affinity at Sigma opioid receptor type 2 on guinea pig brain membranes by [3H]DTG displacement in the presence of [3H]pentazocine.,B,,,BAO_0000190,BAO_0000019,assay format,CCCCC(Cc1ccc(OC)c(OCCc2ccccc2)c1)NCCC.Cl,,,CHEMBL1132405,J Med Chem,1999.0,"{'bei': '17.96', 'le': '0.34', 'lle': '1.22', 'sei': '21.77'}",CHEMBL541091,,CHEMBL128860,6.64,0,http://www.openphacts.org/units/Nanomolar,245911,=,1,1,=,,IC50,nM,,230.0,CHEMBL287,Homo sapiens,Sigma opioid receptor,9606,,,IC50,nM,UO_0000065,,230.0
,,278548,[],CHEMBL873464,In vitro binding affinity against sigma receptor by using [3H]-DTG ([3H]-6) as radioligand in guinea pig cerebellum.,B,,,BAO_0000190,BAO_0000221,tissue-based format,C=CCN1CCC2(CCCc3ccccc32)CC1.Cl,,,CHEMBL1126060,J Med Chem,1992.0,"{'bei': '32.07', 'le': '0.59', 'lle': '4.20', 'sei': '238.89'}",CHEMBL1743997,,CHEMBL64556,7.74,0,http://www.openphacts.org/units/Nanomolar,108764,=,1,1,=,,IC50,nM,,18.2,CHEMBL287,Homo sapiens,Sigma opioid receptor,9606,,,Log IC50,,UO_0000065,,-7.74
,,278549,[],CHEMBL873464,In vitro binding affinity against sigma receptor by using [3H]-DTG ([3H]-6) as radioligand in guinea pig cerebellum.,B,,,BAO_0000190,BAO_0000221,tissue-based format,CCCCN1CCC2(CCCCc3ccccc32)CC1.Cl,,,CHEMBL1126060,J Med Chem,1992.0,"{'bei': '30.65', 'le': '0.57', 'lle': '3.77', 'sei': '256.79'}",CHEMBL1744010,,CHEMBL62404,8.32,0,http://www.openphacts.org/units/Nanomolar,108784,=,1,1,=,,IC50,nM,,4.786,CHEMBL287,Homo sapiens,Sigma opioid receptor,9606,,,Log IC50,,UO_0000065,,-8.32
,,279602,[],CHEMBL873464,In vitro binding affinity against sigma receptor by using [3H]-DTG ([3H]-6) as radioligand in guinea pig cerebellum.,B,,,BAO_0000190,BAO_0000221,tissue-based format,Cl.Clc1ccc(CN2CCC3(CCCc4ccccc43)CC2)cc1,,,CHEMBL1126060,J Med Chem,1992.0,"{'bei': '25.07', 'le': '0.49', 'lle': '2.96', 'sei': '252.16'}",CHEMBL1743995,,CHEMBL418132,8.17,0,http://www.openphacts.org/units/Nanomolar,108771,=,1,1,=,,IC50,nM,,6.761,CHEMBL287,Homo sapiens,Sigma opioid receptor,9606,,,Log IC50,,UO_0000065,,-8.17
,,281751,[],CHEMBL809837,In vitro binding affinity at Sigma opioid receptors on guinea pig brain membranes by [3H]3-PPP displacement.,B,,,BAO_0000190,BAO_0000019,assay format,COc1ccc(CCN2CCCC2)cc1OCCc1ccccc1.O=C(O)C(=O)O,,,CHEMBL1132405,J Med Chem,1999.0,"{'bei': '21.38', 'le': '0.40', 'lle': '3.00', 'sei': '32.07'}",CHEMBL11311,,CHEMBL1178012,6.96,0,http://www.openphacts.org/units/Nanomolar,245897,=,1,1,=,,IC50,nM,,110.0,CHEMBL287,Homo sapiens,Sigma opioid receptor,9606,,,IC50,nM,UO_0000065,,110.0
,Not Determined,281753,[],CHEMBL809050,In vitro binding affinity at Sigma opioid receptor type 2 on guinea pig brain membranes by [3H]DTG displacement in the presence of [3H]pentazocine; Not tested.,B,,,BAO_0000190,BAO_0000019,assay format,COc1ccc(CCN2CCCC2)cc1OCCc1ccccc1.O=C(O)C(=O)O,,,CHEMBL1132405,J Med Chem,1999.0,,CHEMBL11311,,CHEMBL1178012,,0,http://www.openphacts.org/units/Nanomolar,245897,,1,0,,,IC50,nM,,,CHEMBL287,Homo sapiens,Sigma opioid receptor,9606,,,IC50,nM,UO_0000065,,
,,281755,[],CHEMBL809837,In vitro binding affinity at Sigma opioid receptors on guinea pig brain membranes by [3H]3-PPP displacement.,B,,,BAO_0000190,BAO_0000019,assay format,CCCN(CCC)C(C)Cc1ccc(OC)c(OCCc2ccccc2)c1,,,CHEMBL1132405,J Med Chem,1999.0,"{'bei': '21.43', 'le': '0.40', 'lle': '2.55', 'sei': '36.50'}",CHEMBL127720,,CHEMBL127720,7.92,0,http://www.openphacts.org/units/Nanomolar,245901,=,1,1,=,,IC50,nM,,12.0,CHEMBL287,Homo sapiens,Sigma opioid receptor,9606,,,IC50,nM,UO_0000065,,12.0
,Not Determined,281757,[],CHEMBL809050,In vitro binding affinity at Sigma opioid receptor type 2 on guinea pig brain membranes by [3H]DTG displacement in the presence of [3H]pentazocine; Not tested.,B,,,BAO_0000190,BAO_0000019,assay format,CCCN(CCC)C(C)Cc1ccc(OC)c(OCCc2ccccc2)c1,,,CHEMBL1132405,J Med Chem,1999.0,,CHEMBL127720,,CHEMBL127720,,0,http://www.openphacts.org/units/Nanomolar,245901,,1,0,,,IC50,nM,,,CHEMBL287,Homo sapiens,Sigma opioid receptor,9606,,,IC50,nM,UO_0000065,,
,,282103,[],CHEMBL873464,In vitro binding affinity against sigma receptor by using [3H]-DTG ([3H]-6) as radioligand in guinea pig cerebellum.,B,,,BAO_0000190,BAO_0000221,tissue-based format,Cl.c1csc(CN2CCC3(CCCc4ccccc43)CC2)c1,,,CHEMBL1126060,J Med Chem,1992.0,"{'bei': '27.57', 'le': '0.53', 'lle': '3.58', 'sei': '253.09'}",CHEMBL1743994,,CHEMBL64840,8.20,0,http://www.openphacts.org/units/Nanomolar,108768,=,1,1,=,,IC50,nM,,6.31,CHEMBL287,Homo sapiens,Sigma opioid receptor,9606,,,Log IC50,,UO_0000065,,-8.2
,,282104,[],CHEMBL873464,In vitro binding affinity against sigma receptor by using [3H]-DTG ([3H]-6) as radioligand in guinea pig cerebellum.,B,,,BAO_0000190,BAO_0000221,tissue-based format,Cl.Oc1ccc2c(c1)C1(CCC2)CCN(Cc2ccccc2)CC1,,,CHEMBL1126060,J Med Chem,1992.0,"{'bei': '23.29', 'le': '0.43', 'lle': '2.90', 'sei': '30.51'}",CHEMBL1744013,,CHEMBL64470,7.16,0,http://www.openphacts.org/units/Nanomolar,108787,=,1,1,=,,IC50,nM,,69.18,CHEMBL287,Homo sapiens,Sigma opioid receptor,9606,,,Log IC50,,UO_0000065,,-7.16
,,282936,[],CHEMBL809837,In vitro binding affinity at Sigma opioid receptors on guinea pig brain membranes by [3H]3-PPP displacement.,B,,,BAO_0000190,BAO_0000019,assay format,COc1ccc(CCN)cc1OCCc1ccccc1.Cl,,,CHEMBL1132405,J Med Chem,1999.0,,CHEMBL542784,,CHEMBL1191653,,0,http://www.openphacts.org/units/Nanomolar,245895,>,1,1,>,,IC50,nM,,1000.0,CHEMBL287,Homo sapiens,Sigma opioid receptor,9606,,,IC50,nM,UO_0000065,,1000.0
,Not Determined,282938,[],CHEMBL809050,In vitro binding affinity at Sigma opioid receptor type 2 on guinea pig brain membranes by [3H]DTG displacement in the presence of [3H]pentazocine; Not tested.,B,,,BAO_0000190,BAO_0000019,assay format,COc1ccc(CCN)cc1OCCc1ccccc1.Cl,,,CHEMBL1132405,J Med Chem,1999.0,,CHEMBL542784,,CHEMBL1191653,,0,http://www.openphacts.org/units/Nanomolar,245895,,1,0,,,IC50,nM,,,CHEMBL287,Homo sapiens,Sigma opioid receptor,9606,,,IC50,nM,UO_0000065,,
,,283156,[],CHEMBL873464,In vitro binding affinity against sigma receptor by using [3H]-DTG ([3H]-6) as radioligand in guinea pig cerebellum.,B,,,BAO_0000190,BAO_0000221,tissue-based format,Cl.c1ccc(CN2CCC3(CCc4ccccc43)CC2)nc1,,,CHEMBL1126060,J Med Chem,1992.0,"{'bei': '27.98', 'le': '0.51', 'lle': '4.23', 'sei': '48.29'}",CHEMBL1744004,,CHEMBL61005,7.79,0,http://www.openphacts.org/units/Nanomolar,108774,=,1,1,=,,IC50,nM,,16.22,CHEMBL287,Homo sapiens,Sigma opioid receptor,9606,,,Log IC50,,UO_0000065,,-7.79
,,283157,[],CHEMBL873464,In vitro binding affinity against sigma receptor by using [3H]-DTG ([3H]-6) as radioligand in guinea pig cerebellum.,B,,,BAO_0000190,BAO_0000221,tissue-based format,Cl.c1ccc(CN2CCC3(CCCc4ccccc43)CC2)cc1,,,CHEMBL1126060,J Med Chem,1992.0,"{'bei': '28.89', 'le': '0.52', 'lle': '3.86', 'sei': '259.88'}",CHEMBL1256916,,CHEMBL303336,8.42,0,http://www.openphacts.org/units/Nanomolar,108789,=,1,1,=,,IC50,nM,,3.802,CHEMBL287,Homo sapiens,Sigma opioid receptor,9606,,,Log IC50,,UO_0000065,,-8.42
,,284072,[],CHEMBL809837,In vitro binding affinity at Sigma opioid receptors on guinea pig brain membranes by [3H]3-PPP displacement.,B,,,BAO_0000190,BAO_0000019,assay format,CCCCCCC(N)Cc1ccc(OC)c(OCCc2ccccc2)c1,,,CHEMBL1132405,J Med Chem,1999.0,"{'bei': '19.04', 'le': '0.36', 'lle': '1.61', 'sei': '15.22'}",CHEMBL339253,,CHEMBL339253,6.77,0,http://www.openphacts.org/units/Nanomolar,245925,=,1,1,=,,IC50,nM,,170.0,CHEMBL287,Homo sapiens,Sigma opioid receptor,9606,,,IC50,nM,UO_0000065,,170.0
,Not Determined,284074,[],CHEMBL809050,In vitro binding affinity at Sigma opioid receptor type 2 on guinea pig brain membranes by [3H]DTG displacement in the presence of [3H]pentazocine; Not tested.,B,,,BAO_0000190,BAO_0000019,assay format,CCCCCCC(N)Cc1ccc(OC)c(OCCc2ccccc2)c1,,,CHEMBL1132405,J Med Chem,1999.0,,CHEMBL339253,,CHEMBL339253,,0,http://www.openphacts.org/units/Nanomolar,245925,,1,0,,,IC50,nM,,,CHEMBL287,Homo sapiens,Sigma opioid receptor,9606,,,IC50,nM,UO_0000065,,
,,284076,[],CHEMBL809837,In vitro binding affinity at Sigma opioid receptors on guinea pig brain membranes by [3H]3-PPP displacement.,B,,,BAO_0000190,BAO_0000019,assay format,CCCNC(CC)Cc1ccc(OC)c(OCCc2ccccc2)c1,,,CHEMBL1132405,J Med Chem,1999.0,"{'bei': '23.71', 'le': '0.44', 'lle': '3.46', 'sei': '26.56'}",CHEMBL127899,,CHEMBL127899,8.10,0,http://www.openphacts.org/units/Nanomolar,245920,=,1,1,=,,IC50,nM,,8.0,CHEMBL287,Homo sapiens,Sigma opioid receptor,9606,,,IC50,nM,UO_0000065,,8.0
,,284078,[],CHEMBL809051,TIn vitro binding affinity at Sigma opioid receptor type 2 on guinea pig brain membranes by [3H]DTG displacement in the presence of [3H]pentazocine.,B,,,BAO_0000190,BAO_0000019,assay format,CCCNC(CC)Cc1ccc(OC)c(OCCc2ccccc2)c1,,,CHEMBL1132405,J Med Chem,1999.0,"{'bei': '18.98', 'le': '0.35', 'lle': '1.84', 'sei': '21.26'}",CHEMBL127899,,CHEMBL127899,6.48,0,http://www.openphacts.org/units/Nanomolar,245920,=,1,1,=,,IC50,nM,,330.0,CHEMBL287,Homo sapiens,Sigma opioid receptor,9606,,,IC50,nM,UO_0000065,,330.0
,,284080,[],CHEMBL809837,In vitro binding affinity at Sigma opioid receptors on guinea pig brain membranes by [3H]3-PPP displacement.,B,,,BAO_0000190,BAO_0000019,assay format,CCCNC(CCC(C)C)Cc1ccc(OC)c(OCCc2ccccc2)c1.Cl,,,CHEMBL1132405,J Med Chem,1999.0,"{'bei': '22.80', 'le': '0.43', 'lle': '3.08', 'sei': '28.68'}",CHEMBL540331,,CHEMBL1190190,8.74,0,http://www.openphacts.org/units/Nanomolar,245902,=,1,1,=,,IC50,nM,,1.8,CHEMBL287,Homo sapiens,Sigma opioid receptor,9606,,,IC50,nM,UO_0000065,,1.8
,,284082,[],CHEMBL809051,TIn vitro binding affinity at Sigma opioid receptor type 2 on guinea pig brain membranes by [3H]DTG displacement in the presence of [3H]pentazocine.,B,,,BAO_0000190,BAO_0000019,assay format,CCCNC(CCC(C)C)Cc1ccc(OC)c(OCCc2ccccc2)c1.Cl,,,CHEMBL1132405,J Med Chem,1999.0,"{'bei': '17.41', 'le': '0.33', 'lle': '1.02', 'sei': '21.90'}",CHEMBL540331,,CHEMBL1190190,6.68,0,http://www.openphacts.org/units/Nanomolar,245902,=,1,1,=,,IC50,nM,,210.0,CHEMBL287,Homo sapiens,Sigma opioid receptor,9606,,,IC50,nM,UO_0000065,,210.0
,,285619,[],CHEMBL873464,In vitro binding affinity against sigma receptor by using [3H]-DTG ([3H]-6) as radioligand in guinea pig cerebellum.,B,,,BAO_0000190,BAO_0000221,tissue-based format,CC(C)=CCN1CCC2(CCc3ccccc32)CC1.Cl,,,CHEMBL1126060,J Med Chem,1992.0,"{'bei': '34.96', 'le': '0.64', 'lle': '5.00', 'sei': '275.62'}",CHEMBL1788382,,CHEMBL418310,8.93,0,http://www.openphacts.org/units/Nanomolar,108783,=,1,1,=,,IC50,nM,,1.175,CHEMBL287,Homo sapiens,Sigma opioid receptor,9606,,,Log IC50,,UO_0000065,,-8.93
,,286738,[],CHEMBL873464,In vitro binding affinity against sigma receptor by using [3H]-DTG ([3H]-6) as radioligand in guinea pig cerebellum.,B,,,BAO_0000190,BAO_0000221,tissue-based format,Cl.c1ccc2c(c1)CCCC21CCN(CC2CC2)CC1,,,CHEMBL1126060,J Med Chem,1992.0,"{'bei': '31.28', 'le': '0.57', 'lle': '4.22', 'sei': '246.61'}",CHEMBL1744008,,CHEMBL63110,7.99,0,http://www.openphacts.org/units/Nanomolar,108790,=,1,1,=,,IC50,nM,,10.23,CHEMBL287,Homo sapiens,Sigma opioid receptor,9606,,,Log IC50,,UO_0000065,,-7.99
,,286739,[],CHEMBL873464,In vitro binding affinity against sigma receptor by using [3H]-DTG ([3H]-6) as radioligand in guinea pig cerebellum.,B,,,BAO_0000190,BAO_0000221,tissue-based format,Cl.c1ccc(CN2CCC3(CCCCc4ccccc43)CC2)cc1,,,CHEMBL1126060,J Med Chem,1992.0,"{'bei': '26.75', 'le': '0.49', 'lle': '3.22', 'sei': '252.16'}",CHEMBL1744011,,CHEMBL423664,8.17,0,http://www.openphacts.org/units/Nanomolar,108785,=,1,1,=,,IC50,nM,,6.761,CHEMBL287,Homo sapiens,Sigma opioid receptor,9606,,,Log IC50,,UO_0000065,,-8.17
,,287594,[],CHEMBL809837,In vitro binding affinity at Sigma opioid receptors on guinea pig brain membranes by [3H]3-PPP displacement.,B,,,BAO_0000190,BAO_0000019,assay format,CCCC(N)Cc1ccc(OC)c(OCCc2ccccc2)c1.Cl,,,CHEMBL1132405,J Med Chem,1999.0,"{'bei': '20.68', 'le': '0.38', 'lle': '2.49', 'sei': '14.57'}",CHEMBL553841,,CHEMBL1195103,6.48,0,http://www.openphacts.org/units/Nanomolar,245927,=,1,1,=,,IC50,nM,,330.0,CHEMBL287,Homo sapiens,Sigma opioid receptor,9606,,,IC50,nM,UO_0000065,,330.0
,Not Determined,287596,[],CHEMBL809050,In vitro binding affinity at Sigma opioid receptor type 2 on guinea pig brain membranes by [3H]DTG displacement in the presence of [3H]pentazocine; Not tested.,B,,,BAO_0000190,BAO_0000019,assay format,CCCC(N)Cc1ccc(OC)c(OCCc2ccccc2)c1.Cl,,,CHEMBL1132405,J Med Chem,1999.0,,CHEMBL553841,,CHEMBL1195103,,0,http://www.openphacts.org/units/Nanomolar,245927,,1,0,,,IC50,nM,,,CHEMBL287,Homo sapiens,Sigma opioid receptor,9606,,,IC50,nM,UO_0000065,,
,,287598,[],CHEMBL809837,In vitro binding affinity at Sigma opioid receptors on guinea pig brain membranes by [3H]3-PPP displacement.,B,,,BAO_0000190,BAO_0000019,assay format,CCCCCCCCC(Cc1ccc(OC)c(OCCc2ccccc2)c1)N(CCC)CCC,,,CHEMBL1132405,J Med Chem,1999.0,,CHEMBL128998,,CHEMBL128998,,0,http://www.openphacts.org/units/Nanomolar,245914,>,1,1,>,,IC50,nM,,1000.0,CHEMBL287,Homo sapiens,Sigma opioid receptor,9606,,,IC50,nM,UO_0000065,,1000.0
,Not Determined,287600,[],CHEMBL809050,In vitro binding affinity at Sigma opioid receptor type 2 on guinea pig brain membranes by [3H]DTG displacement in the presence of [3H]pentazocine; Not tested.,B,,,BAO_0000190,BAO_0000019,assay format,CCCCCCCCC(Cc1ccc(OC)c(OCCc2ccccc2)c1)N(CCC)CCC,,,CHEMBL1132405,J Med Chem,1999.0,,CHEMBL128998,,CHEMBL128998,,0,http://www.openphacts.org/units/Nanomolar,245914,,1,0,,,IC50,nM,,,CHEMBL287,Homo sapiens,Sigma opioid receptor,9606,,,IC50,nM,UO_0000065,,
,,288889,[],CHEMBL809837,In vitro binding affinity at Sigma opioid receptors on guinea pig brain membranes by [3H]3-PPP displacement.,B,,,BAO_0000190,BAO_0000019,assay format,CCCCCCCCC(N)Cc1ccc(OC)c(OCCc2ccccc2)c1,,,CHEMBL1132405,J Med Chem,1999.0,,CHEMBL341508,,CHEMBL341508,,0,http://www.openphacts.org/units/Nanomolar,245923,>,1,1,>,,IC50,nM,,1000.0,CHEMBL287,Homo sapiens,Sigma opioid receptor,9606,,,IC50,nM,UO_0000065,,1000.0
,Not Determined,288891,[],CHEMBL809050,In vitro binding affinity at Sigma opioid receptor type 2 on guinea pig brain membranes by [3H]DTG displacement in the presence of [3H]pentazocine; Not tested.,B,,,BAO_0000190,BAO_0000019,assay format,CCCCCCCCC(N)Cc1ccc(OC)c(OCCc2ccccc2)c1,,,CHEMBL1132405,J Med Chem,1999.0,,CHEMBL341508,,CHEMBL341508,,0,http://www.openphacts.org/units/Nanomolar,245923,,1,0,,,IC50,nM,,,CHEMBL287,Homo sapiens,Sigma opioid receptor,9606,,,IC50,nM,UO_0000065,,
,,288893,[],CHEMBL809837,In vitro binding affinity at Sigma opioid receptors on guinea pig brain membranes by [3H]3-PPP displacement.,B,,,BAO_0000190,BAO_0000019,assay format,COc1ccc(CC(N)CCC(C)C)cc1OCCc1ccccc1.Cl,,,CHEMBL1132405,J Med Chem,1999.0,"{'bei': '20.16', 'le': '0.38', 'lle': '2.27', 'sei': '15.48'}",CHEMBL538845,,CHEMBL1189514,6.89,0,http://www.openphacts.org/units/Nanomolar,245922,=,1,1,=,,IC50,nM,,130.0,CHEMBL287,Homo sapiens,Sigma opioid receptor,9606,,,IC50,nM,UO_0000065,,130.0
,Not Determined,288895,[],CHEMBL809050,In vitro binding affinity at Sigma opioid receptor type 2 on guinea pig brain membranes by [3H]DTG displacement in the presence of [3H]pentazocine; Not tested.,B,,,BAO_0000190,BAO_0000019,assay format,COc1ccc(CC(N)CCC(C)C)cc1OCCc1ccccc1.Cl,,,CHEMBL1132405,J Med Chem,1999.0,,CHEMBL538845,,CHEMBL1189514,,0,http://www.openphacts.org/units/Nanomolar,245922,,1,0,,,IC50,nM,,,CHEMBL287,Homo sapiens,Sigma opioid receptor,9606,,,IC50,nM,UO_0000065,,
,,288897,[],CHEMBL809837,In vitro binding affinity at Sigma opioid receptors on guinea pig brain membranes by [3H]3-PPP displacement.,B,,,BAO_0000190,BAO_0000019,assay format,CCCCCCC(Cc1ccc(OC)c(OCCc2ccccc2)c1)N(CCC)CCC,,,CHEMBL1132405,J Med Chem,1999.0,"{'bei': '15.52', 'le': '0.29', 'lle': '-0.50', 'sei': '31.45'}",CHEMBL340275,,CHEMBL340275,6.82,0,http://www.openphacts.org/units/Nanomolar,245916,=,1,1,=,,IC50,nM,,150.0,CHEMBL287,Homo sapiens,Sigma opioid receptor,9606,,,IC50,nM,UO_0000065,,150.0
,Not Determined,288899,[],CHEMBL809050,In vitro binding affinity at Sigma opioid receptor type 2 on guinea pig brain membranes by [3H]DTG displacement in the presence of [3H]pentazocine; Not tested.,B,,,BAO_0000190,BAO_0000019,assay format,CCCCCCC(Cc1ccc(OC)c(OCCc2ccccc2)c1)N(CCC)CCC,,,CHEMBL1132405,J Med Chem,1999.0,,CHEMBL340275,,CHEMBL340275,,0,http://www.openphacts.org/units/Nanomolar,245916,,1,0,,,IC50,nM,,,CHEMBL287,Homo sapiens,Sigma opioid receptor,9606,,,IC50,nM,UO_0000065,,
,,289190,[],CHEMBL873464,In vitro binding affinity against sigma receptor by using [3H]-DTG ([3H]-6) as radioligand in guinea pig cerebellum.,B,,,BAO_0000190,BAO_0000221,tissue-based format,Cc1ccc2c(c1)CCCC21CCN(Cc2ccccc2)CC1.Cl,,,CHEMBL1126060,J Med Chem,1992.0,"{'bei': '27.04', 'le': '0.49', 'lle': '3.39', 'sei': '254.94'}",CHEMBL1743998,,CHEMBL64607,8.26,0,http://www.openphacts.org/units/Nanomolar,108765,=,1,1,=,,IC50,nM,,5.495,CHEMBL287,Homo sapiens,Sigma opioid receptor,9606,,,Log IC50,,UO_0000065,,-8.26
,,289191,[],CHEMBL873464,In vitro binding affinity against sigma receptor by using [3H]-DTG ([3H]-6) as radioligand in guinea pig cerebellum.,B,,,BAO_0000190,BAO_0000221,tissue-based format,CCCCCCN1CCC2(CCc3ccccc32)CC1.Cl,,,CHEMBL1126060,J Med Chem,1992.0,"{'bei': '32.49', 'le': '0.60', 'lle': '4.27', 'sei': '272.22'}",CHEMBL1744015,,CHEMBL62126,8.82,0,http://www.openphacts.org/units/Nanomolar,108781,=,1,1,=,,IC50,nM,,1.514,CHEMBL287,Homo sapiens,Sigma opioid receptor,9606,,,Log IC50,,UO_0000065,,-8.82
,,290134,[],CHEMBL809837,In vitro binding affinity at Sigma opioid receptors on guinea pig brain membranes by [3H]3-PPP displacement.,B,,,BAO_0000190,BAO_0000019,assay format,CCC(N)Cc1ccc(OC)c(OCCc2ccccc2)c1.Cl,,,CHEMBL1132405,J Med Chem,1999.0,,CHEMBL538290,,CHEMBL1189226,,0,http://www.openphacts.org/units/Nanomolar,245898,>,1,1,>,,IC50,nM,,1000.0,CHEMBL287,Homo sapiens,Sigma opioid receptor,9606,,,IC50,nM,UO_0000065,,1000.0
,Not Determined,290136,[],CHEMBL809050,In vitro binding affinity at Sigma opioid receptor type 2 on guinea pig brain membranes by [3H]DTG displacement in the presence of [3H]pentazocine; Not tested.,B,,,BAO_0000190,BAO_0000019,assay format,CCC(N)Cc1ccc(OC)c(OCCc2ccccc2)c1.Cl,,,CHEMBL1132405,J Med Chem,1999.0,,CHEMBL538290,,CHEMBL1189226,,0,http://www.openphacts.org/units/Nanomolar,245898,,1,0,,,IC50,nM,,,CHEMBL287,Homo sapiens,Sigma opioid receptor,9606,,,IC50,nM,UO_0000065,,
,Not Determined,290176,[],CHEMBL809839,In vitro binding affinity at Sigma opioid receptors on guinea pig brain membranes by [3H]3-PPP displacement; Not tested.,B,,,BAO_0000190,BAO_0000019,assay format,CCCNC(CCC(C)C)Cc1ccc(OC)c(OCCc2ccccc2)c1.Cl,,,CHEMBL1132405,J Med Chem,1999.0,,CHEMBL540331,,CHEMBL1190190,,0,http://www.openphacts.org/units/Nanomolar,245910,,1,0,,,IC50,nM,,,CHEMBL287,Homo sapiens,Sigma opioid receptor,9606,,,IC50,nM,UO_0000065,,
,,290178,[],CHEMBL809049,In vitro binding affinity at Sigma opioid receptor type 2 on guinea pig brain membranes by [3H]DTG displacement in the presence of [3H]pentazocine.,B,,,BAO_0000190,BAO_0000019,assay format,CCCNC(CCC(C)C)Cc1ccc(OC)c(OCCc2ccccc2)c1.Cl,,,CHEMBL1132405,J Med Chem,1999.0,"{'bei': '17.52', 'le': '0.33', 'lle': '1.06', 'sei': '22.04'}",CHEMBL540331,,CHEMBL1190190,6.72,0,http://www.openphacts.org/units/Nanomolar,245910,=,1,1,=,,IC50,nM,,190.0,CHEMBL287,Homo sapiens,Sigma opioid receptor,9606,,,IC50,nM,UO_0000065,,190.0
,Not Determined,290180,[],CHEMBL809839,In vitro binding affinity at Sigma opioid receptors on guinea pig brain membranes by [3H]3-PPP displacement; Not tested.,B,,,BAO_0000190,BAO_0000019,assay format,CCCNC(CCC(C)C)Cc1ccc(OC)c(OCCc2ccccc2)c1.Cl,,,CHEMBL1132405,J Med Chem,1999.0,,CHEMBL540331,,CHEMBL1190190,,0,http://www.openphacts.org/units/Nanomolar,245909,,1,0,,,IC50,nM,,,CHEMBL287,Homo sapiens,Sigma opioid receptor,9606,,,IC50,nM,UO_0000065,,
,,290182,[],CHEMBL809049,In vitro binding affinity at Sigma opioid receptor type 2 on guinea pig brain membranes by [3H]DTG displacement in the presence of [3H]pentazocine.,B,,,BAO_0000190,BAO_0000019,assay format,CCCNC(CCC(C)C)Cc1ccc(OC)c(OCCc2ccccc2)c1.Cl,,,CHEMBL1132405,J Med Chem,1999.0,"{'bei': '17.46', 'le': '0.33', 'lle': '1.04', 'sei': '21.97'}",CHEMBL540331,,CHEMBL1190190,6.70,0,http://www.openphacts.org/units/Nanomolar,245909,=,1,1,=,,IC50,nM,,200.0,CHEMBL287,Homo sapiens,Sigma opioid receptor,9606,,,IC50,nM,UO_0000065,,200.0
,,290442,[],CHEMBL873464,In vitro binding affinity against sigma receptor by using [3H]-DTG ([3H]-6) as radioligand in guinea pig cerebellum.,B,,,BAO_0000190,BAO_0000221,tissue-based format,CCCCN1CCC2(CCCc3ccccc32)CC1.Cl,,,CHEMBL1126060,J Med Chem,1992.0,"{'bei': '34.65', 'le': '0.64', 'lle': '4.76', 'sei': '275.31'}",CHEMBL1788381,,CHEMBL62540,8.92,0,http://www.openphacts.org/units/Nanomolar,108761,=,1,1,=,,IC50,nM,,1.202,CHEMBL287,Homo sapiens,Sigma opioid receptor,9606,,,Log IC50,,UO_0000065,,-8.92
,,291248,[],CHEMBL809837,In vitro binding affinity at Sigma opioid receptors on guinea pig brain membranes by [3H]3-PPP displacement.,B,,,BAO_0000190,BAO_0000019,assay format,CCCCCCCC(Cc1ccc(OC)c(OCCc2ccccc2)c1)NCCC,,,CHEMBL1132405,J Med Chem,1999.0,"{'bei': '19.16', 'le': '0.36', 'lle': '1.30', 'sei': '25.86'}",CHEMBL421446,,CHEMBL421446,7.89,0,http://www.openphacts.org/units/Nanomolar,245904,=,1,1,=,,IC50,nM,,13.0,CHEMBL287,Homo sapiens,Sigma opioid receptor,9606,,,IC50,nM,UO_0000065,,13.0
,Not Determined,291250,[],CHEMBL809050,In vitro binding affinity at Sigma opioid receptor type 2 on guinea pig brain membranes by [3H]DTG displacement in the presence of [3H]pentazocine; Not tested.,B,,,BAO_0000190,BAO_0000019,assay format,CCCCCCCC(Cc1ccc(OC)c(OCCc2ccccc2)c1)NCCC,,,CHEMBL1132405,J Med Chem,1999.0,,CHEMBL421446,,CHEMBL421446,,0,http://www.openphacts.org/units/Nanomolar,245904,,1,0,,,IC50,nM,,,CHEMBL287,Homo sapiens,Sigma opioid receptor,9606,,,IC50,nM,UO_0000065,,
,,291252,[],CHEMBL809837,In vitro binding affinity at Sigma opioid receptors on guinea pig brain membranes by [3H]3-PPP displacement.,B,,,BAO_0000190,BAO_0000019,assay format,CCCCCCCC(Cc1ccc(OC)c(OCCc2ccccc2)c1)N(CCC)CCC,,,CHEMBL1132405,J Med Chem,1999.0,"{'bei': '14.63', 'le': '0.27', 'lle': '-1.07', 'sei': '30.59'}",CHEMBL128944,,CHEMBL128944,6.64,0,http://www.openphacts.org/units/Nanomolar,245915,=,1,1,=,,IC50,nM,,230.0,CHEMBL287,Homo sapiens,Sigma opioid receptor,9606,,,IC50,nM,UO_0000065,,230.0
,Not Determined,291254,[],CHEMBL809050,In vitro binding affinity at Sigma opioid receptor type 2 on guinea pig brain membranes by [3H]DTG displacement in the presence of [3H]pentazocine; Not tested.,B,,,BAO_0000190,BAO_0000019,assay format,CCCCCCCC(Cc1ccc(OC)c(OCCc2ccccc2)c1)N(CCC)CCC,,,CHEMBL1132405,J Med Chem,1999.0,,CHEMBL128944,,CHEMBL128944,,0,http://www.openphacts.org/units/Nanomolar,245915,,1,0,,,IC50,nM,,,CHEMBL287,Homo sapiens,Sigma opioid receptor,9606,,,IC50,nM,UO_0000065,,
,,291585,[],CHEMBL873464,In vitro binding affinity against sigma receptor by using [3H]-DTG ([3H]-6) as radioligand in guinea pig cerebellum.,B,,,BAO_0000190,BAO_0000221,tissue-based format,C=CCCN1CCC2(CCCc3ccccc32)CC1.Cl,,,CHEMBL1126060,J Med Chem,1992.0,"{'bei': '32.03', 'le': '0.59', 'lle': '4.25', 'sei': '252.47'}",CHEMBL1743996,,CHEMBL444267,8.18,0,http://www.openphacts.org/units/Nanomolar,108763,=,1,1,=,,IC50,nM,,6.607,CHEMBL287,Homo sapiens,Sigma opioid receptor,9606,,,Log IC50,,UO_0000065,,-8.18
,,291586,[],CHEMBL873464,In vitro binding affinity against sigma receptor by using [3H]-DTG ([3H]-6) as radioligand in guinea pig cerebellum.,B,,,BAO_0000190,BAO_0000221,tissue-based format,Cl.O=[N+]([O-])c1ccc(CN2CCC3(CCCc4ccccc43)CC2)cc1,,,CHEMBL1126060,J Med Chem,1992.0,"{'bei': '23.33', 'le': '0.43', 'lle': '3.39', 'sei': '16.93'}",CHEMBL1743992,,CHEMBL64346,7.85,0,http://www.openphacts.org/units/Nanomolar,108770,=,1,1,=,,IC50,nM,,14.13,CHEMBL287,Homo sapiens,Sigma opioid receptor,9606,,,Log IC50,,UO_0000065,,-7.85
,,292558,[],CHEMBL809837,In vitro binding affinity at Sigma opioid receptors on guinea pig brain membranes by [3H]3-PPP displacement.,B,,,BAO_0000190,BAO_0000019,assay format,CCCCCCC(Cc1ccc(OC)c(OCCc2ccccc2)c1)NCCC,,,CHEMBL1132405,J Med Chem,1999.0,"{'bei': '20.24', 'le': '0.38', 'lle': '1.85', 'sei': '26.39'}",CHEMBL339638,,CHEMBL339638,8.05,0,http://www.openphacts.org/units/Nanomolar,245905,=,1,1,=,,IC50,nM,,9.0,CHEMBL287,Homo sapiens,Sigma opioid receptor,9606,,,IC50,nM,UO_0000065,,9.0
,,292560,[],CHEMBL809051,TIn vitro binding affinity at Sigma opioid receptor type 2 on guinea pig brain membranes by [3H]DTG displacement in the presence of [3H]pentazocine.,B,,,BAO_0000190,BAO_0000019,assay format,CCCCCCC(Cc1ccc(OC)c(OCCc2ccccc2)c1)NCCC,,,CHEMBL1132405,J Med Chem,1999.0,"{'bei': '16.70', 'le': '0.31', 'lle': '0.44', 'sei': '21.77'}",CHEMBL339638,,CHEMBL339638,6.64,0,http://www.openphacts.org/units/Nanomolar,245905,=,1,1,=,,IC50,nM,,230.0,CHEMBL287,Homo sapiens,Sigma opioid receptor,9606,,,IC50,nM,UO_0000065,,230.0
,,292562,[],CHEMBL809837,In vitro binding affinity at Sigma opioid receptors on guinea pig brain membranes by [3H]3-PPP displacement.,B,,,BAO_0000190,BAO_0000019,assay format,CCCCCCCCC(Cc1ccc(OC)c(OCCc2ccccc2)c1)NCCC,,,CHEMBL1132405,J Med Chem,1999.0,"{'bei': '15.90', 'le': '0.30', 'lle': '-0.21', 'sei': '22.20'}",CHEMBL128999,,CHEMBL128999,6.77,0,http://www.openphacts.org/units/Nanomolar,245903,=,1,1,=,,IC50,nM,,170.0,CHEMBL287,Homo sapiens,Sigma opioid receptor,9606,,,IC50,nM,UO_0000065,,170.0
,Not Determined,292564,[],CHEMBL809050,In vitro binding affinity at Sigma opioid receptor type 2 on guinea pig brain membranes by [3H]DTG displacement in the presence of [3H]pentazocine; Not tested.,B,,,BAO_0000190,BAO_0000019,assay format,CCCCCCCCC(Cc1ccc(OC)c(OCCc2ccccc2)c1)NCCC,,,CHEMBL1132405,J Med Chem,1999.0,,CHEMBL128999,,CHEMBL128999,,0,http://www.openphacts.org/units/Nanomolar,245903,,1,0,,,IC50,nM,,,CHEMBL287,Homo sapiens,Sigma opioid receptor,9606,,,IC50,nM,UO_0000065,,
,,292566,[],CHEMBL809837,In vitro binding affinity at Sigma opioid receptors on guinea pig brain membranes by [3H]3-PPP displacement.,B,,,BAO_0000190,BAO_0000019,assay format,CCCCC(Cc1ccc(OC)c(OCCc2ccccc2)c1)N(CCC)CCC,,,CHEMBL1132405,J Med Chem,1999.0,"{'bei': '18.31', 'le': '0.34', 'lle': '1.00', 'sei': '34.74'}",CHEMBL340587,,CHEMBL340587,7.54,0,http://www.openphacts.org/units/Nanomolar,245917,=,1,1,=,,IC50,nM,,29.0,CHEMBL287,Homo sapiens,Sigma opioid receptor,9606,,,IC50,nM,UO_0000065,,29.0
,Not Determined,292568,[],CHEMBL809050,In vitro binding affinity at Sigma opioid receptor type 2 on guinea pig brain membranes by [3H]DTG displacement in the presence of [3H]pentazocine; Not tested.,B,,,BAO_0000190,BAO_0000019,assay format,CCCCC(Cc1ccc(OC)c(OCCc2ccccc2)c1)N(CCC)CCC,,,CHEMBL1132405,J Med Chem,1999.0,,CHEMBL340587,,CHEMBL340587,,0,http://www.openphacts.org/units/Nanomolar,245917,,1,0,,,IC50,nM,,,CHEMBL287,Homo sapiens,Sigma opioid receptor,9606,,,IC50,nM,UO_0000065,,
,,294126,[],CHEMBL873464,In vitro binding affinity against sigma receptor by using [3H]-DTG ([3H]-6) as radioligand in guinea pig cerebellum.,B,,,BAO_0000190,BAO_0000221,tissue-based format,COc1ccc(CN2CCC3(CCCc4ccccc43)CC2)cc1.Cl,,,CHEMBL1126060,J Med Chem,1992.0,"{'bei': '27.31', 'le': '0.50', 'lle': '4.21', 'sei': '70.41'}",CHEMBL1744002,,CHEMBL302197,8.78,0,http://www.openphacts.org/units/Nanomolar,108772,=,1,1,=,,IC50,nM,,1.66,CHEMBL287,Homo sapiens,Sigma opioid receptor,9606,,,Log IC50,,UO_0000065,,-8.78
,,294128,[],CHEMBL873464,In vitro binding affinity against sigma receptor by using [3H]-DTG ([3H]-6) as radioligand in guinea pig cerebellum.,B,,,BAO_0000190,BAO_0000221,tissue-based format,Cl.c1coc(CN2CCC3(CCCc4ccccc43)CC2)c1,,,CHEMBL1126060,J Med Chem,1992.0,"{'bei': '28.50', 'le': '0.52', 'lle': '3.87', 'sei': '48.96'}",CHEMBL1743993,,CHEMBL63162,8.02,0,http://www.openphacts.org/units/Nanomolar,108767,=,1,1,=,,IC50,nM,,9.55,CHEMBL287,Homo sapiens,Sigma opioid receptor,9606,,,Log IC50,,UO_0000065,,-8.02
,,294129,[],CHEMBL873464,In vitro binding affinity against sigma receptor by using [3H]-DTG ([3H]-6) as radioligand in guinea pig cerebellum.,B,,,BAO_0000190,BAO_0000221,tissue-based format,COc1ccc(CN2CCC3(CCc4ccccc43)CC2)cc1.Cl,,,CHEMBL1126060,J Med Chem,1992.0,"{'bei': '27.52', 'le': '0.50', 'lle': '4.28', 'sei': '67.84'}",CHEMBL1744016,,CHEMBL292259,8.46,0,http://www.openphacts.org/units/Nanomolar,108777,=,1,1,=,,IC50,nM,,3.467,CHEMBL287,Homo sapiens,Sigma opioid receptor,9606,,,Log IC50,,UO_0000065,,-8.46
,,295457,[],CHEMBL873464,In vitro binding affinity against sigma receptor by using [3H]-DTG ([3H]-6) as radioligand in guinea pig cerebellum.,B,,,BAO_0000190,BAO_0000221,tissue-based format,CC(C)=CCN1CCC2(CCCc3ccccc32)CC1,,,CHEMBL1126060,J Med Chem,1992.0,"{'bei': '33.33', 'le': '0.61', 'lle': '4.66', 'sei': '277.16'}",CHEMBL62770,,CHEMBL62770,8.98,0,http://www.openphacts.org/units/Nanomolar,108760,=,1,1,=,,IC50,nM,,1.047,CHEMBL287,Homo sapiens,Sigma opioid receptor,9606,,,Log IC50,,UO_0000065,,-8.98
,,295459,[],CHEMBL873464,In vitro binding affinity against sigma receptor by using [3H]-DTG ([3H]-6) as radioligand in guinea pig cerebellum.,B,,,BAO_0000190,BAO_0000221,tissue-based format,Cc1ccc(CN2CCC3(CCCc4ccccc43)CC2)cc1.Cl,,,CHEMBL1126060,J Med Chem,1992.0,"{'bei': '28.97', 'le': '0.53', 'lle': '3.98', 'sei': '273.14'}",CHEMBL1744003,,CHEMBL439751,8.85,0,http://www.openphacts.org/units/Nanomolar,108773,=,1,1,=,,IC50,nM,,1.413,CHEMBL287,Homo sapiens,Sigma opioid receptor,9606,,,Log IC50,,UO_0000065,,-8.85
,,295461,[],CHEMBL873464,In vitro binding affinity against sigma receptor by using [3H]-DTG ([3H]-6) as radioligand in guinea pig cerebellum.,B,,,BAO_0000190,BAO_0000221,tissue-based format,Cl.c1ccc2c(c1)CCC21CCN(CC2CCCCC2)CC1,,,CHEMBL1126060,J Med Chem,1992.0,"{'bei': '31.29', 'le': '0.58', 'lle': '4.32', 'sei': '273.77'}",CHEMBL1743999,,CHEMBL60137,8.87,0,http://www.openphacts.org/units/Nanomolar,108782,=,1,1,=,,IC50,nM,,1.349,CHEMBL287,Homo sapiens,Sigma opioid receptor,9606,,,Log IC50,,UO_0000065,,-8.87
,,296415,[],CHEMBL809838,In vitro binding affinity at Sigma opioid receptors on guinea pig brain membranes by [3H]-3-PPP displacement.,B,,,BAO_0000190,BAO_0000019,assay format,CCCC(N)(CCC)Cc1ccc(OC)c(OCCc2ccccc2)c1.O=C(O)/C=C/C(=O)O,,,CHEMBL1132405,J Med Chem,1999.0,,CHEMBL338858,,CHEMBL1184205,,0,http://www.openphacts.org/units/Nanomolar,245912,>,1,1,>,,IC50,nM,,1000.0,CHEMBL287,Homo sapiens,Sigma opioid receptor,9606,,,IC50,nM,UO_0000065,,1000.0
,Not Determined,296417,[],CHEMBL809050,In vitro binding affinity at Sigma opioid receptor type 2 on guinea pig brain membranes by [3H]DTG displacement in the presence of [3H]pentazocine; Not tested.,B,,,BAO_0000190,BAO_0000019,assay format,CCCC(N)(CCC)Cc1ccc(OC)c(OCCc2ccccc2)c1.O=C(O)/C=C/C(=O)O,,,CHEMBL1132405,J Med Chem,1999.0,,CHEMBL338858,,CHEMBL1184205,,0,http://www.openphacts.org/units/Nanomolar,245912,,1,0,,,IC50,nM,,,CHEMBL287,Homo sapiens,Sigma opioid receptor,9606,,,IC50,nM,UO_0000065,,
,,297681,[],CHEMBL809837,In vitro binding affinity at Sigma opioid receptors on guinea pig brain membranes by [3H]3-PPP displacement.,B,,,BAO_0000190,BAO_0000019,assay format,CCCN(CCC)CCc1ccc(OC)c(OCCc2ccccc2)c1.Cl,,,CHEMBL1132405,J Med Chem,1999.0,"{'bei': '24.99', 'le': '0.47', 'lle': '3.91', 'sei': '40.95'}",CHEMBL521582,,CHEMBL190883,8.89,0,http://www.openphacts.org/units/Nanomolar,245894,=,1,1,=,,IC50,nM,,1.3,CHEMBL287,Homo sapiens,Sigma opioid receptor,9606,,,IC50,nM,UO_0000065,,1.3
,,297683,[],CHEMBL809049,In vitro binding affinity at Sigma opioid receptor type 2 on guinea pig brain membranes by [3H]DTG displacement in the presence of [3H]pentazocine.,B,,,BAO_0000190,BAO_0000019,assay format,CCCN(CCC)CCc1ccc(OC)c(OCCc2ccccc2)c1.Cl,,,CHEMBL1132405,J Med Chem,1999.0,"{'bei': '19.89', 'le': '0.37', 'lle': '2.09', 'sei': '32.58'}",CHEMBL521582,,CHEMBL190883,7.07,0,http://www.openphacts.org/units/Nanomolar,245894,=,1,1,=,,IC50,nM,,85.0,CHEMBL287,Homo sapiens,Sigma opioid receptor,9606,,,IC50,nM,UO_0000065,,85.0
,,297685,[],CHEMBL809837,In vitro binding affinity at Sigma opioid receptors on guinea pig brain membranes by [3H]3-PPP displacement.,B,,,BAO_0000190,BAO_0000019,assay format,CCCCCC(N)Cc1ccc(OC)c(OCCc2ccccc2)c1.Cl,,,CHEMBL1132405,J Med Chem,1999.0,"{'bei': '20.38', 'le': '0.38', 'lle': '2.19', 'sei': '15.64'}",CHEMBL543896,,CHEMBL1192624,6.96,0,http://www.openphacts.org/units/Nanomolar,245926,=,1,1,=,,IC50,nM,,110.0,CHEMBL287,Homo sapiens,Sigma opioid receptor,9606,,,IC50,nM,UO_0000065,,110.0
,Not Determined,297687,[],CHEMBL809050,In vitro binding affinity at Sigma opioid receptor type 2 on guinea pig brain membranes by [3H]DTG displacement in the presence of [3H]pentazocine; Not tested.,B,,,BAO_0000190,BAO_0000019,assay format,CCCCCC(N)Cc1ccc(OC)c(OCCc2ccccc2)c1.Cl,,,CHEMBL1132405,J Med Chem,1999.0,,CHEMBL543896,,CHEMBL1192624,,0,http://www.openphacts.org/units/Nanomolar,245926,,1,0,,,IC50,nM,,,CHEMBL287,Homo sapiens,Sigma opioid receptor,9606,,,IC50,nM,UO_0000065,,
,,298069,[],CHEMBL873464,In vitro binding affinity against sigma receptor by using [3H]-DTG ([3H]-6) as radioligand in guinea pig cerebellum.,B,,,BAO_0000190,BAO_0000221,tissue-based format,Cl.c1ccc2c(c1)CCCC21CCN(CC2CCCCC2)CC1,,,CHEMBL1126060,J Med Chem,1992.0,"{'bei': '29.04', 'le': '0.54', 'lle': '3.70', 'sei': '266.67'}",CHEMBL1744000,,CHEMBL61938,8.64,0,http://www.openphacts.org/units/Nanomolar,108792,=,1,1,=,,IC50,nM,,2.291,CHEMBL287,Homo sapiens,Sigma opioid receptor,9606,,,Log IC50,,UO_0000065,,-8.64
,,298881,[],CHEMBL809837,In vitro binding affinity at Sigma opioid receptors on guinea pig brain membranes by [3H]3-PPP displacement.,B,,,BAO_0000190,BAO_0000019,assay format,CCCCC(N)Cc1ccc(OC)c(OCCc2ccccc2)c1,,,CHEMBL1132405,J Med Chem,1999.0,"{'bei': '20.75', 'le': '0.39', 'lle': '2.42', 'sei': '15.28'}",CHEMBL128254,,CHEMBL128254,6.80,0,http://www.openphacts.org/units/Nanomolar,245899,=,1,1,=,,IC50,nM,,160.0,CHEMBL287,Homo sapiens,Sigma opioid receptor,9606,,,IC50,nM,UO_0000065,,160.0
,Not Determined,298883,[],CHEMBL809050,In vitro binding affinity at Sigma opioid receptor type 2 on guinea pig brain membranes by [3H]DTG displacement in the presence of [3H]pentazocine; Not tested.,B,,,BAO_0000190,BAO_0000019,assay format,CCCCC(N)Cc1ccc(OC)c(OCCc2ccccc2)c1,,,CHEMBL1132405,J Med Chem,1999.0,,CHEMBL128254,,CHEMBL128254,,0,http://www.openphacts.org/units/Nanomolar,245899,,1,0,,,IC50,nM,,,CHEMBL287,Homo sapiens,Sigma opioid receptor,9606,,,IC50,nM,UO_0000065,,
,,299282,[],CHEMBL873464,In vitro binding affinity against sigma receptor by using [3H]-DTG ([3H]-6) as radioligand in guinea pig cerebellum.,B,,,BAO_0000190,BAO_0000221,tissue-based format,Cl.c1ccc(CCN2CCC3(CCCc4ccccc43)CC2)cc1,,,CHEMBL1126060,J Med Chem,1992.0,"{'bei': '27.17', 'le': '0.49', 'lle': '3.70', 'sei': '256.17'}",CHEMBL1744009,,CHEMBL62408,8.30,0,http://www.openphacts.org/units/Nanomolar,108791,=,1,1,=,,IC50,nM,,5.012,CHEMBL287,Homo sapiens,Sigma opioid receptor,9606,,,Log IC50,,UO_0000065,,-8.3
,,299283,[],CHEMBL873464,In vitro binding affinity against sigma receptor by using [3H]-DTG ([3H]-6) as radioligand in guinea pig cerebellum.,B,,,BAO_0000190,BAO_0000221,tissue-based format,Cc1ccc(CN2CCC3(CCc4ccccc43)CC2)cc1.Cl,,,CHEMBL1126060,J Med Chem,1992.0,"{'bei': '28.24', 'le': '0.51', 'lle': '3.75', 'sei': '254.01'}",CHEMBL1744006,,CHEMBL61338,8.23,0,http://www.openphacts.org/units/Nanomolar,108776,=,1,1,=,,IC50,nM,,5.888,CHEMBL287,Homo sapiens,Sigma opioid receptor,9606,,,Log IC50,,UO_0000065,,-8.23
,,300713,[],CHEMBL873464,In vitro binding affinity against sigma receptor by using [3H]-DTG ([3H]-6) as radioligand in guinea pig cerebellum.,B,,,BAO_0000190,BAO_0000221,tissue-based format,Cl.c1ccc2c(c1)CCC21CCN(CC2CCCO2)CC1,,,CHEMBL1126060,J Med Chem,1992.0,"{'bei': '31.32', 'le': '0.58', 'lle': '5.35', 'sei': '68.16'}",CHEMBL1744005,,CHEMBL61337,8.50,0,http://www.openphacts.org/units/Nanomolar,108775,=,1,1,=,,IC50,nM,,3.162,CHEMBL287,Homo sapiens,Sigma opioid receptor,9606,,,Log IC50,,UO_0000065,,-8.5
,,301802,[],CHEMBL873464,In vitro binding affinity against sigma receptor by using [3H]-DTG ([3H]-6) as radioligand in guinea pig cerebellum.,B,,,BAO_0000190,BAO_0000221,tissue-based format,COc1ccc2c(c1)C1(CCC2)CCN(Cc2ccccc2)CC1.Cl,,,CHEMBL1126060,J Med Chem,1992.0,"{'bei': '22.18', 'le': '0.41', 'lle': '2.56', 'sei': '57.18'}",CHEMBL1744012,,CHEMBL62116,7.13,0,http://www.openphacts.org/units/Nanomolar,108786,=,1,1,=,,IC50,nM,,74.13,CHEMBL287,Homo sapiens,Sigma opioid receptor,9606,,,Log IC50,,UO_0000065,,-7.13
,,302962,[],CHEMBL873464,In vitro binding affinity against sigma receptor by using [3H]-DTG ([3H]-6) as radioligand in guinea pig cerebellum.,B,,,BAO_0000190,BAO_0000221,tissue-based format,Cl.Clc1ccc2c(c1)CCCC21CCN(Cc2ccccc2)CC1,,,CHEMBL1126060,J Med Chem,1992.0,"{'bei': '25.07', 'le': '0.49', 'lle': '2.96', 'sei': '252.16'}",CHEMBL1744007,,CHEMBL62407,8.17,0,http://www.openphacts.org/units/Nanomolar,108788,=,1,1,=,,IC50,nM,,6.761,CHEMBL287,Homo sapiens,Sigma opioid receptor,9606,,,Log IC50,,UO_0000065,,-8.17
,,303821,[],CHEMBL809837,In vitro binding affinity at Sigma opioid receptors on guinea pig brain membranes by [3H]3-PPP displacement.,B,,,BAO_0000190,BAO_0000019,assay format,COc1ccc(CC(C)N)cc1OCCc1ccccc1.Cl,,,CHEMBL1132405,J Med Chem,1999.0,,CHEMBL555052,,CHEMBL1195633,,0,http://www.openphacts.org/units/Nanomolar,245928,>,1,1,>,,IC50,nM,,1000.0,CHEMBL287,Homo sapiens,Sigma opioid receptor,9606,,,IC50,nM,UO_0000065,,1000.0
,Not Determined,303823,[],CHEMBL809050,In vitro binding affinity at Sigma opioid receptor type 2 on guinea pig brain membranes by [3H]DTG displacement in the presence of [3H]pentazocine; Not tested.,B,,,BAO_0000190,BAO_0000019,assay format,COc1ccc(CC(C)N)cc1OCCc1ccccc1.Cl,,,CHEMBL1132405,J Med Chem,1999.0,,CHEMBL555052,,CHEMBL1195633,,0,http://www.openphacts.org/units/Nanomolar,245928,,1,0,,,IC50,nM,,,CHEMBL287,Homo sapiens,Sigma opioid receptor,9606,,,IC50,nM,UO_0000065,,
,,432623,[],CHEMBL803933,"Binding assay for the sigma receptor sites is performed by utilizing [3H]N,N-di-o-tolylguanidine ([3H]DTG) and guinea pig brain membrane suspensions",B,,,BAO_0000190,BAO_0000019,assay format,CCc1cccc(NC(=N)Nc2cc(Br)cc(CC)c2Br)c1.Cl,,,CHEMBL1130271,J Med Chem,1997.0,"{'bei': '18.20', 'le': '0.48', 'lle': '1.94', 'sei': '16.16'}",CHEMBL542481,,CHEMBL1191390,7.74,0,http://www.openphacts.org/units/Nanomolar,260530,=,1,1,=,,IC50,nM,,18.2,CHEMBL287,Homo sapiens,Sigma opioid receptor,9606,,,IC50,nM,UO_0000065,,18.2
,,432625,[],CHEMBL803933,"Binding assay for the sigma receptor sites is performed by utilizing [3H]N,N-di-o-tolylguanidine ([3H]DTG) and guinea pig brain membrane suspensions",B,,,BAO_0000190,BAO_0000019,assay format,CCc1cccc(N(C)C(=N)Nc2cc(CC)cc(OC(F)(F)F)c2Br)c1.Cl,,,CHEMBL1130271,J Med Chem,1997.0,"{'bei': '14.82', 'le': '0.33', 'lle': '0.62', 'sei': '13.62'}",CHEMBL552605,,CHEMBL1194401,6.58,0,http://www.openphacts.org/units/Nanomolar,260596,=,1,1,=,,IC50,nM,,261.0,CHEMBL287,Homo sapiens,Sigma opioid receptor,9606,,,IC50,nM,UO_0000065,,261.0
,,432627,[],CHEMBL803933,"Binding assay for the sigma receptor sites is performed by utilizing [3H]N,N-di-o-tolylguanidine ([3H]DTG) and guinea pig brain membrane suspensions",B,,,BAO_0000190,BAO_0000019,assay format,CCc1cccc(N(C)C(=N)Nc2cc(SC)cc(Br)c2Cl)c1.Cl,,,CHEMBL1130271,J Med Chem,1997.0,"{'bei': '15.28', 'le': '0.37', 'lle': '0.44', 'sei': '16.12'}",CHEMBL543200,,CHEMBL1192023,6.31,0,http://www.openphacts.org/units/Nanomolar,260595,=,1,1,=,,IC50,nM,,494.0,CHEMBL287,Homo sapiens,Sigma opioid receptor,9606,,,IC50,nM,UO_0000065,,494.0
,,432629,[],CHEMBL803933,"Binding assay for the sigma receptor sites is performed by utilizing [3H]N,N-di-o-tolylguanidine ([3H]DTG) and guinea pig brain membrane suspensions",B,,,BAO_0000190,BAO_0000019,assay format,CCc1cccc(N(C)C(=N)Nc2cc(Cl)ccc2Cl)c1.Cl,,,CHEMBL1130271,J Med Chem,1997.0,"{'bei': '23.41', 'le': '0.49', 'lle': '2.51', 'sei': '19.29'}",CHEMBL543673,,CHEMBL1192438,7.54,0,http://www.openphacts.org/units/Nanomolar,260566,=,1,1,=,,IC50,nM,,28.5,CHEMBL287,Homo sapiens,Sigma opioid receptor,9606,,,IC50,nM,UO_0000065,,28.5
,,432631,[],CHEMBL803933,"Binding assay for the sigma receptor sites is performed by utilizing [3H]N,N-di-o-tolylguanidine ([3H]DTG) and guinea pig brain membrane suspensions",B,,,BAO_0000190,BAO_0000019,assay format,CCc1cccc(NC(=N)Nc2ccccc2C(C)C)c1.Cl,,,CHEMBL1130271,J Med Chem,1997.0,"{'bei': '27.31', 'le': '0.50', 'lle': '2.86', 'sei': '16.04'}",CHEMBL541860,,CHEMBL1190923,7.69,0,http://www.openphacts.org/units/Nanomolar,260562,=,1,1,=,,IC50,nM,,20.6,CHEMBL287,Homo sapiens,Sigma opioid receptor,9606,,,IC50,nM,UO_0000065,,20.6
,,432633,[],CHEMBL803933,"Binding assay for the sigma receptor sites is performed by utilizing [3H]N,N-di-o-tolylguanidine ([3H]DTG) and guinea pig brain membrane suspensions",B,,,BAO_0000190,BAO_0000019,assay format,CCc1cccc(NC(=N)Nc2cc(C(F)(F)F)cc(CC)c2Cl)c1.Cl,,,CHEMBL1130271,J Med Chem,1997.0,"{'bei': '20.99', 'le': '0.42', 'lle': '1.82', 'sei': '16.20'}",CHEMBL542736,,CHEMBL1191614,7.76,0,http://www.openphacts.org/units/Nanomolar,260549,=,1,1,=,,IC50,nM,,17.3,CHEMBL287,Homo sapiens,Sigma opioid receptor,9606,,,IC50,nM,UO_0000065,,17.3
,,433976,[],CHEMBL803933,"Binding assay for the sigma receptor sites is performed by utilizing [3H]N,N-di-o-tolylguanidine ([3H]DTG) and guinea pig brain membrane suspensions",B,,,BAO_0000190,BAO_0000019,assay format,CCc1cccc(N(C)C(=N)Nc2cc(Br)cc(C(F)(F)F)c2Br)c1.Cl,,,CHEMBL1130271,J Med Chem,1997.0,"{'bei': '13.88', 'le': '0.36', 'lle': '0.37', 'sei': '17.00'}",CHEMBL553747,,CHEMBL1195028,6.65,0,http://www.openphacts.org/units/Nanomolar,260589,=,1,1,=,,IC50,nM,,224.0,CHEMBL287,Homo sapiens,Sigma opioid receptor,9606,,,IC50,nM,UO_0000065,,224.0
,,433978,[],CHEMBL803933,"Binding assay for the sigma receptor sites is performed by utilizing [3H]N,N-di-o-tolylguanidine ([3H]DTG) and guinea pig brain membrane suspensions",B,,,BAO_0000190,BAO_0000019,assay format,CCc1cccc(N(C)C(=N)Nc2cc(Br)cc(OC(F)(F)F)c2Br)c1.Cl,,,CHEMBL1130271,J Med Chem,1997.0,"{'bei': '14.03', 'le': '0.36', 'lle': '0.79', 'sei': '14.37'}",CHEMBL541848,,CHEMBL1190914,6.95,0,http://www.openphacts.org/units/Nanomolar,260597,=,1,1,=,,IC50,nM,,113.0,CHEMBL287,Homo sapiens,Sigma opioid receptor,9606,,,IC50,nM,UO_0000065,,113.0
,,433980,[],CHEMBL803933,"Binding assay for the sigma receptor sites is performed by utilizing [3H]N,N-di-o-tolylguanidine ([3H]DTG) and guinea pig brain membrane suspensions",B,,,BAO_0000190,BAO_0000019,assay format,CCc1cccc(NC(=N)Nc2ccc(Cl)cc2)c1.Cl,,,CHEMBL1130271,J Med Chem,1997.0,"{'bei': '28.12', 'le': '0.55', 'lle': '3.34', 'sei': '16.07'}",CHEMBL543432,,CHEMBL1192227,7.70,0,http://www.openphacts.org/units/Nanomolar,260577,=,1,1,=,,IC50,nM,,20.0,CHEMBL287,Homo sapiens,Sigma opioid receptor,9606,,,IC50,nM,UO_0000065,,20.0
,,433982,[],CHEMBL803933,"Binding assay for the sigma receptor sites is performed by utilizing [3H]N,N-di-o-tolylguanidine ([3H]DTG) and guinea pig brain membrane suspensions",B,,,BAO_0000190,BAO_0000019,assay format,CCc1cccc(N(C)C(=N)Nc2ccccc2)c1.Cl,,,CHEMBL1130271,J Med Chem,1997.0,"{'bei': '29.08', 'le': '0.53', 'lle': '3.64', 'sei': '18.84'}",CHEMBL542964,,CHEMBL1191815,7.37,0,http://www.openphacts.org/units/Nanomolar,260571,=,1,1,=,,IC50,nM,,42.8,CHEMBL287,Homo sapiens,Sigma opioid receptor,9606,,,IC50,nM,UO_0000065,,42.8
,,435182,[],CHEMBL803933,"Binding assay for the sigma receptor sites is performed by utilizing [3H]N,N-di-o-tolylguanidine ([3H]DTG) and guinea pig brain membrane suspensions",B,,,BAO_0000190,BAO_0000019,assay format,CCc1cccc(N(C)C(=N)N(C)c2cc(Br)ccc2Br)c1.Cl,,,CHEMBL1130271,J Med Chem,1997.0,"{'bei': '15.10', 'le': '0.40', 'lle': '1.14', 'sei': '21.16'}",CHEMBL542486,,CHEMBL1191394,6.42,0,http://www.openphacts.org/units/Nanomolar,260591,=,1,1,=,,IC50,nM,,381.0,CHEMBL287,Homo sapiens,Sigma opioid receptor,9606,,,IC50,nM,UO_0000065,,381.0
,,436540,[],CHEMBL803933,"Binding assay for the sigma receptor sites is performed by utilizing [3H]N,N-di-o-tolylguanidine ([3H]DTG) and guinea pig brain membrane suspensions",B,,,BAO_0000190,BAO_0000019,assay format,CCc1cccc(NC(=N)Nc2ccc(Cl)c(Cl)c2)c1.Cl,,,CHEMBL1130271,J Med Chem,1997.0,"{'bei': '24.33', 'le': '0.51', 'lle': '2.49', 'sei': '15.65'}",CHEMBL543431,,CHEMBL1192226,7.50,0,http://www.openphacts.org/units/Nanomolar,260573,=,1,1,=,,IC50,nM,,31.8,CHEMBL287,Homo sapiens,Sigma opioid receptor,9606,,,IC50,nM,UO_0000065,,31.8
,,437692,[],CHEMBL803933,"Binding assay for the sigma receptor sites is performed by utilizing [3H]N,N-di-o-tolylguanidine ([3H]DTG) and guinea pig brain membrane suspensions",B,,,BAO_0000190,BAO_0000019,assay format,CCc1cccc(N(C)C(=N)N(C)c2cc(CC)ccc2Cl)c1.Cl,,,CHEMBL1130271,J Med Chem,1997.0,"{'bei': '20.06', 'le': '0.39', 'lle': '1.65', 'sei': '21.82'}",CHEMBL545076,,CHEMBL1193634,6.62,0,http://www.openphacts.org/units/Nanomolar,260590,=,1,1,=,,IC50,nM,,241.0,CHEMBL287,Homo sapiens,Sigma opioid receptor,9606,,,IC50,nM,UO_0000065,,241.0
,,437694,[],CHEMBL803933,"Binding assay for the sigma receptor sites is performed by utilizing [3H]N,N-di-o-tolylguanidine ([3H]DTG) and guinea pig brain membrane suspensions",B,,,BAO_0000190,BAO_0000019,assay format,CCc1cccc(NC(=N)Nc2cc(CC)cc(CC)c2Cl)c1.Cl,,,CHEMBL1130271,J Med Chem,1997.0,"{'bei': '25.30', 'le': '0.50', 'lle': '2.86', 'sei': '17.42'}",CHEMBL542487,,CHEMBL1191395,8.35,0,http://www.openphacts.org/units/Nanomolar,260552,=,1,1,=,,IC50,nM,,4.5,CHEMBL287,Homo sapiens,Sigma opioid receptor,9606,,,IC50,nM,UO_0000065,,4.5
,,437696,[],CHEMBL803933,"Binding assay for the sigma receptor sites is performed by utilizing [3H]N,N-di-o-tolylguanidine ([3H]DTG) and guinea pig brain membrane suspensions",B,,,BAO_0000190,BAO_0000019,assay format,CCc1cccc(NC(=N)Nc2cc(SC)cc(CC)c2Cl)c1.Cl,,,CHEMBL1130271,J Med Chem,1997.0,"{'bei': '22.42', 'le': '0.46', 'lle': '2.15', 'sei': '16.28'}",CHEMBL543427,,CHEMBL1192223,7.80,0,http://www.openphacts.org/units/Nanomolar,260546,=,1,1,=,,IC50,nM,,15.8,CHEMBL287,Homo sapiens,Sigma opioid receptor,9606,,,IC50,nM,UO_0000065,,15.8
,,439120,[],CHEMBL803933,"Binding assay for the sigma receptor sites is performed by utilizing [3H]N,N-di-o-tolylguanidine ([3H]DTG) and guinea pig brain membrane suspensions",B,,,BAO_0000190,BAO_0000019,assay format,CCc1cccc(N(C)C(=N)Nc2cc(CC)cc(C(F)(F)F)c2Br)c1.Cl,,,CHEMBL1130271,J Med Chem,1997.0,"{'bei': '15.54', 'le': '0.35', 'lle': '0.58', 'sei': '17.01'}",CHEMBL543664,,CHEMBL1192431,6.66,0,http://www.openphacts.org/units/Nanomolar,260539,=,1,1,=,,IC50,nM,,221.0,CHEMBL287,Homo sapiens,Sigma opioid receptor,9606,,,IC50,nM,UO_0000065,,221.0
,,439122,[],CHEMBL803933,"Binding assay for the sigma receptor sites is performed by utilizing [3H]N,N-di-o-tolylguanidine ([3H]DTG) and guinea pig brain membrane suspensions",B,,,BAO_0000190,BAO_0000019,assay format,CCc1cccc(N(C)C(=N)Nc2cc(Br)cc(SC)c2Br)c1.Cl,,,CHEMBL1130271,J Med Chem,1997.0,"{'bei': '15.19', 'le': '0.41', 'lle': '0.97', 'sei': '17.76'}",CHEMBL543196,,CHEMBL1192019,6.95,0,http://www.openphacts.org/units/Nanomolar,260583,=,1,1,=,,IC50,nM,,113.0,CHEMBL287,Homo sapiens,Sigma opioid receptor,9606,,,IC50,nM,UO_0000065,,113.0
,,439124,[],CHEMBL803933,"Binding assay for the sigma receptor sites is performed by utilizing [3H]N,N-di-o-tolylguanidine ([3H]DTG) and guinea pig brain membrane suspensions",B,,,BAO_0000190,BAO_0000019,assay format,CCc1cccc(N(C)C(=N)Nc2ccccc2Cl)c1.Cl,,,CHEMBL1130271,J Med Chem,1997.0,"{'bei': '24.82', 'le': '0.49', 'lle': '2.75', 'sei': '18.26'}",CHEMBL554618,,CHEMBL1195456,7.14,0,http://www.openphacts.org/units/Nanomolar,260570,=,1,1,=,,IC50,nM,,71.8,CHEMBL287,Homo sapiens,Sigma opioid receptor,9606,,,IC50,nM,UO_0000065,,71.8
,,439126,[],CHEMBL803933,"Binding assay for the sigma receptor sites is performed by utilizing [3H]N,N-di-o-tolylguanidine ([3H]DTG) and guinea pig brain membrane suspensions",B,,,BAO_0000190,BAO_0000019,assay format,CCc1cccc(NC(=N)Nc2cccc(Br)c2)c1.Cl,,,CHEMBL1130271,J Med Chem,1997.0,"{'bei': '25.10', 'le': '0.57', 'lle': '3.52', 'sei': '16.67'}",CHEMBL544842,,CHEMBL1193436,7.99,0,http://www.openphacts.org/units/Nanomolar,260561,=,1,1,=,,IC50,nM,,10.3,CHEMBL287,Homo sapiens,Sigma opioid receptor,9606,,,IC50,nM,UO_0000065,,10.3
,,441699,[],CHEMBL803933,"Binding assay for the sigma receptor sites is performed by utilizing [3H]N,N-di-o-tolylguanidine ([3H]DTG) and guinea pig brain membrane suspensions",B,,,BAO_0000190,BAO_0000019,assay format,CCc1cccc(N(C)C(=N)Nc2cc(C)cc(CC)c2Cl)c1.Cl,,,CHEMBL1130271,J Med Chem,1997.0,"{'bei': '22.26', 'le': '0.44', 'lle': '2.08', 'sei': '18.77'}",CHEMBL545544,,CHEMBL1194042,7.34,0,http://www.openphacts.org/units/Nanomolar,260544,=,1,1,=,,IC50,nM,,45.3,CHEMBL287,Homo sapiens,Sigma opioid receptor,9606,,,IC50,nM,UO_0000065,,45.3
,,441701,[],CHEMBL803933,"Binding assay for the sigma receptor sites is performed by utilizing [3H]N,N-di-o-tolylguanidine ([3H]DTG) and guinea pig brain membrane suspensions",B,,,BAO_0000190,BAO_0000019,assay format,CCc1cccc(NC(=N)N(C)c2cccc(CC)c2)c1.Cl,,,CHEMBL1130271,J Med Chem,1997.0,"{'bei': '25.18', 'le': '0.46', 'lle': '2.80', 'sei': '18.11'}",CHEMBL543434,,CHEMBL91628,7.09,0,http://www.openphacts.org/units/Nanomolar,260555,=,1,1,=,,IC50,nM,,82.0,CHEMBL287,Homo sapiens,Sigma opioid receptor,9606,,,IC50,nM,UO_0000065,,82.0
,,441703,[],CHEMBL803933,"Binding assay for the sigma receptor sites is performed by utilizing [3H]N,N-di-o-tolylguanidine ([3H]DTG) and guinea pig brain membrane suspensions",B,,,BAO_0000190,BAO_0000019,assay format,CCc1cccc(N(C)C(=N)Nc2cccc(SC)c2)c1.Cl,,,CHEMBL1130271,J Med Chem,1997.0,"{'bei': '22.66', 'le': '0.44', 'lle': '2.34', 'sei': '17.34'}",CHEMBL545769,,CHEMBL1194237,6.79,0,http://www.openphacts.org/units/Nanomolar,260554,=,1,1,=,,IC50,nM,,164.0,CHEMBL287,Homo sapiens,Sigma opioid receptor,9606,,,IC50,nM,UO_0000065,,164.0
,,443085,[],CHEMBL803933,"Binding assay for the sigma receptor sites is performed by utilizing [3H]N,N-di-o-tolylguanidine ([3H]DTG) and guinea pig brain membrane suspensions",B,,,BAO_0000190,BAO_0000019,assay format,CCc1cccc(NC(=N)Nc2cccc(Cl)c2Cl)c1.Cl,,,CHEMBL1130271,J Med Chem,1997.0,"{'bei': '25.55', 'le': '0.54', 'lle': '2.87', 'sei': '16.44'}",CHEMBL542491,,CHEMBL1191399,7.88,0,http://www.openphacts.org/units/Nanomolar,260529,=,1,1,=,,IC50,nM,,13.3,CHEMBL287,Homo sapiens,Sigma opioid receptor,9606,,,IC50,nM,UO_0000065,,13.3
,,443087,[],CHEMBL803933,"Binding assay for the sigma receptor sites is performed by utilizing [3H]N,N-di-o-tolylguanidine ([3H]DTG) and guinea pig brain membrane suspensions",B,,,BAO_0000190,BAO_0000019,assay format,CCc1cccc(N(C)C(=N)Nc2cc(SC)cc(SC)c2Br)c1.Cl,,,CHEMBL1130271,J Med Chem,1997.0,"{'bei': '14.10', 'le': '0.34', 'lle': '0.05', 'sei': '15.30'}",CHEMBL545311,,CHEMBL1193841,5.99,0,http://www.openphacts.org/units/Nanomolar,260584,=,1,1,=,,IC50,nM,,1034.0,CHEMBL287,Homo sapiens,Sigma opioid receptor,9606,,,IC50,nM,UO_0000065,,1034.0
,,443089,[],CHEMBL803933,"Binding assay for the sigma receptor sites is performed by utilizing [3H]N,N-di-o-tolylguanidine ([3H]DTG) and guinea pig brain membrane suspensions",B,,,BAO_0000190,BAO_0000019,assay format,CCc1cccc(NC(=N)Nc2ccc(Cl)cc2Cl)c1.Cl,,,CHEMBL1130271,J Med Chem,1997.0,"{'bei': '24.13', 'le': '0.51', 'lle': '2.43', 'sei': '15.52'}",CHEMBL539299,,CHEMBL1189705,7.44,0,http://www.openphacts.org/units/Nanomolar,260576,=,1,1,=,,IC50,nM,,36.5,CHEMBL287,Homo sapiens,Sigma opioid receptor,9606,,,IC50,nM,UO_0000065,,36.5
,,444420,[],CHEMBL803933,"Binding assay for the sigma receptor sites is performed by utilizing [3H]N,N-di-o-tolylguanidine ([3H]DTG) and guinea pig brain membrane suspensions",B,,,BAO_0000190,BAO_0000019,assay format,CCc1cccc(N(C)C(=N)Nc2cc(C(F)(F)F)cc(CC)c2Cl)c1.Cl,,,CHEMBL1130271,J Med Chem,1997.0,"{'bei': '18.08', 'le': '0.36', 'lle': '0.97', 'sei': '17.74'}",CHEMBL543436,,CHEMBL1192230,6.94,0,http://www.openphacts.org/units/Nanomolar,260536,=,1,1,=,,IC50,nM,,115.0,CHEMBL287,Homo sapiens,Sigma opioid receptor,9606,,,IC50,nM,UO_0000065,,115.0
,,444422,[],CHEMBL803933,"Binding assay for the sigma receptor sites is performed by utilizing [3H]N,N-di-o-tolylguanidine ([3H]DTG) and guinea pig brain membrane suspensions",B,,,BAO_0000190,BAO_0000019,assay format,CCc1cccc(N(C)C(=N)Nc2cc(SC)cc(C(F)(F)F)c2Br)c1.Cl,,,CHEMBL1130271,J Med Chem,1997.0,"{'bei': '13.72', 'le': '0.32', 'lle': '-0.12', 'sei': '15.65'}",CHEMBL545537,,CHEMBL1194037,6.12,0,http://www.openphacts.org/units/Nanomolar,260537,=,1,1,=,,IC50,nM,,755.0,CHEMBL287,Homo sapiens,Sigma opioid receptor,9606,,,IC50,nM,UO_0000065,,755.0
,,444424,[],CHEMBL803933,"Binding assay for the sigma receptor sites is performed by utilizing [3H]N,N-di-o-tolylguanidine ([3H]DTG) and guinea pig brain membrane suspensions",B,,,BAO_0000190,BAO_0000019,assay format,CCc1cccc(NC(=N)Nc2cccc(CC)c2)c1.Cl,,,CHEMBL1130271,J Med Chem,1997.0,"{'bei': '28.13', 'le': '0.51', 'lle': '3.25', 'sei': '15.70'}",CHEMBL543201,,CHEMBL78777,7.52,0,http://www.openphacts.org/units/Nanomolar,260580,=,1,1,=,,IC50,nM,,30.1,CHEMBL287,Homo sapiens,Sigma opioid receptor,9606,,,IC50,nM,UO_0000065,,30.1
,,444426,[],CHEMBL803933,"Binding assay for the sigma receptor sites is performed by utilizing [3H]N,N-di-o-tolylguanidine ([3H]DTG) and guinea pig brain membrane suspensions",B,,,BAO_0000190,BAO_0000019,assay format,CCc1cccc(NC(=N)Nc2cc(CC)cc(CC)c2Br)c1.Cl,,,CHEMBL1130271,J Med Chem,1997.0,"{'bei': '22.02', 'le': '0.49', 'lle': '2.64', 'sei': '17.21'}",CHEMBL553034,,CHEMBL1194636,8.24,0,http://www.openphacts.org/units/Nanomolar,260551,=,1,1,=,,IC50,nM,,5.7,CHEMBL287,Homo sapiens,Sigma opioid receptor,9606,,,IC50,nM,UO_0000065,,5.7
,,445834,[],CHEMBL803933,"Binding assay for the sigma receptor sites is performed by utilizing [3H]N,N-di-o-tolylguanidine ([3H]DTG) and guinea pig brain membrane suspensions",B,,,BAO_0000190,BAO_0000019,assay format,CCc1cccc(N(C)C(=N)Nc2cc(CC)cc(SC)c2Br)c1.Cl,,,CHEMBL1130271,J Med Chem,1997.0,"{'bei': '16.60', 'le': '0.38', 'lle': '0.96', 'sei': '17.24'}",CHEMBL540838,,CHEMBL1190428,6.75,0,http://www.openphacts.org/units/Nanomolar,260586,=,1,1,=,,IC50,nM,,180.0,CHEMBL287,Homo sapiens,Sigma opioid receptor,9606,,,IC50,nM,UO_0000065,,180.0
,,448491,[],CHEMBL803933,"Binding assay for the sigma receptor sites is performed by utilizing [3H]N,N-di-o-tolylguanidine ([3H]DTG) and guinea pig brain membrane suspensions",B,,,BAO_0000190,BAO_0000019,assay format,CCc1cccc(N(C)C(=N)Nc2ccccc2I)c1.Cl,,,CHEMBL1130271,J Med Chem,1997.0,"{'bei': '17.48', 'le': '0.45', 'lle': '2.29', 'sei': '16.95'}",CHEMBL542957,,CHEMBL1191808,6.63,0,http://www.openphacts.org/units/Nanomolar,260558,=,1,1,=,,IC50,nM,,234.0,CHEMBL287,Homo sapiens,Sigma opioid receptor,9606,,,IC50,nM,UO_0000065,,234.0
,,449736,[],CHEMBL803933,"Binding assay for the sigma receptor sites is performed by utilizing [3H]N,N-di-o-tolylguanidine ([3H]DTG) and guinea pig brain membrane suspensions",B,,,BAO_0000190,BAO_0000019,assay format,CCc1cccc(N(C)C(=N)Nc2cc(CC)cc(CC)c2Cl)c1.Cl,,,CHEMBL1130271,J Med Chem,1997.0,"{'bei': '20.21', 'le': '0.40', 'lle': '1.44', 'sei': '17.77'}",CHEMBL543428,,CHEMBL1192224,6.95,0,http://www.openphacts.org/units/Nanomolar,260532,=,1,1,=,,IC50,nM,,112.0,CHEMBL287,Homo sapiens,Sigma opioid receptor,9606,,,IC50,nM,UO_0000065,,112.0
,,449738,[],CHEMBL803933,"Binding assay for the sigma receptor sites is performed by utilizing [3H]N,N-di-o-tolylguanidine ([3H]DTG) and guinea pig brain membrane suspensions",B,,,BAO_0000190,BAO_0000019,assay format,CCc1cccc(N(C)C(=N)Nc2cc(SC)cc(C(F)(F)F)c2Cl)c1.Cl,,,CHEMBL1130271,J Med Chem,1997.0,"{'bei': '15.86', 'le': '0.33', 'lle': '0.25', 'sei': '16.30'}",CHEMBL543199,,CHEMBL1192022,6.38,0,http://www.openphacts.org/units/Nanomolar,260538,=,1,1,=,,IC50,nM,,421.0,CHEMBL287,Homo sapiens,Sigma opioid receptor,9606,,,IC50,nM,UO_0000065,,421.0
,,449740,[],CHEMBL803933,"Binding assay for the sigma receptor sites is performed by utilizing [3H]N,N-di-o-tolylguanidine ([3H]DTG) and guinea pig brain membrane suspensions",B,,,BAO_0000190,BAO_0000019,assay format,CCc1cccc(NC(=N)Nc2cc(C)cc(CC)c2Cl)c1.Cl,,,CHEMBL1130271,J Med Chem,1997.0,"{'bei': '23.79', 'le': '0.47', 'lle': '2.28', 'sei': '15.68'}",CHEMBL542730,,CHEMBL1191609,7.51,0,http://www.openphacts.org/units/Nanomolar,260547,=,1,1,=,,IC50,nM,,30.7,CHEMBL287,Homo sapiens,Sigma opioid receptor,9606,,,IC50,nM,UO_0000065,,30.7
,,451020,[],CHEMBL803933,"Binding assay for the sigma receptor sites is performed by utilizing [3H]N,N-di-o-tolylguanidine ([3H]DTG) and guinea pig brain membrane suspensions",B,,,BAO_0000190,BAO_0000019,assay format,CCc1cccc(N(C)C(=N)Nc2cc(CC)cc(SC)c2Cl)c1.Cl,,,CHEMBL1130271,J Med Chem,1997.0,"{'bei': '18.65', 'le': '0.38', 'lle': '1.08', 'sei': '17.25'}",CHEMBL555606,,CHEMBL1195931,6.75,0,http://www.openphacts.org/units/Nanomolar,260587,=,1,1,=,,IC50,nM,,178.0,CHEMBL287,Homo sapiens,Sigma opioid receptor,9606,,,IC50,nM,UO_0000065,,178.0
,,451022,[],CHEMBL803933,"Binding assay for the sigma receptor sites is performed by utilizing [3H]N,N-di-o-tolylguanidine ([3H]DTG) and guinea pig brain membrane suspensions",B,,,BAO_0000190,BAO_0000019,assay format,CCc1cccc(N(C)C(=N)Nc2cc(Br)cc(S(C)(=O)=O)c2Br)c1.Cl,,,CHEMBL1130271,J Med Chem,1997.0,"{'bei': '11.18', 'le': '0.30', 'lle': '0.81', 'sei': '7.47'}",CHEMBL544142,,CHEMBL1192838,5.47,0,http://www.openphacts.org/units/Nanomolar,260581,=,1,1,=,,IC50,nM,,3378.0,CHEMBL287,Homo sapiens,Sigma opioid receptor,9606,,,IC50,nM,UO_0000065,,3378.0
,,451024,[],CHEMBL803933,"Binding assay for the sigma receptor sites is performed by utilizing [3H]N,N-di-o-tolylguanidine ([3H]DTG) and guinea pig brain membrane suspensions",B,,,BAO_0000190,BAO_0000019,assay format,CCc1cccc(N(C)C(=N)Nc2cc(Br)cc([S+](C)[O-])c2Br)c1.Cl,,,CHEMBL1130271,J Med Chem,1997.0,"{'bei': '12.07', 'le': '0.32', 'lle': '0.72', 'sei': '9.18'}",CHEMBL545777,,CHEMBL1194242,5.71,0,http://www.openphacts.org/units/Nanomolar,260598,=,1,1,=,,IC50,nM,,1947.0,CHEMBL287,Homo sapiens,Sigma opioid receptor,9606,,,IC50,nM,UO_0000065,,1947.0
,,452345,[],CHEMBL803933,"Binding assay for the sigma receptor sites is performed by utilizing [3H]N,N-di-o-tolylguanidine ([3H]DTG) and guinea pig brain membrane suspensions",B,,,BAO_0000190,BAO_0000019,assay format,CCc1cccc(N(C)C(=N)Nc2cc(SC)cc(CC)c2Br)c1.Cl,,,CHEMBL1130271,J Med Chem,1997.0,"{'bei': '16.05', 'le': '0.37', 'lle': '0.74', 'sei': '16.68'}",CHEMBL2093907,,CHEMBL2110054,6.52,0,http://www.openphacts.org/units/Nanomolar,260542,=,1,1,=,,IC50,nM,,299.0,CHEMBL287,Homo sapiens,Sigma opioid receptor,9606,,,IC50,nM,UO_0000065,,299.0
,,452347,[],CHEMBL803933,"Binding assay for the sigma receptor sites is performed by utilizing [3H]N,N-di-o-tolylguanidine ([3H]DTG) and guinea pig brain membrane suspensions",B,,,BAO_0000190,BAO_0000019,assay format,CCc1cccc(N(C)C(=N)Nc2cc(Cl)cc(SC)c2Cl)c1.Cl,,,CHEMBL1130271,J Med Chem,1997.0,"{'bei': '18.70', 'le': '0.41', 'lle': '1.13', 'sei': '17.60'}",CHEMBL554868,,CHEMBL1195561,6.89,0,http://www.openphacts.org/units/Nanomolar,260582,=,1,1,=,,IC50,nM,,130.0,CHEMBL287,Homo sapiens,Sigma opioid receptor,9606,,,IC50,nM,UO_0000065,,130.0
,,452349,[],CHEMBL803933,"Binding assay for the sigma receptor sites is performed by utilizing [3H]N,N-di-o-tolylguanidine ([3H]DTG) and guinea pig brain membrane suspensions",B,,,BAO_0000190,BAO_0000019,assay format,CCc1cccc(N(C)C(=N)Nc2ccc(Cl)cc2)c1.Cl,,,CHEMBL1130271,J Med Chem,1997.0,"{'bei': '25.50', 'le': '0.50', 'lle': '2.95', 'sei': '18.76'}",CHEMBL539549,,CHEMBL1189827,7.34,0,http://www.openphacts.org/units/Nanomolar,260568,=,1,1,=,,IC50,nM,,45.7,CHEMBL287,Homo sapiens,Sigma opioid receptor,9606,,,IC50,nM,UO_0000065,,45.7
,,453620,[],CHEMBL803933,"Binding assay for the sigma receptor sites is performed by utilizing [3H]N,N-di-o-tolylguanidine ([3H]DTG) and guinea pig brain membrane suspensions",B,,,BAO_0000190,BAO_0000019,assay format,CCc1cccc(NC(=N)Nc2ccccc2Cl)c1.Cl,,,CHEMBL1130271,J Med Chem,1997.0,"{'bei': '28.49', 'le': '0.56', 'lle': '3.44', 'sei': '16.28'}",CHEMBL545310,,CHEMBL1193840,7.80,0,http://www.openphacts.org/units/Nanomolar,260579,=,1,1,=,,IC50,nM,,15.9,CHEMBL287,Homo sapiens,Sigma opioid receptor,9606,,,IC50,nM,UO_0000065,,15.9
,,453622,[],CHEMBL803933,"Binding assay for the sigma receptor sites is performed by utilizing [3H]N,N-di-o-tolylguanidine ([3H]DTG) and guinea pig brain membrane suspensions",B,,,BAO_0000190,BAO_0000019,assay format,CCc1cccc(NC(=N)Nc2cc(Cl)ccc2Cl)c1.Cl,,,CHEMBL1130271,J Med Chem,1997.0,"{'bei': '25.72', 'le': '0.54', 'lle': '2.92', 'sei': '16.55'}",CHEMBL553312,,CHEMBL1194794,7.93,0,http://www.openphacts.org/units/Nanomolar,260575,=,1,1,=,,IC50,nM,,11.8,CHEMBL287,Homo sapiens,Sigma opioid receptor,9606,,,IC50,nM,UO_0000065,,11.8
,,455016,[],CHEMBL803933,"Binding assay for the sigma receptor sites is performed by utilizing [3H]N,N-di-o-tolylguanidine ([3H]DTG) and guinea pig brain membrane suspensions",B,,,BAO_0000190,BAO_0000019,assay format,CCc1cccc(N(C)C(=N)Nc2cccc3ccccc23)c1.Cl,,,CHEMBL1130271,J Med Chem,1997.0,"{'bei': '18.44', 'le': '0.33', 'lle': '0.71', 'sei': '14.30'}",CHEMBL554054,APTIGANEL HYDROCHLORIDE,CHEMBL92484,5.60,0,http://www.openphacts.org/units/Nanomolar,260533,=,1,1,=,,IC50,nM,,2535.0,CHEMBL287,Homo sapiens,Sigma opioid receptor,9606,,,IC50,nM,UO_0000065,,2535.0
,,455018,[],CHEMBL803933,"Binding assay for the sigma receptor sites is performed by utilizing [3H]N,N-di-o-tolylguanidine ([3H]DTG) and guinea pig brain membrane suspensions",B,,,BAO_0000190,BAO_0000019,assay format,CCc1cccc(N(C)C(=N)Nc2cc(SC)cc(SC)c2Cl)c1.Cl,,,CHEMBL1130271,J Med Chem,1997.0,"{'bei': '16.63', 'le': '0.36', 'lle': '0.49', 'sei': '16.15'}",CHEMBL545312,,CHEMBL1193842,6.32,0,http://www.openphacts.org/units/Nanomolar,260585,=,1,1,=,,IC50,nM,,480.0,CHEMBL287,Homo sapiens,Sigma opioid receptor,9606,,,IC50,nM,UO_0000065,,480.0
,,456355,[],CHEMBL803933,"Binding assay for the sigma receptor sites is performed by utilizing [3H]N,N-di-o-tolylguanidine ([3H]DTG) and guinea pig brain membrane suspensions",B,,,BAO_0000190,BAO_0000019,assay format,CCc1cccc(N(C)C(=N)Nc2cc(C(F)(F)F)cc(CC)c2F)c1.Cl,,,CHEMBL1130271,J Med Chem,1997.0,"{'bei': '19.33', 'le': '0.37', 'lle': '1.65', 'sei': '18.16'}",CHEMBL540831,,CHEMBL1190422,7.10,0,http://www.openphacts.org/units/Nanomolar,260599,=,1,1,=,,IC50,nM,,79.0,CHEMBL287,Homo sapiens,Sigma opioid receptor,9606,,,IC50,nM,UO_0000065,,79.0
,,456357,[],CHEMBL803933,"Binding assay for the sigma receptor sites is performed by utilizing [3H]N,N-di-o-tolylguanidine ([3H]DTG) and guinea pig brain membrane suspensions",B,,,BAO_0000190,BAO_0000019,assay format,CCc1cccc(NC(=N)Nc2ccccc2C)c1.Cl,,,CHEMBL1130271,J Med Chem,1997.0,"{'bei': '31.44', 'le': '0.57', 'lle': '3.95', 'sei': '16.63'}",CHEMBL556043,,CHEMBL1196177,7.97,0,http://www.openphacts.org/units/Nanomolar,260564,=,1,1,=,,IC50,nM,,10.8,CHEMBL287,Homo sapiens,Sigma opioid receptor,9606,,,IC50,nM,UO_0000065,,10.8
,,456359,[],CHEMBL803933,"Binding assay for the sigma receptor sites is performed by utilizing [3H]N,N-di-o-tolylguanidine ([3H]DTG) and guinea pig brain membrane suspensions",B,,,BAO_0000190,BAO_0000019,assay format,CCc1cccc(N(C)C(=N)Nc2ccccc2C(C)C)c1.Cl,,,CHEMBL1130271,J Med Chem,1997.0,"{'bei': '21.80', 'le': '0.40', 'lle': '1.58', 'sei': '16.47'}",CHEMBL538289,,CHEMBL1189225,6.44,0,http://www.openphacts.org/units/Nanomolar,260557,=,1,1,=,,IC50,nM,,362.0,CHEMBL287,Homo sapiens,Sigma opioid receptor,9606,,,IC50,nM,UO_0000065,,362.0
,,457715,[],CHEMBL803933,"Binding assay for the sigma receptor sites is performed by utilizing [3H]N,N-di-o-tolylguanidine ([3H]DTG) and guinea pig brain membrane suspensions",B,,,BAO_0000190,BAO_0000019,assay format,CCc1cccc(N(C)C(=N)Nc2cc(CC)cc(CC)c2Br)c1.Cl,,,CHEMBL1130271,J Med Chem,1997.0,"{'bei': '17.23', 'le': '0.38', 'lle': '1.07', 'sei': '17.11'}",CHEMBL543192,,CHEMBL1192015,6.69,0,http://www.openphacts.org/units/Nanomolar,260535,=,1,1,=,,IC50,nM,,203.0,CHEMBL287,Homo sapiens,Sigma opioid receptor,9606,,,IC50,nM,UO_0000065,,203.0
,,457717,[],CHEMBL803933,"Binding assay for the sigma receptor sites is performed by utilizing [3H]N,N-di-o-tolylguanidine ([3H]DTG) and guinea pig brain membrane suspensions",B,,,BAO_0000190,BAO_0000019,assay format,CCc1cccc(N(C)C(=N)Nc2cc(SC)cc(CC)c2Cl)c1.Cl,,,CHEMBL1130271,J Med Chem,1997.0,"{'bei': '17.99', 'le': '0.37', 'lle': '0.84', 'sei': '16.64'}",CHEMBL538052,,CHEMBL1189107,6.51,0,http://www.openphacts.org/units/Nanomolar,260543,=,1,1,=,,IC50,nM,,309.0,CHEMBL287,Homo sapiens,Sigma opioid receptor,9606,,,IC50,nM,UO_0000065,,309.0
,,457719,[],CHEMBL803933,"Binding assay for the sigma receptor sites is performed by utilizing [3H]N,N-di-o-tolylguanidine ([3H]DTG) and guinea pig brain membrane suspensions",B,,,BAO_0000190,BAO_0000019,assay format,CCc1cccc(N(C)C(=N)Nc2cccc(Br)c2)c1.Cl,,,CHEMBL1130271,J Med Chem,1997.0,"{'bei': '22.27', 'le': '0.51', 'lle': '2.91', 'sei': '18.91'}",CHEMBL538283,,CHEMBL1189219,7.40,0,http://www.openphacts.org/units/Nanomolar,260556,=,1,1,=,,IC50,nM,,40.0,CHEMBL287,Homo sapiens,Sigma opioid receptor,9606,,,IC50,nM,UO_0000065,,40.0
,,458952,[],CHEMBL803933,"Binding assay for the sigma receptor sites is performed by utilizing [3H]N,N-di-o-tolylguanidine ([3H]DTG) and guinea pig brain membrane suspensions",B,,,BAO_0000190,BAO_0000019,assay format,CCc1cccc(N(C)C(=N)Nc2cc(CC)cc(C(F)(F)F)c2Cl)c1.Cl,,,CHEMBL1130271,J Med Chem,1997.0,"{'bei': '17.45', 'le': '0.35', 'lle': '0.73', 'sei': '17.12'}",CHEMBL545079,,CHEMBL1193637,6.70,0,http://www.openphacts.org/units/Nanomolar,260540,=,1,1,=,,IC50,nM,,200.0,CHEMBL287,Homo sapiens,Sigma opioid receptor,9606,,,IC50,nM,UO_0000065,,200.0
,,458954,[],CHEMBL803933,"Binding assay for the sigma receptor sites is performed by utilizing [3H]N,N-di-o-tolylguanidine ([3H]DTG) and guinea pig brain membrane suspensions",B,,,BAO_0000190,BAO_0000019,assay format,CCc1cccc(N(C)C(=N)Nc2ccc(Cl)c(Cl)c2)c1.Cl,,,CHEMBL1130271,J Med Chem,1997.0,"{'bei': '22.99', 'le': '0.48', 'lle': '2.37', 'sei': '18.94'}",CHEMBL545545,,CHEMBL1194043,7.41,0,http://www.openphacts.org/units/Nanomolar,260565,=,1,1,=,,IC50,nM,,39.0,CHEMBL287,Homo sapiens,Sigma opioid receptor,9606,,,IC50,nM,UO_0000065,,39.0
,,458956,[],CHEMBL803933,"Binding assay for the sigma receptor sites is performed by utilizing [3H]N,N-di-o-tolylguanidine ([3H]DTG) and guinea pig brain membrane suspensions",B,,,BAO_0000190,BAO_0000019,assay format,CCc1cccc(NC(=N)Nc2ccccc2CC)c1.Cl,,,CHEMBL1130271,J Med Chem,1997.0,"{'bei': '28.92', 'le': '0.53', 'lle': '3.46', 'sei': '16.14'}",CHEMBL538036,,CHEMBL1189094,7.73,0,http://www.openphacts.org/units/Nanomolar,260563,=,1,1,=,,IC50,nM,,18.5,CHEMBL287,Homo sapiens,Sigma opioid receptor,9606,,,IC50,nM,UO_0000065,,18.5
,,460208,[],CHEMBL803933,"Binding assay for the sigma receptor sites is performed by utilizing [3H]N,N-di-o-tolylguanidine ([3H]DTG) and guinea pig brain membrane suspensions",B,,,BAO_0000190,BAO_0000019,assay format,CCc1cccc(N(C)C(=N)Nc2cc(C(F)(F)F)cc(CC)c2Br)c1.Cl,,,CHEMBL1130271,J Med Chem,1997.0,"{'bei': '15.62', 'le': '0.35', 'lle': '0.61', 'sei': '17.10'}",CHEMBL544144,,CHEMBL1192839,6.69,0,http://www.openphacts.org/units/Nanomolar,260545,=,1,1,=,,IC50,nM,,205.0,CHEMBL287,Homo sapiens,Sigma opioid receptor,9606,,,IC50,nM,UO_0000065,,205.0
,,460210,[],CHEMBL803933,"Binding assay for the sigma receptor sites is performed by utilizing [3H]N,N-di-o-tolylguanidine ([3H]DTG) and guinea pig brain membrane suspensions",B,,,BAO_0000190,BAO_0000019,assay format,CCc1cccc(N(C)C(=N)Nc2cc(Br)cc(CC)c2Br)c1.Cl,,,CHEMBL1130271,J Med Chem,1997.0,"{'bei': '16.84', 'le': '0.44', 'lle': '1.58', 'sei': '18.91'}",CHEMBL545542,,CHEMBL1194040,7.40,0,http://www.openphacts.org/units/Nanomolar,260541,=,1,1,=,,IC50,nM,,40.2,CHEMBL287,Homo sapiens,Sigma opioid receptor,9606,,,IC50,nM,UO_0000065,,40.2
,,460212,[],CHEMBL803933,"Binding assay for the sigma receptor sites is performed by utilizing [3H]N,N-di-o-tolylguanidine ([3H]DTG) and guinea pig brain membrane suspensions",B,,,BAO_0000190,BAO_0000019,assay format,CCc1cccc(NC(=N)Nc2cc(CC)cc(CC)c2F)c1.Cl,,,CHEMBL1130271,J Med Chem,1997.0,"{'bei': '25.94', 'le': '0.48', 'lle': '3.16', 'sei': '16.97'}",CHEMBL552829,,CHEMBL1194536,8.13,0,http://www.openphacts.org/units/Nanomolar,260553,=,1,1,=,,IC50,nM,,7.4,CHEMBL287,Homo sapiens,Sigma opioid receptor,9606,,,IC50,nM,UO_0000065,,7.4
,,462690,[],CHEMBL803933,"Binding assay for the sigma receptor sites is performed by utilizing [3H]N,N-di-o-tolylguanidine ([3H]DTG) and guinea pig brain membrane suspensions",B,,,BAO_0000190,BAO_0000019,assay format,CCc1cccc(N(C)C(=N)Nc2cc(Cl)cc(C(F)(F)F)c2Cl)c1.Cl,,,CHEMBL1130271,J Med Chem,1997.0,"{'bei': '17.83', 'le': '0.38', 'lle': '0.90', 'sei': '17.79'}",CHEMBL540326,,CHEMBL1190185,6.96,0,http://www.openphacts.org/units/Nanomolar,260588,=,1,1,=,,IC50,nM,,110.0,CHEMBL287,Homo sapiens,Sigma opioid receptor,9606,,,IC50,nM,UO_0000065,,110.0
,,462692,[],CHEMBL803933,"Binding assay for the sigma receptor sites is performed by utilizing [3H]N,N-di-o-tolylguanidine ([3H]DTG) and guinea pig brain membrane suspensions",B,,,BAO_0000190,BAO_0000019,assay format,CCc1cccc(NC(=N)Nc2cc(Cl)cc(Cl)c2)c1.Cl,,,CHEMBL1130271,J Med Chem,1997.0,"{'bei': '23.22', 'le': '0.49', 'lle': '2.15', 'sei': '14.94'}",CHEMBL542959,,CHEMBL1191810,7.16,0,http://www.openphacts.org/units/Nanomolar,260572,=,1,1,=,,IC50,nM,,69.9,CHEMBL287,Homo sapiens,Sigma opioid receptor,9606,,,IC50,nM,UO_0000065,,69.9
,,462694,[],CHEMBL803933,"Binding assay for the sigma receptor sites is performed by utilizing [3H]N,N-di-o-tolylguanidine ([3H]DTG) and guinea pig brain membrane suspensions",B,,,BAO_0000190,BAO_0000019,assay format,CCc1cccc(N(C)C(=N)Nc2cccc(Cl)c2Cl)c1.Cl,,,CHEMBL1130271,J Med Chem,1997.0,"{'bei': '21.76', 'le': '0.46', 'lle': '1.97', 'sei': '17.93'}",CHEMBL555698,,CHEMBL1195984,7.01,0,http://www.openphacts.org/units/Nanomolar,260567,=,1,1,=,,IC50,nM,,97.0,CHEMBL287,Homo sapiens,Sigma opioid receptor,9606,,,IC50,nM,UO_0000065,,97.0
,,462696,[],CHEMBL803933,"Binding assay for the sigma receptor sites is performed by utilizing [3H]N,N-di-o-tolylguanidine ([3H]DTG) and guinea pig brain membrane suspensions",B,,,BAO_0000190,BAO_0000019,assay format,CCc1cccc(NC(=N)Nc2cc(CC)cc(CC)c2)c1.Cl,,,CHEMBL1130271,J Med Chem,1997.0,"{'bei': '27.41', 'le': '0.50', 'lle': '3.27', 'sei': '16.90'}",CHEMBL552831,,CHEMBL1194537,8.10,0,http://www.openphacts.org/units/Nanomolar,260560,=,1,1,=,,IC50,nM,,8.0,CHEMBL287,Homo sapiens,Sigma opioid receptor,9606,,,IC50,nM,UO_0000065,,8.0
,,462698,[],CHEMBL803933,"Binding assay for the sigma receptor sites is performed by utilizing [3H]N,N-di-o-tolylguanidine ([3H]DTG) and guinea pig brain membrane suspensions",B,,,BAO_0000190,BAO_0000019,assay format,CCc1cccc(NC(=N)Nc2cc(C(F)(F)F)cc(CC)c2Br)c1.Cl,,,CHEMBL1130271,J Med Chem,1997.0,"{'bei': '18.61', 'le': '0.42', 'lle': '1.66', 'sei': '16.09'}",CHEMBL553749,,CHEMBL1195030,7.71,0,http://www.openphacts.org/units/Nanomolar,260548,=,1,1,=,,IC50,nM,,19.6,CHEMBL287,Homo sapiens,Sigma opioid receptor,9606,,,IC50,nM,UO_0000065,,19.6
,,464043,[],CHEMBL803933,"Binding assay for the sigma receptor sites is performed by utilizing [3H]N,N-di-o-tolylguanidine ([3H]DTG) and guinea pig brain membrane suspensions",B,,,BAO_0000190,BAO_0000019,assay format,CCc1cccc(NC(=N)N(C)c2cc(CC)ccc2Cl)c1.Cl,,,CHEMBL1130271,J Med Chem,1997.0,"{'bei': '21.55', 'le': '0.42', 'lle': '1.86', 'sei': '17.40'}",CHEMBL542478,,CHEMBL1191387,6.81,0,http://www.openphacts.org/units/Nanomolar,260593,=,1,1,=,,IC50,nM,,156.0,CHEMBL287,Homo sapiens,Sigma opioid receptor,9606,,,IC50,nM,UO_0000065,,156.0
,,464045,[],CHEMBL803933,"Binding assay for the sigma receptor sites is performed by utilizing [3H]N,N-di-o-tolylguanidine ([3H]DTG) and guinea pig brain membrane suspensions",B,,,BAO_0000190,BAO_0000019,assay format,CCc1cccc(N(C)C(=N)Nc2cccc(Cl)c2)c1.Cl,,,CHEMBL1130271,J Med Chem,1997.0,"{'bei': '25.58', 'le': '0.50', 'lle': '2.97', 'sei': '18.82'}",CHEMBL555091,,CHEMBL1195654,7.36,0,http://www.openphacts.org/units/Nanomolar,260569,=,1,1,=,,IC50,nM,,43.5,CHEMBL287,Homo sapiens,Sigma opioid receptor,9606,,,IC50,nM,UO_0000065,,43.5
,,464047,[],CHEMBL803933,"Binding assay for the sigma receptor sites is performed by utilizing [3H]N,N-di-o-tolylguanidine ([3H]DTG) and guinea pig brain membrane suspensions",B,,,BAO_0000190,BAO_0000019,assay format,CCc1cccc(NC(=N)Nc2cc(C(F)(F)F)cc(CC)c2F)c1.Cl,,,CHEMBL1130271,J Med Chem,1997.0,"{'bei': '21.57', 'le': '0.42', 'lle': '2.19', 'sei': '15.91'}",CHEMBL540841,,CHEMBL1190431,7.62,0,http://www.openphacts.org/units/Nanomolar,260550,=,1,1,=,,IC50,nM,,23.9,CHEMBL287,Homo sapiens,Sigma opioid receptor,9606,,,IC50,nM,UO_0000065,,23.9
,,465350,[],CHEMBL803933,"Binding assay for the sigma receptor sites is performed by utilizing [3H]N,N-di-o-tolylguanidine ([3H]DTG) and guinea pig brain membrane suspensions",B,,,BAO_0000190,BAO_0000019,assay format,CCc1cccc(NC(=N)N(C)c2cc(Cl)ccc2Cl)c1.Cl,,,CHEMBL1130271,J Med Chem,1997.0,"{'bei': '22.32', 'le': '0.47', 'lle': '2.15', 'sei': '18.39'}",CHEMBL553167,,CHEMBL1194727,7.19,0,http://www.openphacts.org/units/Nanomolar,260594,=,1,1,=,,IC50,nM,,64.0,CHEMBL287,Homo sapiens,Sigma opioid receptor,9606,,,IC50,nM,UO_0000065,,64.0
,,466652,[],CHEMBL803933,"Binding assay for the sigma receptor sites is performed by utilizing [3H]N,N-di-o-tolylguanidine ([3H]DTG) and guinea pig brain membrane suspensions",B,,,BAO_0000190,BAO_0000019,assay format,CCc1cccc(NC(=N)Nc2c(Cl)cccc2Cl)c1.Cl,,,CHEMBL1130271,J Med Chem,1997.0,"{'bei': '25.44', 'le': '0.54', 'lle': '2.83', 'sei': '16.37'}",CHEMBL543433,,CHEMBL1192228,7.84,0,http://www.openphacts.org/units/Nanomolar,260574,=,1,1,=,,IC50,nM,,14.4,CHEMBL287,Homo sapiens,Sigma opioid receptor,9606,,,IC50,nM,UO_0000065,,14.4
,,466654,[],CHEMBL803933,"Binding assay for the sigma receptor sites is performed by utilizing [3H]N,N-di-o-tolylguanidine ([3H]DTG) and guinea pig brain membrane suspensions",B,,,BAO_0000190,BAO_0000019,assay format,CCc1cccc(N(C)C(=N)Nc2ccccc2Br)c1.Cl,,,CHEMBL1130271,J Med Chem,1997.0,"{'bei': '20.78', 'le': '0.47', 'lle': '2.41', 'sei': '17.65'}",CHEMBL555099,,CHEMBL1195660,6.90,0,http://www.openphacts.org/units/Nanomolar,260559,=,1,1,=,,IC50,nM,,125.0,CHEMBL287,Homo sapiens,Sigma opioid receptor,9606,,,IC50,nM,UO_0000065,,125.0
,,470850,[],CHEMBL803933,"Binding assay for the sigma receptor sites is performed by utilizing [3H]N,N-di-o-tolylguanidine ([3H]DTG) and guinea pig brain membrane suspensions",B,,,BAO_0000190,BAO_0000019,assay format,CCc1cccc(N(C)C(=N)Nc2cc(CC)cc(CC)c2F)c1.Cl,,,CHEMBL1130271,J Med Chem,1997.0,"{'bei': '21.22', 'le': '0.40', 'lle': '1.95', 'sei': '17.76'}",CHEMBL542238,,CHEMBL1191176,6.95,0,http://www.openphacts.org/units/Nanomolar,260531,=,1,1,=,,IC50,nM,,113.0,CHEMBL287,Homo sapiens,Sigma opioid receptor,9606,,,IC50,nM,UO_0000065,,113.0
,,470852,[],CHEMBL803933,"Binding assay for the sigma receptor sites is performed by utilizing [3H]N,N-di-o-tolylguanidine ([3H]DTG) and guinea pig brain membrane suspensions",B,,,BAO_0000190,BAO_0000019,assay format,CCc1cccc(N(C)C(=N)N(C)c2cc(Cl)ccc2Cl)c1.Cl,,,CHEMBL1130271,J Med Chem,1997.0,"{'bei': '22.02', 'le': '0.46', 'lle': '2.35', 'sei': '24.42'}",CHEMBL542956,,CHEMBL1191807,7.41,0,http://www.openphacts.org/units/Nanomolar,260592,=,1,1,=,,IC50,nM,,39.3,CHEMBL287,Homo sapiens,Sigma opioid receptor,9606,,,IC50,nM,UO_0000065,,39.3
,,470854,[],CHEMBL803933,"Binding assay for the sigma receptor sites is performed by utilizing [3H]N,N-di-o-tolylguanidine ([3H]DTG) and guinea pig brain membrane suspensions",B,,,BAO_0000190,BAO_0000019,assay format,CCc1cccc(NC(=N)Nc2cccc(Cl)c2)c1.Cl,,,CHEMBL1130271,J Med Chem,1997.0,"{'bei': '27.65', 'le': '0.54', 'lle': '3.21', 'sei': '15.80'}",CHEMBL554355,,CHEMBL1195346,7.57,0,http://www.openphacts.org/units/Nanomolar,260578,=,1,1,=,,IC50,nM,,27.0,CHEMBL287,Homo sapiens,Sigma opioid receptor,9606,,,IC50,nM,UO_0000065,,27.0
,,512392,[],CHEMBL803752,"Binding affinity against sigma receptor from guinea pig brain (minus cerebellum) homogenates, using the novel [3H]-(+/-)-4 as radioligand",B,,,BAO_0000190,BAO_0000221,tissue-based format,CNC1Cc2cc(Cl)c(O)cc2C(c2ccccc2)C1,,,CHEMBL1126782,J Med Chem,1993.0,"{'bei': '26.67', 'le': '0.52', 'lle': '3.97', 'sei': '23.79'}",CHEMBL87321,,CHEMBL87321,7.68,0,http://www.openphacts.org/units/Nanomolar,154087,=,1,1,=,,IC50,nM,,21.1,CHEMBL287,Homo sapiens,Sigma opioid receptor,9606,,,IC50,nM,UO_0000065,,21.1
,,512393,[],CHEMBL803753,"Binding affinity against sigma receptor from guinea pig brain (minus cerebellum) homogenates, using [3H]ditolylguanidine (DTG) as radioligand.",B,,,BAO_0000190,BAO_0000221,tissue-based format,CNC1Cc2cc(Cl)c(O)cc2C(c2ccccc2)C1,,,CHEMBL1126782,J Med Chem,1993.0,,CHEMBL87321,,CHEMBL87321,,0,http://www.openphacts.org/units/Nanomolar,154087,>,1,1,>,,IC50,nM,,10000.0,CHEMBL287,Homo sapiens,Sigma opioid receptor,9606,,,IC50,nM,UO_0000065,,10000.0
,,513731,[],CHEMBL803752,"Binding affinity against sigma receptor from guinea pig brain (minus cerebellum) homogenates, using the novel [3H]-(+/-)-4 as radioligand",B,,,BAO_0000190,BAO_0000221,tissue-based format,CN(C)C1Cc2ccccc2C(c2ccccc2)C1.Cl,,,CHEMBL1126782,J Med Chem,1993.0,"{'bei': '33.65', 'le': '0.61', 'lle': '4.77', 'sei': '261.10'}",CHEMBL553745,,CHEMBL104945,8.46,0,http://www.openphacts.org/units/Nanomolar,154098,=,1,1,=,,IC50,nM,,3.47,CHEMBL287,Homo sapiens,Sigma opioid receptor,9606,,,IC50,nM,UO_0000065,,3.47
,,513732,[],CHEMBL803753,"Binding affinity against sigma receptor from guinea pig brain (minus cerebellum) homogenates, using [3H]ditolylguanidine (DTG) as radioligand.",B,,,BAO_0000190,BAO_0000221,tissue-based format,CN(C)C1Cc2ccccc2C(c2ccccc2)C1.Cl,,,CHEMBL1126782,J Med Chem,1993.0,"{'bei': '23.94', 'le': '0.43', 'lle': '2.33', 'sei': '185.73'}",CHEMBL553745,,CHEMBL104945,6.02,0,http://www.openphacts.org/units/Nanomolar,154098,=,1,1,=,,IC50,nM,,960.0,CHEMBL287,Homo sapiens,Sigma opioid receptor,9606,,,IC50,nM,UO_0000065,,960.0
,,513736,[],CHEMBL803752,"Binding affinity against sigma receptor from guinea pig brain (minus cerebellum) homogenates, using the novel [3H]-(+/-)-4 as radioligand",B,,,BAO_0000190,BAO_0000221,tissue-based format,C=CCNC1Cc2ccccc2C(c2ccccc2)C1.Cl,,,CHEMBL1126782,J Med Chem,1993.0,"{'bei': '26.32', 'le': '0.47', 'lle': '3.02', 'sei': '57.62'}",CHEMBL542419,,CHEMBL1191339,6.93,0,http://www.openphacts.org/units/Nanomolar,154096,=,1,1,=,,IC50,nM,,117.0,CHEMBL287,Homo sapiens,Sigma opioid receptor,9606,,,IC50,nM,UO_0000065,,117.0
,,513737,[],CHEMBL803753,"Binding affinity against sigma receptor from guinea pig brain (minus cerebellum) homogenates, using [3H]ditolylguanidine (DTG) as radioligand.",B,,,BAO_0000190,BAO_0000221,tissue-based format,C=CCNC1Cc2ccccc2C(c2ccccc2)C1.Cl,,,CHEMBL1126782,J Med Chem,1993.0,"{'bei': '21.87', 'le': '0.39', 'lle': '1.85', 'sei': '47.89'}",CHEMBL542419,,CHEMBL1191339,5.76,0,http://www.openphacts.org/units/Nanomolar,154096,=,1,1,=,,IC50,nM,,1733.0,CHEMBL287,Homo sapiens,Sigma opioid receptor,9606,,,IC50,nM,UO_0000065,,1733.0
,,516324,[],CHEMBL803752,"Binding affinity against sigma receptor from guinea pig brain (minus cerebellum) homogenates, using the novel [3H]-(+/-)-4 as radioligand",B,,,BAO_0000190,BAO_0000221,tissue-based format,CN(C)[C@H]1CCc2ccccc2[C@H]1c1ccccc1,,,CHEMBL1126782,J Med Chem,1993.0,"{'bei': '22.12', 'le': '0.40', 'lle': '1.87', 'sei': '171.60'}",CHEMBL316267,,CHEMBL316267,5.56,0,http://www.openphacts.org/units/Nanomolar,154094,=,1,1,=,,IC50,nM,,2755.0,CHEMBL287,Homo sapiens,Sigma opioid receptor,9606,,,IC50,nM,UO_0000065,,2755.0
,,516325,[],CHEMBL803753,"Binding affinity against sigma receptor from guinea pig brain (minus cerebellum) homogenates, using [3H]ditolylguanidine (DTG) as radioligand.",B,,,BAO_0000190,BAO_0000221,tissue-based format,CN(C)[C@H]1CCc2ccccc2[C@H]1c1ccccc1,,,CHEMBL1126782,J Med Chem,1993.0,"{'bei': '21.78', 'le': '0.39', 'lle': '1.79', 'sei': '169.01'}",CHEMBL316267,,CHEMBL316267,5.48,0,http://www.openphacts.org/units/Nanomolar,154094,=,1,1,=,,IC50,nM,,3342.0,CHEMBL287,Homo sapiens,Sigma opioid receptor,9606,,,IC50,nM,UO_0000065,,3342.0
,,518859,[],CHEMBL803752,"Binding affinity against sigma receptor from guinea pig brain (minus cerebellum) homogenates, using the novel [3H]-(+/-)-4 as radioligand",B,,,BAO_0000190,BAO_0000221,tissue-based format,Br.CN(C)C1Cc2cc(O)c(O)cc2C(c2ccccc2)C1,,,CHEMBL1126782,J Med Chem,1993.0,"{'bei': '26.34', 'le': '0.49', 'lle': '4.35', 'sei': '17.08'}",CHEMBL543134,,CHEMBL105645,7.46,0,http://www.openphacts.org/units/Nanomolar,154084,=,1,1,=,,IC50,nM,,34.3,CHEMBL287,Homo sapiens,Sigma opioid receptor,9606,,,IC50,nM,UO_0000065,,34.3
,,518860,[],CHEMBL803753,"Binding affinity against sigma receptor from guinea pig brain (minus cerebellum) homogenates, using [3H]ditolylguanidine (DTG) as radioligand.",B,,,BAO_0000190,BAO_0000221,tissue-based format,Br.CN(C)C1Cc2cc(O)c(O)cc2C(c2ccccc2)C1,,,CHEMBL1126782,J Med Chem,1993.0,,CHEMBL543134,,CHEMBL105645,,0,http://www.openphacts.org/units/Nanomolar,154084,>,1,1,>,,IC50,nM,,10000.0,CHEMBL287,Homo sapiens,Sigma opioid receptor,9606,,,IC50,nM,UO_0000065,,10000.0
,,518864,[],CHEMBL803752,"Binding affinity against sigma receptor from guinea pig brain (minus cerebellum) homogenates, using the novel [3H]-(+/-)-4 as radioligand",B,,,BAO_0000190,BAO_0000221,tissue-based format,CCN(CC)C1Cc2ccccc2C(c2ccccc2)C1.Cl,,,CHEMBL1126782,J Med Chem,1993.0,"{'bei': '29.87', 'le': '0.54', 'lle': '3.87', 'sei': '257.65'}",CHEMBL544309,,CHEMBL323287,8.35,0,http://www.openphacts.org/units/Nanomolar,154095,=,1,1,=,,IC50,nM,,4.49,CHEMBL287,Homo sapiens,Sigma opioid receptor,9606,,,IC50,nM,UO_0000065,,4.49
,,518865,[],CHEMBL803753,"Binding affinity against sigma receptor from guinea pig brain (minus cerebellum) homogenates, using [3H]ditolylguanidine (DTG) as radioligand.",B,,,BAO_0000190,BAO_0000221,tissue-based format,CCN(CC)C1Cc2ccccc2C(c2ccccc2)C1.Cl,,,CHEMBL1126782,J Med Chem,1993.0,"{'bei': '23.92', 'le': '0.43', 'lle': '2.20', 'sei': '206.30'}",CHEMBL544309,,CHEMBL323287,6.68,0,http://www.openphacts.org/units/Nanomolar,154095,=,1,1,=,,IC50,nM,,207.0,CHEMBL287,Homo sapiens,Sigma opioid receptor,9606,,,IC50,nM,UO_0000065,,207.0
,,525385,[],CHEMBL803752,"Binding affinity against sigma receptor from guinea pig brain (minus cerebellum) homogenates, using the novel [3H]-(+/-)-4 as radioligand",B,,,BAO_0000190,BAO_0000221,tissue-based format,Cl.NC1Cc2ccccc2C(c2ccccc2)C1,,,CHEMBL1126782,J Med Chem,1993.0,"{'bei': '24.54', 'le': '0.44', 'lle': '2.39', 'sei': '21.06'}",CHEMBL544078,,CHEMBL103277,5.48,0,http://www.openphacts.org/units/Nanomolar,154083,=,1,1,=,,IC50,nM,,3305.0,CHEMBL287,Homo sapiens,Sigma opioid receptor,9606,,,IC50,nM,UO_0000065,,3305.0
,,525386,[],CHEMBL803753,"Binding affinity against sigma receptor from guinea pig brain (minus cerebellum) homogenates, using [3H]ditolylguanidine (DTG) as radioligand.",B,,,BAO_0000190,BAO_0000221,tissue-based format,Cl.NC1Cc2ccccc2C(c2ccccc2)C1,,,CHEMBL1126782,J Med Chem,1993.0,,CHEMBL544078,,CHEMBL103277,,0,http://www.openphacts.org/units/Nanomolar,154083,>,1,1,>,,IC50,nM,,10000.0,CHEMBL287,Homo sapiens,Sigma opioid receptor,9606,,,IC50,nM,UO_0000065,,10000.0
,,532165,[],CHEMBL803752,"Binding affinity against sigma receptor from guinea pig brain (minus cerebellum) homogenates, using the novel [3H]-(+/-)-4 as radioligand",B,,,BAO_0000190,BAO_0000221,tissue-based format,Br.CN(C)C1Cc2cc(O)c(O)cc2C(c2ccccc2)C1,,,CHEMBL1126782,J Med Chem,1993.0,"{'bei': '27.93', 'le': '0.51', 'lle': '4.80', 'sei': '18.11'}",CHEMBL543134,,CHEMBL105645,7.91,0,http://www.openphacts.org/units/Nanomolar,154091,=,1,1,=,,IC50,nM,,12.2,CHEMBL287,Homo sapiens,Sigma opioid receptor,9606,,,IC50,nM,UO_0000065,,12.2
,,532166,[],CHEMBL803753,"Binding affinity against sigma receptor from guinea pig brain (minus cerebellum) homogenates, using [3H]ditolylguanidine (DTG) as radioligand.",B,,,BAO_0000190,BAO_0000221,tissue-based format,Br.CN(C)C1Cc2cc(O)c(O)cc2C(c2ccccc2)C1,,,CHEMBL1126782,J Med Chem,1993.0,,CHEMBL543134,,CHEMBL105645,,0,http://www.openphacts.org/units/Nanomolar,154091,>,1,1,>,,IC50,nM,,10000.0,CHEMBL287,Homo sapiens,Sigma opioid receptor,9606,,,IC50,nM,UO_0000065,,10000.0
,,534836,[],CHEMBL803752,"Binding affinity against sigma receptor from guinea pig brain (minus cerebellum) homogenates, using the novel [3H]-(+/-)-4 as radioligand",B,,,BAO_0000190,BAO_0000221,tissue-based format,C=CCN(C)C1Cc2ccccc2C(c2ccccc2)C1.Cl,,,CHEMBL1126782,J Med Chem,1993.0,"{'bei': '29.02', 'le': '0.52', 'lle': '3.80', 'sei': '248.48'}",CHEMBL540038,,CHEMBL1190041,8.05,0,http://www.openphacts.org/units/Nanomolar,154085,=,1,1,=,,IC50,nM,,8.9,CHEMBL287,Homo sapiens,Sigma opioid receptor,9606,,,IC50,nM,UO_0000065,,8.9
,,534837,[],CHEMBL803753,"Binding affinity against sigma receptor from guinea pig brain (minus cerebellum) homogenates, using [3H]ditolylguanidine (DTG) as radioligand.",B,,,BAO_0000190,BAO_0000221,tissue-based format,C=CCN(C)C1Cc2ccccc2C(c2ccccc2)C1.Cl,,,CHEMBL1126782,J Med Chem,1993.0,"{'bei': '20.94', 'le': '0.38', 'lle': '1.56', 'sei': '179.32'}",CHEMBL540038,,CHEMBL1190041,5.81,0,http://www.openphacts.org/units/Nanomolar,154085,=,1,1,=,,IC50,nM,,1549.0,CHEMBL287,Homo sapiens,Sigma opioid receptor,9606,,,IC50,nM,UO_0000065,,1549.0
,,537537,[],CHEMBL803752,"Binding affinity against sigma receptor from guinea pig brain (minus cerebellum) homogenates, using the novel [3H]-(+/-)-4 as radioligand",B,,,BAO_0000190,BAO_0000221,tissue-based format,CN(C)[C@@]1(C)Cc2ccccc2[C@H](c2ccccc2)C1.Cl,,,CHEMBL1126782,J Med Chem,1993.0,"{'bei': '35.01', 'le': '0.63', 'lle': '5.20', 'sei': '286.80'}",CHEMBL542167,,CHEMBL1191117,9.29,0,http://www.openphacts.org/units/Nanomolar,154082,=,1,1,=,,IC50,nM,,0.51,CHEMBL287,Homo sapiens,Sigma opioid receptor,9606,,,IC50,nM,UO_0000065,,0.51
,,537538,[],CHEMBL803753,"Binding affinity against sigma receptor from guinea pig brain (minus cerebellum) homogenates, using [3H]ditolylguanidine (DTG) as radioligand.",B,,,BAO_0000190,BAO_0000221,tissue-based format,CN(C)[C@@]1(C)Cc2ccccc2[C@H](c2ccccc2)C1.Cl,,,CHEMBL1126782,J Med Chem,1993.0,"{'bei': '19.87', 'le': '0.36', 'lle': '1.18', 'sei': '162.80'}",CHEMBL542167,,CHEMBL1191117,5.28,0,http://www.openphacts.org/units/Nanomolar,154082,=,1,1,=,,IC50,nM,,5312.0,CHEMBL287,Homo sapiens,Sigma opioid receptor,9606,,,IC50,nM,UO_0000065,,5312.0
,,540063,[],CHEMBL803752,"Binding affinity against sigma receptor from guinea pig brain (minus cerebellum) homogenates, using the novel [3H]-(+/-)-4 as radioligand",B,,,BAO_0000190,BAO_0000221,tissue-based format,Br.NC1Cc2cc(O)c(O)cc2C(c2ccccc2)C1,,,CHEMBL1126782,J Med Chem,1993.0,,CHEMBL538263,,CHEMBL431830,,0,http://www.openphacts.org/units/Nanomolar,154097,>,1,1,>,,IC50,nM,,10000.0,CHEMBL287,Homo sapiens,Sigma opioid receptor,9606,,,IC50,nM,UO_0000065,,10000.0
,,540064,[],CHEMBL803753,"Binding affinity against sigma receptor from guinea pig brain (minus cerebellum) homogenates, using [3H]ditolylguanidine (DTG) as radioligand.",B,,,BAO_0000190,BAO_0000221,tissue-based format,Br.NC1Cc2cc(O)c(O)cc2C(c2ccccc2)C1,,,CHEMBL1126782,J Med Chem,1993.0,,CHEMBL538263,,CHEMBL431830,,0,http://www.openphacts.org/units/Nanomolar,154097,>,1,1,>,,IC50,nM,,10000.0,CHEMBL287,Homo sapiens,Sigma opioid receptor,9606,,,IC50,nM,UO_0000065,,10000.0
,,542777,[],CHEMBL803752,"Binding affinity against sigma receptor from guinea pig brain (minus cerebellum) homogenates, using the novel [3H]-(+/-)-4 as radioligand",B,,,BAO_0000190,BAO_0000221,tissue-based format,Br.NC1Cc2cc(O)c(O)cc2C(c2ccccc2)C1,,,CHEMBL1126782,J Med Chem,1993.0,,CHEMBL538263,,CHEMBL431830,,0,http://www.openphacts.org/units/Nanomolar,154090,>,1,1,>,,IC50,nM,,10000.0,CHEMBL287,Homo sapiens,Sigma opioid receptor,9606,,,IC50,nM,UO_0000065,,10000.0
,,542778,[],CHEMBL803753,"Binding affinity against sigma receptor from guinea pig brain (minus cerebellum) homogenates, using [3H]ditolylguanidine (DTG) as radioligand.",B,,,BAO_0000190,BAO_0000221,tissue-based format,Br.NC1Cc2cc(O)c(O)cc2C(c2ccccc2)C1,,,CHEMBL1126782,J Med Chem,1993.0,,CHEMBL538263,,CHEMBL431830,,0,http://www.openphacts.org/units/Nanomolar,154090,>,1,1,>,,IC50,nM,,10000.0,CHEMBL287,Homo sapiens,Sigma opioid receptor,9606,,,IC50,nM,UO_0000065,,10000.0
,,546656,[],CHEMBL803752,"Binding affinity against sigma receptor from guinea pig brain (minus cerebellum) homogenates, using the novel [3H]-(+/-)-4 as radioligand",B,,,BAO_0000190,BAO_0000221,tissue-based format,CN(C)[C@H]1Cc2cc(Cl)c(O)cc2[C@H](c2ccccc2)C1.Cl,,,CHEMBL1126782,J Med Chem,1993.0,"{'bei': '31.60', 'le': '0.62', 'lle': '5.49', 'sei': '40.64'}",CHEMBL545477,,CHEMBL1193985,9.54,0,http://www.openphacts.org/units/Nanomolar,154089,=,1,1,=,,IC50,nM,,0.29,CHEMBL287,Homo sapiens,Sigma opioid receptor,9606,,,IC50,nM,UO_0000065,,0.29
,,546657,[],CHEMBL803753,"Binding affinity against sigma receptor from guinea pig brain (minus cerebellum) homogenates, using [3H]ditolylguanidine (DTG) as radioligand.",B,,,BAO_0000190,BAO_0000221,tissue-based format,CN(C)[C@H]1Cc2cc(Cl)c(O)cc2[C@H](c2ccccc2)C1.Cl,,,CHEMBL1126782,J Med Chem,1993.0,"{'bei': '18.12', 'le': '0.36', 'lle': '1.42', 'sei': '23.30'}",CHEMBL545477,,CHEMBL1193985,5.47,0,http://www.openphacts.org/units/Nanomolar,154089,=,1,1,=,,IC50,nM,,3400.0,CHEMBL287,Homo sapiens,Sigma opioid receptor,9606,,,IC50,nM,UO_0000065,,3400.0
,,550130,[],CHEMBL803752,"Binding affinity against sigma receptor from guinea pig brain (minus cerebellum) homogenates, using the novel [3H]-(+/-)-4 as radioligand",B,,,BAO_0000190,BAO_0000221,tissue-based format,CN(C)[C@]1(C)Cc2ccccc2[C@@H](c2ccccc2)C1.Cl,,,CHEMBL1126782,J Med Chem,1993.0,"{'bei': '30.32', 'le': '0.55', 'lle': '3.96', 'sei': '248.33'}",CHEMBL2093895,,CHEMBL2110041,8.05,0,http://www.openphacts.org/units/Nanomolar,154092,=,1,1,=,,IC50,nM,,9.0,CHEMBL287,Homo sapiens,Sigma opioid receptor,9606,,,IC50,nM,UO_0000065,,9.0
,,550131,[],CHEMBL803753,"Binding affinity against sigma receptor from guinea pig brain (minus cerebellum) homogenates, using [3H]ditolylguanidine (DTG) as radioligand.",B,,,BAO_0000190,BAO_0000221,tissue-based format,CN(C)[C@]1(C)Cc2ccccc2[C@@H](c2ccccc2)C1.Cl,,,CHEMBL1126782,J Med Chem,1993.0,"{'bei': '21.66', 'le': '0.39', 'lle': '1.66', 'sei': '177.40'}",CHEMBL2093895,,CHEMBL2110041,5.75,0,http://www.openphacts.org/units/Nanomolar,154092,=,1,1,=,,IC50,nM,,1788.0,CHEMBL287,Homo sapiens,Sigma opioid receptor,9606,,,IC50,nM,UO_0000065,,1788.0
,,550153,[],CHEMBL803752,"Binding affinity against sigma receptor from guinea pig brain (minus cerebellum) homogenates, using the novel [3H]-(+/-)-4 as radioligand",B,,,BAO_0000190,BAO_0000221,tissue-based format,CN(C)C1Cc2cc(Cl)c(O)cc2C(c2ccccc2)C1.Cl,,,CHEMBL1126782,J Med Chem,1993.0,"{'bei': '29.33', 'le': '0.58', 'lle': '4.80', 'sei': '37.72'}",CHEMBL545249,,CHEMBL317029,8.85,0,http://www.openphacts.org/units/Nanomolar,154088,=,1,1,=,,IC50,nM,,1.4,CHEMBL287,Homo sapiens,Sigma opioid receptor,9606,,,IC50,nM,UO_0000065,,1.4
,,550154,[],CHEMBL803753,"Binding affinity against sigma receptor from guinea pig brain (minus cerebellum) homogenates, using [3H]ditolylguanidine (DTG) as radioligand.",B,,,BAO_0000190,BAO_0000221,tissue-based format,CN(C)C1Cc2cc(Cl)c(O)cc2C(c2ccccc2)C1.Cl,,,CHEMBL1126782,J Med Chem,1993.0,"{'bei': '19.31', 'le': '0.38', 'lle': '1.78', 'sei': '24.84'}",CHEMBL545249,,CHEMBL317029,5.83,0,http://www.openphacts.org/units/Nanomolar,154088,=,1,1,=,,IC50,nM,,1483.0,CHEMBL287,Homo sapiens,Sigma opioid receptor,9606,,,IC50,nM,UO_0000065,,1483.0
,,551320,[],CHEMBL803752,"Binding affinity against sigma receptor from guinea pig brain (minus cerebellum) homogenates, using the novel [3H]-(+/-)-4 as radioligand",B,,,BAO_0000190,BAO_0000221,tissue-based format,C=CCN(CC=C)C1Cc2ccccc2C(c2ccccc2)C1.Cl,,,CHEMBL1126782,J Med Chem,1993.0,"{'bei': '24.97', 'le': '0.45', 'lle': '2.77', 'sei': '233.85'}",CHEMBL539274,,CHEMBL1189682,7.58,0,http://www.openphacts.org/units/Nanomolar,154086,=,1,1,=,,IC50,nM,,26.5,CHEMBL287,Homo sapiens,Sigma opioid receptor,9606,,,IC50,nM,UO_0000065,,26.5
,,551321,[],CHEMBL803753,"Binding affinity against sigma receptor from guinea pig brain (minus cerebellum) homogenates, using [3H]ditolylguanidine (DTG) as radioligand.",B,,,BAO_0000190,BAO_0000221,tissue-based format,C=CCN(CC=C)C1Cc2ccccc2C(c2ccccc2)C1.Cl,,,CHEMBL1126782,J Med Chem,1993.0,"{'bei': '20.66', 'le': '0.37', 'lle': '1.46', 'sei': '193.49'}",CHEMBL539274,,CHEMBL1189682,6.27,0,http://www.openphacts.org/units/Nanomolar,154086,=,1,1,=,,IC50,nM,,538.0,CHEMBL287,Homo sapiens,Sigma opioid receptor,9606,,,IC50,nM,UO_0000065,,538.0
,,552691,[],CHEMBL803752,"Binding affinity against sigma receptor from guinea pig brain (minus cerebellum) homogenates, using the novel [3H]-(+/-)-4 as radioligand",B,,,BAO_0000190,BAO_0000221,tissue-based format,CN(C)[C@@]1(C)Cc2ccccc2[C@H](c2ccccc2)C1.Cl,,,CHEMBL1126782,J Med Chem,1993.0,"{'bei': '36.54', 'le': '0.66', 'lle': '5.61', 'sei': '299.35'}",CHEMBL542167,,CHEMBL1191117,9.70,0,http://www.openphacts.org/units/Nanomolar,154093,=,1,1,=,,IC50,nM,,0.2,CHEMBL287,Homo sapiens,Sigma opioid receptor,9606,,,IC50,nM,UO_0000065,,0.2
,,552692,[],CHEMBL803753,"Binding affinity against sigma receptor from guinea pig brain (minus cerebellum) homogenates, using [3H]ditolylguanidine (DTG) as radioligand.",B,,,BAO_0000190,BAO_0000221,tissue-based format,CN(C)[C@@]1(C)Cc2ccccc2[C@H](c2ccccc2)C1.Cl,,,CHEMBL1126782,J Med Chem,1993.0,"{'bei': '21.57', 'le': '0.39', 'lle': '1.64', 'sei': '176.70'}",CHEMBL542167,,CHEMBL1191117,5.72,0,http://www.openphacts.org/units/Nanomolar,154093,=,1,1,=,,IC50,nM,,1883.0,CHEMBL287,Homo sapiens,Sigma opioid receptor,9606,,,IC50,nM,UO_0000065,,1883.0
,,640449,[],CHEMBL808192,"Binding affinity against sigma receptor using [3H]-( +)-SKF10,047 radioligand",B,,,BAO_0000190,BAO_0000357,single protein format,COc1cc(C(C)=O)ccc1OCCCN1CCC(c2noc3cc(F)ccc23)CC1,,,CHEMBL1128281,J Med Chem,1995.0,"{'bei': '16.87', 'le': '0.32', 'lle': '2.36', 'sei': '11.10'}",CHEMBL14376,ILOPERIDONE,CHEMBL14376,7.19,0,http://www.openphacts.org/units/Nanomolar,14604,=,1,1,=,,IC50,nM,,64.0,CHEMBL287,Homo sapiens,Sigma opioid receptor,9606,,,IC50,nM,UO_0000065,,64.0
,,675996,[],CHEMBL803930,In vitro binding affinity towards sigma receptor by the displacement of [3H]PPP from guinea pig brain,B,,,BAO_0000190,BAO_0000019,assay format,NC(CCCN1CCN(c2ncc(F)cn2)CC1)c1ccc(F)c2ccccc12,,,CHEMBL1127947,Bioorg Med Chem Lett,1994.0,"{'bei': '16.78', 'le': '0.31', 'lle': '3.16', 'sei': '11.44'}",CHEMBL60872,,CHEMBL60872,6.67,0,http://www.openphacts.org/units/Nanomolar,100687,=,1,1,=,,IC50,nM,,215.0,CHEMBL287,Homo sapiens,Sigma opioid receptor,9606,,,IC50,nM,UO_0000065,,215.0
,,678542,[],CHEMBL803930,In vitro binding affinity towards sigma receptor by the displacement of [3H]PPP from guinea pig brain,B,,,BAO_0000190,BAO_0000019,assay format,Fc1ccc(OCCCN2CCN(c3ncc(F)cn3)CC2)cc1,,,CHEMBL1127947,Bioorg Med Chem Lett,1994.0,"{'bei': '21.09', 'le': '0.40', 'lle': '4.70', 'sei': '16.99'}",CHEMBL300150,,CHEMBL300150,7.05,0,http://www.openphacts.org/units/Nanomolar,100685,=,1,1,=,,IC50,nM,,89.0,CHEMBL287,Homo sapiens,Sigma opioid receptor,9606,,,IC50,nM,UO_0000065,,89.0
,,681096,[],CHEMBL803930,In vitro binding affinity towards sigma receptor by the displacement of [3H]PPP from guinea pig brain,B,,,BAO_0000190,BAO_0000019,assay format,NC(CCCN1CCN(c2ncc(F)cn2)CC1)C1CCCCC1,,,CHEMBL1127947,Bioorg Med Chem Lett,1994.0,"{'bei': '21.71', 'le': '0.41', 'lle': '4.85', 'sei': '12.50'}",CHEMBL59006,,CHEMBL59006,7.28,0,http://www.openphacts.org/units/Nanomolar,100690,=,1,1,=,,IC50,nM,,52.0,CHEMBL287,Homo sapiens,Sigma opioid receptor,9606,,,IC50,nM,UO_0000065,,52.0
,,682673,[],CHEMBL803930,In vitro binding affinity towards sigma receptor by the displacement of [3H]PPP from guinea pig brain,B,,,BAO_0000190,BAO_0000019,assay format,CC(=O)NC(CCCN1CCN(c2ncc(F)cn2)CC1)c1ccc(F)cc1,,,CHEMBL1127947,Bioorg Med Chem Lett,1994.0,,CHEMBL300556,,CHEMBL300556,,0,http://www.openphacts.org/units/Nanomolar,100693,>,1,1,>,,IC50,nM,,49.0,CHEMBL287,Homo sapiens,Sigma opioid receptor,9606,,,IC50,nM,UO_0000065,,49.0
,,682677,[],CHEMBL803930,In vitro binding affinity towards sigma receptor by the displacement of [3H]PPP from guinea pig brain,B,,,BAO_0000190,BAO_0000019,assay format,O=S(=O)(NC(CCCN1CCN(c2ncc(F)cn2)CC1)C1CCCCC1)c1ccc(F)cc1,,,CHEMBL1127947,Bioorg Med Chem Lett,1994.0,"{'bei': '12.76', 'le': '0.25', 'lle': '2.72', 'sei': '8.03'}",CHEMBL58282,,CHEMBL58282,6.30,0,http://www.openphacts.org/units/Nanomolar,100688,=,1,1,=,,IC50,nM,,504.0,CHEMBL287,Homo sapiens,Sigma opioid receptor,9606,,,IC50,nM,UO_0000065,,504.0
,,684037,[],CHEMBL803930,In vitro binding affinity towards sigma receptor by the displacement of [3H]PPP from guinea pig brain,B,,,BAO_0000190,BAO_0000019,assay format,OC(CCCN1CCN(c2ncc(F)cn2)CC1)c1ccc(F)cc1,,,CHEMBL1127947,Bioorg Med Chem Lett,1994.0,"{'bei': '19.95', 'le': '0.38', 'lle': '4.56', 'sei': '13.24'}",CHEMBL60859,BMY-14802,CHEMBL60859,6.95,1,http://www.openphacts.org/units/Nanomolar,100679,=,1,1,=,,IC50,nM,,112.0,CHEMBL287,Homo sapiens,Sigma opioid receptor,9606,,,IC50,nM,UO_0000065,,112.0
,,685431,[],CHEMBL803930,In vitro binding affinity towards sigma receptor by the displacement of [3H]PPP from guinea pig brain,B,,,BAO_0000190,BAO_0000019,assay format,O=S(=O)(CCCN1CCN(c2ncc(F)cn2)CC1)c1ccc(F)cc1,,,CHEMBL1127947,Bioorg Med Chem Lett,1994.0,,CHEMBL61303,,CHEMBL61303,,0,http://www.openphacts.org/units/Nanomolar,100696,>,1,1,>,,IC50,nM,,45.0,CHEMBL287,Homo sapiens,Sigma opioid receptor,9606,,,IC50,nM,UO_0000065,,45.0
,,689488,[],CHEMBL803930,In vitro binding affinity towards sigma receptor by the displacement of [3H]PPP from guinea pig brain,B,,,BAO_0000190,BAO_0000019,assay format,O=S(=O)(NC(CCCN1CCN(c2ncc(F)cn2)CC1)c1ccc(F)cc1)c1ccc(F)cc1,,,CHEMBL1127947,Bioorg Med Chem Lett,1994.0,"{'bei': '11.51', 'le': '0.23', 'lle': '2.30', 'sei': '7.42'}",CHEMBL300351,,CHEMBL300351,5.82,0,http://www.openphacts.org/units/Nanomolar,100691,=,1,1,=,,IC50,nM,,1520.0,CHEMBL287,Homo sapiens,Sigma opioid receptor,9606,,,IC50,nM,UO_0000065,,1520.0
,,690688,[],CHEMBL803930,In vitro binding affinity towards sigma receptor by the displacement of [3H]PPP from guinea pig brain,B,,,BAO_0000190,BAO_0000019,assay format,CC(=O)OC(CCCN1CCN(c2ncc(F)cn2)CC1)c1ccc(F)cc1,,,CHEMBL1127947,Bioorg Med Chem Lett,1994.0,"{'bei': '17.02', 'le': '0.32', 'lle': '3.68', 'sei': '11.35'}",CHEMBL301642,,CHEMBL301642,6.64,0,http://www.openphacts.org/units/Nanomolar,100681,=,1,1,=,,IC50,nM,,227.0,CHEMBL287,Homo sapiens,Sigma opioid receptor,9606,,,IC50,nM,UO_0000065,,227.0
,,690692,[],CHEMBL803930,In vitro binding affinity towards sigma receptor by the displacement of [3H]PPP from guinea pig brain,B,,,BAO_0000190,BAO_0000019,assay format,O=C(OC(CCCN1CCN(c2ncc(F)cn2)CC1)c1ccc(F)cc1)c1ccccc1,,,CHEMBL1127947,Bioorg Med Chem Lett,1994.0,"{'bei': '12.06', 'le': '0.23', 'lle': '1.20', 'sei': '9.32'}",CHEMBL57297,,CHEMBL57297,5.46,0,http://www.openphacts.org/units/Nanomolar,100684,=,1,1,=,,IC50,nM,,3500.0,CHEMBL287,Homo sapiens,Sigma opioid receptor,9606,,,IC50,nM,UO_0000065,,3500.0
,,693147,[],CHEMBL803930,In vitro binding affinity towards sigma receptor by the displacement of [3H]PPP from guinea pig brain,B,,,BAO_0000190,BAO_0000019,assay format,Fc1cnc(N2CCN(CCCCC3CCCCC3)CC2)nc1,,,CHEMBL1127947,Bioorg Med Chem Lett,1994.0,,CHEMBL299046,,CHEMBL299046,,0,http://www.openphacts.org/units/Nanomolar,100695,--,1,0,,,IC50,nM,,,CHEMBL287,Homo sapiens,Sigma opioid receptor,9606,,,IC50,nM,UO_0000065,,
,,697338,[],CHEMBL803930,In vitro binding affinity towards sigma receptor by the displacement of [3H]PPP from guinea pig brain,B,,,BAO_0000190,BAO_0000019,assay format,OC(CCCN1CCN(c2ncc(F)cn2)CC1)(c1ccc(F)cc1)C1CCCCC1,,,CHEMBL1127947,Bioorg Med Chem Lett,1994.0,,CHEMBL293292,,CHEMBL293292,,0,http://www.openphacts.org/units/Nanomolar,100680,--,1,0,,,IC50,nM,,,CHEMBL287,Homo sapiens,Sigma opioid receptor,9606,,,IC50,nM,UO_0000065,,
,,702667,[],CHEMBL803930,In vitro binding affinity towards sigma receptor by the displacement of [3H]PPP from guinea pig brain,B,,,BAO_0000190,BAO_0000019,assay format,O=C(NC(CCCN1CCN(c2ncc(F)cn2)CC1)C1CCCCC1)c1ccc(F)cc1,,,CHEMBL1127947,Bioorg Med Chem Lett,1994.0,,CHEMBL58283,,CHEMBL58283,,0,http://www.openphacts.org/units/Nanomolar,100689,>,1,1,>,,IC50,nM,,2.0,CHEMBL287,Homo sapiens,Sigma opioid receptor,9606,,,IC50,nM,UO_0000065,,2.0
,,704030,[],CHEMBL803930,In vitro binding affinity towards sigma receptor by the displacement of [3H]PPP from guinea pig brain,B,,,BAO_0000190,BAO_0000019,assay format,OC(CCCN1CCN(c2ncc(F)cn2)CC1)c1ccc(F)c2ccccc12,,,CHEMBL1127947,Bioorg Med Chem Lett,1994.0,"{'bei': '17.71', 'le': '0.33', 'lle': '3.52', 'sei': '13.44'}",CHEMBL61177,,CHEMBL61177,7.06,0,http://www.openphacts.org/units/Nanomolar,100682,=,1,1,=,,IC50,nM,,88.0,CHEMBL287,Homo sapiens,Sigma opioid receptor,9606,,,IC50,nM,UO_0000065,,88.0
,,705299,[],CHEMBL803930,In vitro binding affinity towards sigma receptor by the displacement of [3H]PPP from guinea pig brain,B,,,BAO_0000190,BAO_0000019,assay format,O=C(NC(CCCN1CCN(c2ncc(F)cn2)CC1)c1ccc(F)cc1)c1ccc(F)cc1,,,CHEMBL1127947,Bioorg Med Chem Lett,1994.0,,CHEMBL293364,,CHEMBL293364,,0,http://www.openphacts.org/units/Nanomolar,100692,>,1,1,>,,IC50,nM,,100.0,CHEMBL287,Homo sapiens,Sigma opioid receptor,9606,,,IC50,nM,UO_0000065,,100.0
,,705303,[],CHEMBL803930,In vitro binding affinity towards sigma receptor by the displacement of [3H]PPP from guinea pig brain,B,,,BAO_0000190,BAO_0000019,assay format,O=S(=O)(NC(CCCN1CCN(c2ncc(F)cn2)CC1)c1ccc(F)c2ccccc12)c1ccc(F)cc1,,,CHEMBL1127947,Bioorg Med Chem Lett,1994.0,,CHEMBL58566,,CHEMBL58566,,0,http://www.openphacts.org/units/Nanomolar,100686,>,1,1,>,,IC50,nM,,1.0,CHEMBL287,Homo sapiens,Sigma opioid receptor,9606,,,IC50,nM,UO_0000065,,1.0
,,707942,[],CHEMBL803930,In vitro binding affinity towards sigma receptor by the displacement of [3H]PPP from guinea pig brain,B,,,BAO_0000190,BAO_0000019,assay format,Fc1cnc(N2CCN(CCCCc3ccc(F)c4ccccc34)CC2)nc1,,,CHEMBL1127947,Bioorg Med Chem Lett,1994.0,"{'bei': '17.44', 'le': '0.33', 'lle': '2.62', 'sei': '20.68'}",CHEMBL61304,,CHEMBL61304,6.67,0,http://www.openphacts.org/units/Nanomolar,100694,=,1,1,=,,IC50,nM,,213.0,CHEMBL287,Homo sapiens,Sigma opioid receptor,9606,,,IC50,nM,UO_0000065,,213.0
,,709274,[],CHEMBL803930,In vitro binding affinity towards sigma receptor by the displacement of [3H]PPP from guinea pig brain,B,,,BAO_0000190,BAO_0000019,assay format,Fc1ccc(CCCCN2CCN(c3ncc(F)cn3)CC2)cc1,,,CHEMBL1127947,Bioorg Med Chem Lett,1994.0,"{'bei': '22.98', 'le': '0.43', 'lle': '4.74', 'sei': '23.68'}",CHEMBL60814,,CHEMBL60814,7.64,0,http://www.openphacts.org/units/Nanomolar,100698,=,1,1,=,,IC50,nM,,23.0,CHEMBL287,Homo sapiens,Sigma opioid receptor,9606,,,IC50,nM,UO_0000065,,23.0
,,710645,[],CHEMBL803930,In vitro binding affinity towards sigma receptor by the displacement of [3H]PPP from guinea pig brain,B,,,BAO_0000190,BAO_0000019,assay format,OC(CCCN1CCN(c2ncc(F)cn2)CC1)C1CCCCC1,,,CHEMBL1127947,Bioorg Med Chem Lett,1994.0,"{'bei': '23.54', 'le': '0.45', 'lle': '5.46', 'sei': '15.09'}",CHEMBL57606,,CHEMBL57606,7.92,0,http://www.openphacts.org/units/Nanomolar,100683,=,1,1,=,,IC50,nM,,12.0,CHEMBL287,Homo sapiens,Sigma opioid receptor,9606,,,IC50,nM,UO_0000065,,12.0
,,711866,[],CHEMBL803930,In vitro binding affinity towards sigma receptor by the displacement of [3H]PPP from guinea pig brain,B,,,BAO_0000190,BAO_0000019,assay format,Fc1ccc(SCCCN2CCN(c3ncc(F)cn3)CC2)cc1,,,CHEMBL1127947,Bioorg Med Chem Lett,1994.0,"{'bei': '20.81', 'le': '0.41', 'lle': '4.23', 'sei': '22.61'}",CHEMBL58601,,CHEMBL58601,7.29,0,http://www.openphacts.org/units/Nanomolar,100697,=,1,1,=,,IC50,nM,,51.0,CHEMBL287,Homo sapiens,Sigma opioid receptor,9606,,,IC50,nM,UO_0000065,,51.0
,,714819,[],CHEMBL804882,In vitro binding affinity measured on sigma opioid receptor using [3H]DTG as radioligand,B,,,BAO_0000190,BAO_0000357,single protein format,COc1cccc2c1CCCC2CCCN1CCN(c2ccccc2)CC1,,,CHEMBL1128270,J Med Chem,1995.0,"{'bei': '18.39', 'le': '0.34', 'lle': '1.98', 'sei': '42.67'}",CHEMBL322275,,CHEMBL322275,6.70,0,http://www.openphacts.org/units/Nanomolar,343917,=,1,1,=,,IC50,nM,,198.0,CHEMBL287,Homo sapiens,Sigma opioid receptor,9606,,,IC50,nM,UO_0000065,,198.0
,,716000,[],CHEMBL804882,In vitro binding affinity measured on sigma opioid receptor using [3H]DTG as radioligand,B,,,BAO_0000190,BAO_0000357,single protein format,COc1ccc2c(c1)C(CCCN1CCN(c3ccccc3OC)CC1)CCC2,,,CHEMBL1128270,J Med Chem,1995.0,"{'bei': '18.23', 'le': '0.34', 'lle': '2.46', 'sei': '28.84'}",CHEMBL424125,,CHEMBL424125,7.19,0,http://www.openphacts.org/units/Nanomolar,343930,=,1,1,=,,IC50,nM,,64.1,CHEMBL287,Homo sapiens,Sigma opioid receptor,9606,,,IC50,nM,UO_0000065,,64.1
,,717332,[],CHEMBL804882,In vitro binding affinity measured on sigma opioid receptor using [3H]DTG as radioligand,B,,,BAO_0000190,BAO_0000357,single protein format,COc1ccccc1N1CCN(CC/C=C2\CCCc3ccccc32)CC1,,,CHEMBL1128270,J Med Chem,1995.0,"{'bei': '20.03', 'le': '0.37', 'lle': '2.63', 'sei': '46.21'}",CHEMBL174300,,CHEMBL174300,7.26,0,http://www.openphacts.org/units/Nanomolar,343934,=,1,1,=,,IC50,nM,,55.0,CHEMBL287,Homo sapiens,Sigma opioid receptor,9606,,,IC50,nM,UO_0000065,,55.0
,,718549,[],CHEMBL804882,In vitro binding affinity measured on sigma opioid receptor using [3H]DTG as radioligand,B,,,BAO_0000190,BAO_0000357,single protein format,COc1ccc2c(c1)C(CCCN1CCN(c3cccc(C(F)(F)F)c3)CC1)CCC2,,,CHEMBL1128270,J Med Chem,1995.0,"{'bei': '16.32', 'le': '0.31', 'lle': '1.32', 'sei': '44.93'}",CHEMBL367723,,CHEMBL367723,7.06,0,http://www.openphacts.org/units/Nanomolar,343914,=,1,1,=,,IC50,nM,,87.5,CHEMBL287,Homo sapiens,Sigma opioid receptor,9606,,,IC50,nM,UO_0000065,,87.5
,Not Tested,722891,[],CHEMBL804882,In vitro binding affinity measured on sigma opioid receptor using [3H]DTG as radioligand,B,,,BAO_0000190,BAO_0000357,single protein format,COc1cccc2c1CCC=C2CCCN1CCN(c2cccc(C(F)(F)F)c2)CC1,,,CHEMBL1128270,J Med Chem,1995.0,,CHEMBL171974,,CHEMBL171974,,0,,343915,,1,0,,,IC50,,,,CHEMBL287,Homo sapiens,Sigma opioid receptor,9606,,,IC50,,,,
,Not Tested,724082,[],CHEMBL804882,In vitro binding affinity measured on sigma opioid receptor using [3H]DTG as radioligand,B,,,BAO_0000190,BAO_0000357,single protein format,COc1ccc2c(c1)C(NCCN1CCN(c3ccccc3OC)CC1)CCC2,,,CHEMBL1128270,J Med Chem,1995.0,,CHEMBL425134,,CHEMBL425134,,0,,343935,,1,0,,,IC50,,,,CHEMBL287,Homo sapiens,Sigma opioid receptor,9606,,,IC50,,,,
,,725272,[],CHEMBL804882,In vitro binding affinity measured on sigma opioid receptor using [3H]DTG as radioligand,B,,,BAO_0000190,BAO_0000357,single protein format,COc1ccc2c(c1)C(CCCCN1CCN(c3ccccc3OC)CC1)CCC2,,,CHEMBL1128270,J Med Chem,1995.0,"{'bei': '17.21', 'le': '0.32', 'lle': '1.91', 'sei': '28.20'}",CHEMBL172363,,CHEMBL172363,7.03,0,http://www.openphacts.org/units/Nanomolar,343912,=,1,1,=,,IC50,nM,,92.8,CHEMBL287,Homo sapiens,Sigma opioid receptor,9606,,,IC50,nM,UO_0000065,,92.8
,,725280,[],CHEMBL804882,In vitro binding affinity measured on sigma opioid receptor using [3H]DTG as radioligand,B,,,BAO_0000190,BAO_0000357,single protein format,COc1ccc2c(c1)C(CCCN1CCN(c3ccccn3)CC1)CCC2,,,CHEMBL1128270,J Med Chem,1995.0,"{'bei': '18.89', 'le': '0.35', 'lle': '2.79', 'sei': '24.14'}",CHEMBL171181,,CHEMBL171181,6.90,0,http://www.openphacts.org/units/Nanomolar,343922,=,1,1,=,,IC50,nM,,125.0,CHEMBL287,Homo sapiens,Sigma opioid receptor,9606,,,IC50,nM,UO_0000065,,125.0
,Not Tested,726558,[],CHEMBL804882,In vitro binding affinity measured on sigma opioid receptor using [3H]DTG as radioligand,B,,,BAO_0000190,BAO_0000357,single protein format,COc1ccccc1N1CCN(CCCC2CCCc3ccccc32)CC1,,,CHEMBL1128270,J Med Chem,1995.0,,CHEMBL368477,,CHEMBL368477,,0,,343903,,1,0,,,IC50,,,,CHEMBL287,Homo sapiens,Sigma opioid receptor,9606,,,IC50,,,,
,,726565,[],CHEMBL804882,In vitro binding affinity measured on sigma opioid receptor using [3H]DTG as radioligand,B,,,BAO_0000190,BAO_0000357,single protein format,COc1cccc2c1CCC=C2CCCN1CCN(c2ccccc2)CC1,,,CHEMBL1128270,J Med Chem,1995.0,"{'bei': '20.04', 'le': '0.37', 'lle': '2.63', 'sei': '46.24'}",CHEMBL148055,,CHEMBL148055,7.26,0,http://www.openphacts.org/units/Nanomolar,343919,=,1,1,=,,IC50,nM,,54.4,CHEMBL287,Homo sapiens,Sigma opioid receptor,9606,,,IC50,nM,UO_0000065,,54.4
,,728999,[],CHEMBL804882,In vitro binding affinity measured on sigma opioid receptor using [3H]DTG as radioligand,B,,,BAO_0000190,BAO_0000357,single protein format,COc1cccc2c1CCCC2CCCN1CCN(c2ccccn2)CC1,,,CHEMBL1128270,J Med Chem,1995.0,"{'bei': '19.62', 'le': '0.36', 'lle': '3.06', 'sei': '25.07'}",CHEMBL444590,,CHEMBL444590,7.17,0,http://www.openphacts.org/units/Nanomolar,343921,=,1,1,=,,IC50,nM,,67.5,CHEMBL287,Homo sapiens,Sigma opioid receptor,9606,,,IC50,nM,UO_0000065,,67.5
,,730148,[],CHEMBL804882,In vitro binding affinity measured on sigma opioid receptor using [3H]DTG as radioligand,B,,,BAO_0000190,BAO_0000357,single protein format,COc1ccccc1N1CCN(CCNC2CCCc3c(OC)cccc32)CC1,,,CHEMBL1128270,J Med Chem,1995.0,"{'bei': '17.24', 'le': '0.32', 'lle': '3.33', 'sei': '18.45'}",CHEMBL108241,,CHEMBL108241,6.82,0,http://www.openphacts.org/units/Nanomolar,343910,=,1,1,=,,IC50,nM,,151.0,CHEMBL287,Homo sapiens,Sigma opioid receptor,9606,,,IC50,nM,UO_0000065,,151.0
,,731294,[],CHEMBL804882,In vitro binding affinity measured on sigma opioid receptor using [3H]DTG as radioligand,B,,,BAO_0000190,BAO_0000357,single protein format,O=C(CCCN1CCC(O)(c2ccc(Cl)cc2)CC1)c1ccc(F)cc1,,,CHEMBL1128270,J Med Chem,1995.0,"{'bei': '21.95', 'le': '0.43', 'lle': '3.82', 'sei': '20.35'}",CHEMBL54,HALOPERIDOL,CHEMBL54,8.25,0,http://www.openphacts.org/units/Nanomolar,343925,=,1,1,=,,IC50,nM,,5.64,CHEMBL287,Homo sapiens,Sigma opioid receptor,9606,,,IC50,nM,UO_0000065,,5.64
,Not Tested,732461,[],CHEMBL804882,In vitro binding affinity measured on sigma opioid receptor using [3H]DTG as radioligand,B,,,BAO_0000190,BAO_0000357,single protein format,COc1ccccc1N1CCN(CCCCC2CCCc3c(OC)cccc32)CC1,,,CHEMBL1128270,J Med Chem,1995.0,,CHEMBL28209,,CHEMBL28209,,0,,343911,,1,0,,,IC50,,,,CHEMBL287,Homo sapiens,Sigma opioid receptor,9606,,,IC50,,,,
,,733550,[],CHEMBL804882,In vitro binding affinity measured on sigma opioid receptor using [3H]DTG as radioligand,B,,,BAO_0000190,BAO_0000357,single protein format,COc1ccc2c(c1)C(SCCN1CCN(c3ccccc3OC)CC1)CCC2,,,CHEMBL1128270,J Med Chem,1995.0,"{'bei': '16.63', 'le': '0.32', 'lle': '2.22', 'sei': '27.51'}",CHEMBL172556,,CHEMBL172556,6.86,0,http://www.openphacts.org/units/Nanomolar,343909,=,1,1,=,,IC50,nM,,138.0,CHEMBL287,Homo sapiens,Sigma opioid receptor,9606,,,IC50,nM,UO_0000065,,138.0
,Not Tested,736169,[],CHEMBL804882,In vitro binding affinity measured on sigma opioid receptor using [3H]DTG as radioligand,B,,,BAO_0000190,BAO_0000357,single protein format,COc1ccccc1N1CCN(CCCCC2=CCCc3c(OC)cccc32)CC1,,,CHEMBL1128270,J Med Chem,1995.0,,CHEMBL174554,,CHEMBL174554,,0,,343931,,1,0,,,IC50,,,,CHEMBL287,Homo sapiens,Sigma opioid receptor,9606,,,IC50,,,,
,,736176,[],CHEMBL804882,In vitro binding affinity measured on sigma opioid receptor using [3H]DTG as radioligand,B,,,BAO_0000190,BAO_0000357,single protein format,COc1cccc2c1CCC=C2CCCN1CCN(c2ccccn2)CC1,,,CHEMBL1128270,J Med Chem,1995.0,"{'bei': '20.04', 'le': '0.37', 'lle': '3.26', 'sei': '25.47'}",CHEMBL175300,,CHEMBL175300,7.28,0,http://www.openphacts.org/units/Nanomolar,343906,=,1,1,=,,IC50,nM,,52.0,CHEMBL287,Homo sapiens,Sigma opioid receptor,9606,,,IC50,nM,UO_0000065,,52.0
,,736184,[],CHEMBL804882,In vitro binding affinity measured on sigma opioid receptor using [3H]DTG as radioligand,B,,,BAO_0000190,BAO_0000357,single protein format,COc1cccc2c1CCC/C2=C\CCN1CCN(c2ccccn2)CC1,,,CHEMBL1128270,J Med Chem,1995.0,"{'bei': '19.27', 'le': '0.35', 'lle': '2.98', 'sei': '24.49'}",CHEMBL140406,,CHEMBL140406,7.00,0,http://www.openphacts.org/units/Nanomolar,343905,=,1,1,=,,IC50,nM,,99.1,CHEMBL287,Homo sapiens,Sigma opioid receptor,9606,,,IC50,nM,UO_0000065,,99.1
,,738846,[],CHEMBL804882,In vitro binding affinity measured on sigma opioid receptor using [3H]DTG as radioligand,B,,,BAO_0000190,BAO_0000357,single protein format,COc1ccc2c(c1)C(CCCCN1CCN(c3ccccc3OC)CC1)=CCC2,,,CHEMBL1128270,J Med Chem,1995.0,"{'bei': '17.89', 'le': '0.33', 'lle': '2.24', 'sei': '29.16'}",CHEMBL366459,,CHEMBL366459,7.27,0,http://www.openphacts.org/units/Nanomolar,343902,=,1,1,=,,IC50,nM,,53.5,CHEMBL287,Homo sapiens,Sigma opioid receptor,9606,,,IC50,nM,UO_0000065,,53.5
,Not Tested,738854,[],CHEMBL804882,In vitro binding affinity measured on sigma opioid receptor using [3H]DTG as radioligand,B,,,BAO_0000190,BAO_0000357,single protein format,COc1ccc2c(c1)C(CCCN1CCN(c3cccc(C(F)(F)F)c3)CC1)=CCC2,,,CHEMBL1128270,J Med Chem,1995.0,,CHEMBL433972,,CHEMBL433972,,0,,343916,,1,0,,,IC50,,,,CHEMBL287,Homo sapiens,Sigma opioid receptor,9606,,,IC50,,,,
,,742803,[],CHEMBL804882,In vitro binding affinity measured on sigma opioid receptor using [3H]DTG as radioligand,B,,,BAO_0000190,BAO_0000357,single protein format,COc1ccccc1N1CCN(CCCC2=CCCc3c(OC)cccc32)CC1,,,CHEMBL1128270,J Med Chem,1995.0,"{'bei': '19.06', 'le': '0.35', 'lle': '2.84', 'sei': '30.00'}",CHEMBL172161,,CHEMBL172161,7.48,0,http://www.openphacts.org/units/Nanomolar,343933,=,1,1,=,,IC50,nM,,33.0,CHEMBL287,Homo sapiens,Sigma opioid receptor,9606,,,IC50,nM,UO_0000065,,33.0
,Not Tested,742811,[],CHEMBL804882,In vitro binding affinity measured on sigma opioid receptor using [3H]DTG as radioligand,B,,,BAO_0000190,BAO_0000357,single protein format,COc1cccc2c1CCCC2CCCN1CCN(c2cccc(C(F)(F)F)c2)CC1,,,CHEMBL1128270,J Med Chem,1995.0,,CHEMBL176819,,CHEMBL176819,,0,,343929,,1,0,,,IC50,,,,CHEMBL287,Homo sapiens,Sigma opioid receptor,9606,,,IC50,,,,
,,742818,[],CHEMBL804882,In vitro binding affinity measured on sigma opioid receptor using [3H]DTG as radioligand,B,,,BAO_0000190,BAO_0000357,single protein format,O=C1CC2(CCCC2)CC(=O)N1CCCCN1CCN(c2ncccn2)CC1,,,CHEMBL1128270,J Med Chem,1995.0,"{'bei': '17.07', 'le': '0.32', 'lle': '4.49', 'sei': '9.45'}",CHEMBL49,BUSPIRONE,CHEMBL49,6.58,0,http://www.openphacts.org/units/Nanomolar,343928,=,1,1,=,,IC50,nM,,263.0,CHEMBL287,Homo sapiens,Sigma opioid receptor,9606,,,IC50,nM,UO_0000065,,263.0
,,744177,[],CHEMBL804882,In vitro binding affinity measured on sigma opioid receptor using [3H]DTG as radioligand,B,,,BAO_0000190,BAO_0000357,single protein format,COc1ccc2c(c1)C(CCCN1CCN(c3ccccc3OC)CC1)=CCC2,,,CHEMBL1128270,J Med Chem,1995.0,"{'bei': '16.92', 'le': '0.31', 'lle': '2.00', 'sei': '26.63'}",CHEMBL367435,,CHEMBL367435,6.64,0,http://www.openphacts.org/units/Nanomolar,343901,=,1,1,=,,IC50,nM,,228.0,CHEMBL287,Homo sapiens,Sigma opioid receptor,9606,,,IC50,nM,UO_0000065,,228.0
,Not Tested,744185,[],CHEMBL804882,In vitro binding affinity measured on sigma opioid receptor using [3H]DTG as radioligand,B,,,BAO_0000190,BAO_0000357,single protein format,COc1ccccc1N1CCN(CCSC2CCCc3c(OC)cccc32)CC1,,,CHEMBL1128270,J Med Chem,1995.0,,CHEMBL174703,,CHEMBL174703,,0,,343908,,1,0,,,IC50,,,,CHEMBL287,Homo sapiens,Sigma opioid receptor,9606,,,IC50,,,,
,,747995,[],CHEMBL804882,In vitro binding affinity measured on sigma opioid receptor using [3H]DTG as radioligand,B,,,BAO_0000190,BAO_0000357,single protein format,COc1ccc2c(c1)C(CCCN1CCN(c3ccccn3)CC1)=CCC2,,,CHEMBL1128270,J Med Chem,1995.0,"{'bei': '18.18', 'le': '0.33', 'lle': '2.59', 'sei': '23.11'}",CHEMBL277302,,CHEMBL277302,6.61,0,http://www.openphacts.org/units/Nanomolar,343907,=,1,1,=,,IC50,nM,,246.0,CHEMBL287,Homo sapiens,Sigma opioid receptor,9606,,,IC50,nM,UO_0000065,,246.0
,,748003,[],CHEMBL804882,In vitro binding affinity measured on sigma opioid receptor using [3H]DTG as radioligand,B,,,BAO_0000190,BAO_0000357,single protein format,COc1ccc2c(c1)C(CCCN1CCN(c3ccccc3)CC1)=CCC2,,,CHEMBL1128270,J Med Chem,1995.0,"{'bei': '18.65', 'le': '0.34', 'lle': '2.13', 'sei': '43.04'}",CHEMBL143110,,CHEMBL143110,6.76,0,http://www.openphacts.org/units/Nanomolar,343920,=,1,1,=,,IC50,nM,,173.0,CHEMBL287,Homo sapiens,Sigma opioid receptor,9606,,,IC50,nM,UO_0000065,,173.0
,Not Tested,748011,[],CHEMBL804882,In vitro binding affinity measured on sigma opioid receptor using [3H]DTG as radioligand,B,,,BAO_0000190,BAO_0000357,single protein format,COc1ccc2c(c1)C(CCCN1CCN(c3ccccc3)CC1)CCC2,,,CHEMBL1128270,J Med Chem,1995.0,,CHEMBL172601,,CHEMBL172601,,0,,343918,,1,0,,,IC50,,,,CHEMBL287,Homo sapiens,Sigma opioid receptor,9606,,,IC50,,,,
,,750445,[],CHEMBL804882,In vitro binding affinity measured on sigma opioid receptor using [3H]DTG as radioligand,B,,,BAO_0000190,BAO_0000357,single protein format,COc1ccccc1N1CCN(CCCC2CCCc3c(OC)cccc32)CC1,,,CHEMBL1128270,J Med Chem,1995.0,"{'bei': '18.31', 'le': '0.34', 'lle': '2.49', 'sei': '28.96'}",CHEMBL26929,,CHEMBL26929,7.22,0,http://www.openphacts.org/units/Nanomolar,343904,=,1,1,=,,IC50,nM,,59.9,CHEMBL287,Homo sapiens,Sigma opioid receptor,9606,,,IC50,nM,UO_0000065,,59.9
,,750453,[],CHEMBL804882,In vitro binding affinity measured on sigma opioid receptor using [3H]DTG as radioligand,B,,,BAO_0000190,BAO_0000357,single protein format,COc1ccccc1N1CCN(CCCC2CCCc3ccsc32)CC1,,,CHEMBL1128270,J Med Chem,1995.0,"{'bei': '21.62', 'le': '0.42', 'lle': '3.23', 'sei': '51.01'}",CHEMBL174083,,CHEMBL174083,8.01,0,http://www.openphacts.org/units/Nanomolar,343913,=,1,1,=,,IC50,nM,,9.7,CHEMBL287,Homo sapiens,Sigma opioid receptor,9606,,,IC50,nM,UO_0000065,,9.7
,,751694,[],CHEMBL804882,In vitro binding affinity measured on sigma opioid receptor using [3H]DTG as radioligand,B,,,BAO_0000190,BAO_0000357,single protein format,COc1ccccc1N1CCN(CC/C=C2\CCCc3c(OC)cccc32)CC1,,,CHEMBL1128270,J Med Chem,1995.0,"{'bei': '18.55', 'le': '0.34', 'lle': '2.64', 'sei': '29.20'}",CHEMBL173190,,CHEMBL173190,7.28,0,http://www.openphacts.org/units/Nanomolar,343932,=,1,1,=,,IC50,nM,,52.2,CHEMBL287,Homo sapiens,Sigma opioid receptor,9606,,,IC50,nM,UO_0000065,,52.2
,,754152,[],CHEMBL809885,Potency at the sigma binding site was determined in radioligand,B,,,BAO_0000190,BAO_0000357,single protein format,O=c1cc(-c2ccccc2)oc2ccc(OCCCCCCN3CCC(n4c(O)nc5ccccc54)CC3)cc12,,,CHEMBL1125448,J Med Chem,1992.0,"{'bei': '11.96', 'le': '0.22', 'lle': '-0.36', 'sei': '7.97'}",CHEMBL288623,,CHEMBL288623,6.43,0,http://www.openphacts.org/units/Nanomolar,60725,=,1,1,=,,IC50,nM,,369.0,CHEMBL287,Homo sapiens,Sigma opioid receptor,9606,,,IC50,nM,UO_0000065,,369.0
,,754153,[],CHEMBL809884,Potency at the sigma binding site was determined in radioligand,B,,,BAO_0000190,BAO_0000357,single protein format,O=c1cc(-c2ccccc2)oc2ccc(OCCCCCCN3CCC(n4c(O)nc5ccccc54)CC3)cc12,,,CHEMBL1125448,J Med Chem,1992.0,"{'bei': '12.01', 'le': '0.22', 'lle': '-0.33', 'sei': '8.00'}",CHEMBL288623,,CHEMBL288623,6.46,0,http://www.openphacts.org/units/Nanomolar,60725,=,1,1,=,,IC50,nM,,347.0,CHEMBL287,Homo sapiens,Sigma opioid receptor,9606,,,IC50,nM,UO_0000065,,347.0
,,754155,[],CHEMBL809885,Potency at the sigma binding site was determined in radioligand,B,,,BAO_0000190,BAO_0000357,single protein format,O=c1cc(-c2ccccc2Cl)oc2ccc(OCCCCCCN3CCC(O)CC3)cc12,,,CHEMBL1125448,J Med Chem,1992.0,"{'bei': '16.07', 'le': '0.31', 'lle': '1.82', 'sei': '11.65'}",CHEMBL289767,,CHEMBL289767,7.33,0,http://www.openphacts.org/units/Nanomolar,60723,=,1,1,=,,IC50,nM,,47.0,CHEMBL287,Homo sapiens,Sigma opioid receptor,9606,,,IC50,nM,UO_0000065,,47.0
,,754156,[],CHEMBL809884,Potency at the sigma binding site was determined in radioligand,B,,,BAO_0000190,BAO_0000357,single protein format,O=c1cc(-c2ccccc2Cl)oc2ccc(OCCCCCCN3CCC(O)CC3)cc12,,,CHEMBL1125448,J Med Chem,1992.0,"{'bei': '16.53', 'le': '0.32', 'lle': '2.03', 'sei': '11.98'}",CHEMBL289767,,CHEMBL289767,7.54,0,http://www.openphacts.org/units/Nanomolar,60723,=,1,1,=,,IC50,nM,,29.0,CHEMBL287,Homo sapiens,Sigma opioid receptor,9606,,,IC50,nM,UO_0000065,,29.0
,,754268,[],CHEMBL809885,Potency at the sigma binding site was determined in radioligand,B,,,BAO_0000190,BAO_0000357,single protein format,CN(C)CCCCCCCCOc1ccc2oc(-c3ccccc3)cc(=O)c2c1,,,CHEMBL1125448,J Med Chem,1992.0,"{'bei': '16.88', 'le': '0.31', 'lle': '0.90', 'sei': '15.57'}",CHEMBL286353,,CHEMBL286353,6.64,0,http://www.openphacts.org/units/Nanomolar,60775,=,1,1,=,,IC50,nM,,227.0,CHEMBL287,Homo sapiens,Sigma opioid receptor,9606,,,IC50,nM,UO_0000065,,227.0
,,754269,[],CHEMBL809884,Potency at the sigma binding site was determined in radioligand,B,,,BAO_0000190,BAO_0000357,single protein format,CN(C)CCCCCCCCOc1ccc2oc(-c3ccccc3)cc(=O)c2c1,,,CHEMBL1125448,J Med Chem,1992.0,"{'bei': '17.39', 'le': '0.32', 'lle': '1.10', 'sei': '16.04'}",CHEMBL286353,,CHEMBL286353,6.84,0,http://www.openphacts.org/units/Nanomolar,60775,=,1,1,=,,IC50,nM,,143.0,CHEMBL287,Homo sapiens,Sigma opioid receptor,9606,,,IC50,nM,UO_0000065,,143.0
,,754271,[],CHEMBL809885,Potency at the sigma binding site was determined in radioligand,B,,,BAO_0000190,BAO_0000357,single protein format,O=c1cc(-c2ccccc2)oc2ccc(OCCCCN3CCC(O)CC3)cc12,,,CHEMBL1125448,J Med Chem,1992.0,"{'bei': '16.45', 'le': '0.30', 'lle': '2.39', 'sei': '10.29'}",CHEMBL37508,,CHEMBL37508,6.47,0,http://www.openphacts.org/units/Nanomolar,60771,=,1,1,=,,IC50,nM,,337.0,CHEMBL287,Homo sapiens,Sigma opioid receptor,9606,,,IC50,nM,UO_0000065,,337.0
,,754272,[],CHEMBL809884,Potency at the sigma binding site was determined in radioligand,B,,,BAO_0000190,BAO_0000357,single protein format,O=c1cc(-c2ccccc2)oc2ccc(OCCCCN3CCC(O)CC3)cc12,,,CHEMBL1125448,J Med Chem,1992.0,"{'bei': '16.72', 'le': '0.31', 'lle': '2.50', 'sei': '10.46'}",CHEMBL37508,,CHEMBL37508,6.58,0,http://www.openphacts.org/units/Nanomolar,60771,=,1,1,=,,IC50,nM,,263.0,CHEMBL287,Homo sapiens,Sigma opioid receptor,9606,,,IC50,nM,UO_0000065,,263.0
,,754274,[],CHEMBL809885,Potency at the sigma binding site was determined in radioligand,B,,,BAO_0000190,BAO_0000357,single protein format,O=c1cc(-c2ccccc2)oc2cc(OCCCCN3CCC(O)CC3)ccc12,,,CHEMBL1125448,J Med Chem,1992.0,"{'bei': '19.01', 'le': '0.35', 'lle': '3.40', 'sei': '11.89'}",CHEMBL288933,,CHEMBL288933,7.48,0,http://www.openphacts.org/units/Nanomolar,60784,=,1,1,=,,IC50,nM,,33.0,CHEMBL287,Homo sapiens,Sigma opioid receptor,9606,,,IC50,nM,UO_0000065,,33.0
,,754275,[],CHEMBL809884,Potency at the sigma binding site was determined in radioligand,B,,,BAO_0000190,BAO_0000357,single protein format,O=c1cc(-c2ccccc2)oc2cc(OCCCCN3CCC(O)CC3)ccc12,,,CHEMBL1125448,J Med Chem,1992.0,"{'bei': '18.14', 'le': '0.34', 'lle': '3.06', 'sei': '11.34'}",CHEMBL288933,,CHEMBL288933,7.14,0,http://www.openphacts.org/units/Nanomolar,60784,=,1,1,=,,IC50,nM,,73.0,CHEMBL287,Homo sapiens,Sigma opioid receptor,9606,,,IC50,nM,UO_0000065,,73.0
,,755926,[],CHEMBL846480,Binding affinity against sigma receptor in bovine cerebellum using 2.0 nM [3H]haloperidol in the presence of 25 nM unlabeled spiperone,B,,,BAO_0000190,BAO_0000221,tissue-based format,O=C(CCN1CC=C(c2ccc(Cl)cc2)CC1)c1ccc2c(c1)OCO2,,,CHEMBL1126928,J Med Chem,1993.0,"{'bei': '17.71', 'le': '0.34', 'lle': '2.12', 'sei': '16.90'}",CHEMBL340532,,CHEMBL340532,6.55,0,http://www.openphacts.org/units/Nanomolar,244071,=,1,1,=,,IC50,nM,,281.0,CHEMBL287,Homo sapiens,Sigma opioid receptor,9606,,,IC50,nM,UO_0000065,,281.0
,,756315,[],CHEMBL809885,Potency at the sigma binding site was determined in radioligand,B,,,BAO_0000190,BAO_0000357,single protein format,O=c1cc(-c2ccccc2)oc2ccc(OCCCCCCN3CCOCC3)cc12,,,CHEMBL1125448,J Med Chem,1992.0,"{'bei': '15.08', 'le': '0.28', 'lle': '1.42', 'sei': '11.84'}",CHEMBL38322,,CHEMBL38322,6.15,0,http://www.openphacts.org/units/Nanomolar,60748,=,1,1,=,,IC50,nM,,713.0,CHEMBL287,Homo sapiens,Sigma opioid receptor,9606,,,IC50,nM,UO_0000065,,713.0
,,756316,[],CHEMBL809884,Potency at the sigma binding site was determined in radioligand,B,,,BAO_0000190,BAO_0000357,single protein format,O=c1cc(-c2ccccc2)oc2ccc(OCCCCCCN3CCOCC3)cc12,,,CHEMBL1125448,J Med Chem,1992.0,"{'bei': '16.26', 'le': '0.30', 'lle': '1.90', 'sei': '12.76'}",CHEMBL38322,,CHEMBL38322,6.62,0,http://www.openphacts.org/units/Nanomolar,60748,=,1,1,=,,IC50,nM,,237.0,CHEMBL287,Homo sapiens,Sigma opioid receptor,9606,,,IC50,nM,UO_0000065,,237.0
,,756396,[],CHEMBL809885,Potency at the sigma binding site was determined in radioligand,B,,,BAO_0000190,BAO_0000357,single protein format,O=c1cc(-c2ccccc2)oc2ccc(OCCCCCCN3CCC(O)CC3)cc12,,,CHEMBL1125448,J Med Chem,1992.0,"{'bei': '16.61', 'le': '0.31', 'lle': '2.14', 'sei': '11.13'}",CHEMBL39445,,CHEMBL39445,7.00,0,http://www.openphacts.org/units/Nanomolar,60769,=,1,1,=,,IC50,nM,,100.0,CHEMBL287,Homo sapiens,Sigma opioid receptor,9606,,,IC50,nM,UO_0000065,,100.0
,,756397,[],CHEMBL809884,Potency at the sigma binding site was determined in radioligand,B,,,BAO_0000190,BAO_0000357,single protein format,O=c1cc(-c2ccccc2)oc2ccc(OCCCCCCN3CCC(O)CC3)cc12,,,CHEMBL1125448,J Med Chem,1992.0,"{'bei': '16.41', 'le': '0.30', 'lle': '2.06', 'sei': '11.00'}",CHEMBL39445,,CHEMBL39445,6.92,0,http://www.openphacts.org/units/Nanomolar,60769,=,1,1,=,,IC50,nM,,121.0,CHEMBL287,Homo sapiens,Sigma opioid receptor,9606,,,IC50,nM,UO_0000065,,121.0
,,756399,[],CHEMBL809885,Potency at the sigma binding site was determined in radioligand,B,,,BAO_0000190,BAO_0000357,single protein format,O=c1cc(-c2ccccc2)oc2cc(OCCCCCN3CCC(O)CC3)ccc12,,,CHEMBL1125448,J Med Chem,1992.0,"{'bei': '17.81', 'le': '0.33', 'lle': '2.79', 'sei': '11.54'}",CHEMBL39941,,CHEMBL39941,7.26,0,http://www.openphacts.org/units/Nanomolar,60783,=,1,1,=,,IC50,nM,,55.0,CHEMBL287,Homo sapiens,Sigma opioid receptor,9606,,,IC50,nM,UO_0000065,,55.0
,,756400,[],CHEMBL809884,Potency at the sigma binding site was determined in radioligand,B,,,BAO_0000190,BAO_0000357,single protein format,O=c1cc(-c2ccccc2)oc2cc(OCCCCCN3CCC(O)CC3)ccc12,,,CHEMBL1125448,J Med Chem,1992.0,"{'bei': '17.27', 'le': '0.32', 'lle': '2.57', 'sei': '11.18'}",CHEMBL39941,,CHEMBL39941,7.04,0,http://www.openphacts.org/units/Nanomolar,60783,=,1,1,=,,IC50,nM,,92.0,CHEMBL287,Homo sapiens,Sigma opioid receptor,9606,,,IC50,nM,UO_0000065,,92.0
,,756402,[],CHEMBL809885,Potency at the sigma binding site was determined in radioligand,B,,,BAO_0000190,BAO_0000357,single protein format,O=c1cc(-c2ccccc2)oc2c(OCCCCCCN3CCC(O)CC3)cccc12,,,CHEMBL1125448,J Med Chem,1992.0,"{'bei': '17.66', 'le': '0.33', 'lle': '2.58', 'sei': '11.83'}",CHEMBL291300,,CHEMBL291300,7.44,0,http://www.openphacts.org/units/Nanomolar,60778,=,1,1,=,,IC50,nM,,36.0,CHEMBL287,Homo sapiens,Sigma opioid receptor,9606,,,IC50,nM,UO_0000065,,36.0
,,756403,[],CHEMBL809884,Potency at the sigma binding site was determined in radioligand,B,,,BAO_0000190,BAO_0000357,single protein format,O=c1cc(-c2ccccc2)oc2c(OCCCCCCN3CCC(O)CC3)cccc12,,,CHEMBL1125448,J Med Chem,1992.0,"{'bei': '15.82', 'le': '0.29', 'lle': '1.81', 'sei': '10.60'}",CHEMBL291300,,CHEMBL291300,6.67,0,http://www.openphacts.org/units/Nanomolar,60778,=,1,1,=,,IC50,nM,,215.0,CHEMBL287,Homo sapiens,Sigma opioid receptor,9606,,,IC50,nM,UO_0000065,,215.0
,,757032,[],CHEMBL846480,Binding affinity against sigma receptor in bovine cerebellum using 2.0 nM [3H]haloperidol in the presence of 25 nM unlabeled spiperone,B,,,BAO_0000190,BAO_0000221,tissue-based format,O=C(CCN1CC=C(c2ccc(Cl)cc2)CC1)c1ccc(F)c(F)c1,,,CHEMBL1126928,J Med Chem,1993.0,"{'bei': '18.32', 'le': '0.36', 'lle': '1.65', 'sei': '32.64'}",CHEMBL446358,,CHEMBL446358,6.63,0,http://www.openphacts.org/units/Nanomolar,244073,=,1,1,=,,IC50,nM,,235.0,CHEMBL287,Homo sapiens,Sigma opioid receptor,9606,,,IC50,nM,UO_0000065,,235.0
,,757034,[],CHEMBL846480,Binding affinity against sigma receptor in bovine cerebellum using 2.0 nM [3H]haloperidol in the presence of 25 nM unlabeled spiperone,B,,,BAO_0000190,BAO_0000221,tissue-based format,C1=C(c2ccccc2)CCNC1,,,CHEMBL1126928,J Med Chem,1993.0,"{'bei': '37.68', 'le': '0.68', 'lle': '3.94', 'sei': '49.88'}",CHEMBL6224,,CHEMBL6224,6.00,0,http://www.openphacts.org/units/Nanomolar,244065,=,1,1,=,,IC50,nM,,1000.0,CHEMBL287,Homo sapiens,Sigma opioid receptor,9606,,,IC50,nM,UO_0000065,,1000.0
,,757434,[],CHEMBL809885,Potency at the sigma binding site was determined in radioligand,B,,,BAO_0000190,BAO_0000357,single protein format,O=c1cc(-c2cccc(Cl)c2)oc2ccc(OCCCCCCN3CCC(O)CC3)cc12,,,CHEMBL1125448,J Med Chem,1992.0,"{'bei': '14.93', 'le': '0.29', 'lle': '1.30', 'sei': '10.82'}",CHEMBL38514,,CHEMBL38514,6.81,0,http://www.openphacts.org/units/Nanomolar,60721,=,1,1,=,,IC50,nM,,156.0,CHEMBL287,Homo sapiens,Sigma opioid receptor,9606,,,IC50,nM,UO_0000065,,156.0
,,757435,[],CHEMBL809884,Potency at the sigma binding site was determined in radioligand,B,,,BAO_0000190,BAO_0000357,single protein format,O=c1cc(-c2cccc(Cl)c2)oc2ccc(OCCCCCCN3CCC(O)CC3)cc12,,,CHEMBL1125448,J Med Chem,1992.0,"{'bei': '14.82', 'le': '0.29', 'lle': '1.25', 'sei': '10.74'}",CHEMBL38514,,CHEMBL38514,6.76,0,http://www.openphacts.org/units/Nanomolar,60721,=,1,1,=,,IC50,nM,,175.0,CHEMBL287,Homo sapiens,Sigma opioid receptor,9606,,,IC50,nM,UO_0000065,,175.0
,,757618,[],CHEMBL809885,Potency at the sigma binding site was determined in radioligand,B,,,BAO_0000190,BAO_0000357,single protein format,O=c1cc(-c2ccccc2)oc2ccc(OCCCCCCCCN3CCC(O)CC3)cc12,,,CHEMBL1125448,J Med Chem,1992.0,"{'bei': '15.80', 'le': '0.29', 'lle': '1.46', 'sei': '11.29'}",CHEMBL39615,,CHEMBL39615,7.10,0,http://www.openphacts.org/units/Nanomolar,60767,=,1,1,=,,IC50,nM,,79.0,CHEMBL287,Homo sapiens,Sigma opioid receptor,9606,,,IC50,nM,UO_0000065,,79.0
,,757619,[],CHEMBL809884,Potency at the sigma binding site was determined in radioligand,B,,,BAO_0000190,BAO_0000357,single protein format,O=c1cc(-c2ccccc2)oc2ccc(OCCCCCCCCN3CCC(O)CC3)cc12,,,CHEMBL1125448,J Med Chem,1992.0,"{'bei': '16.16', 'le': '0.30', 'lle': '1.63', 'sei': '11.55'}",CHEMBL39615,,CHEMBL39615,7.27,0,http://www.openphacts.org/units/Nanomolar,60767,=,1,1,=,,IC50,nM,,54.0,CHEMBL287,Homo sapiens,Sigma opioid receptor,9606,,,IC50,nM,UO_0000065,,54.0
,,757621,[],CHEMBL809885,Potency at the sigma binding site was determined in radioligand,B,,,BAO_0000190,BAO_0000357,single protein format,O=c1cc(C2CCCCC2)oc2ccc(OCCCCCCN3CCOCC3)cc12,,,CHEMBL1125448,J Med Chem,1992.0,"{'bei': '16.01', 'le': '0.30', 'lle': '1.51', 'sei': '12.76'}",CHEMBL287975,,CHEMBL287975,6.62,0,http://www.openphacts.org/units/Nanomolar,60758,=,1,1,=,,IC50,nM,,239.0,CHEMBL287,Homo sapiens,Sigma opioid receptor,9606,,,IC50,nM,UO_0000065,,239.0
,,757622,[],CHEMBL809884,Potency at the sigma binding site was determined in radioligand,B,,,BAO_0000190,BAO_0000357,single protein format,O=c1cc(C2CCCCC2)oc2ccc(OCCCCCCN3CCOCC3)cc12,,,CHEMBL1125448,J Med Chem,1992.0,"{'bei': '16.98', 'le': '0.32', 'lle': '1.91', 'sei': '13.53'}",CHEMBL287975,,CHEMBL287975,7.02,0,http://www.openphacts.org/units/Nanomolar,60758,=,1,1,=,,IC50,nM,,95.0,CHEMBL287,Homo sapiens,Sigma opioid receptor,9606,,,IC50,nM,UO_0000065,,95.0
,,758612,[],CHEMBL809885,Potency at the sigma binding site was determined in radioligand,B,,,BAO_0000190,BAO_0000357,single protein format,O=c1cc(-c2ccccc2)oc2ccc(OCCCCCCN3CCCCC3)cc12,,,CHEMBL1125448,J Med Chem,1992.0,"{'bei': '17.25', 'le': '0.32', 'lle': '1.11', 'sei': '16.39'}",CHEMBL40676,,CHEMBL40676,7.00,0,http://www.openphacts.org/units/Nanomolar,60716,=,1,1,=,,IC50,nM,,101.0,CHEMBL287,Homo sapiens,Sigma opioid receptor,9606,,,IC50,nM,UO_0000065,,101.0
,,758613,[],CHEMBL809884,Potency at the sigma binding site was determined in radioligand,B,,,BAO_0000190,BAO_0000357,single protein format,O=c1cc(-c2ccccc2)oc2ccc(OCCCCCCN3CCCCC3)cc12,,,CHEMBL1125448,J Med Chem,1992.0,"{'bei': '17.92', 'le': '0.33', 'lle': '1.38', 'sei': '17.03'}",CHEMBL40676,,CHEMBL40676,7.27,0,http://www.openphacts.org/units/Nanomolar,60716,=,1,1,=,,IC50,nM,,54.0,CHEMBL287,Homo sapiens,Sigma opioid receptor,9606,,,IC50,nM,UO_0000065,,54.0
,,758662,[],CHEMBL809885,Potency at the sigma binding site was determined in radioligand,B,,,BAO_0000190,BAO_0000357,single protein format,O=c1cc(C2CCCCC2)oc2ccc(OCCCCCCN3CCCCC3)cc12,,,CHEMBL1125448,J Med Chem,1992.0,"{'bei': '17.64', 'le': '0.33', 'lle': '0.99', 'sei': '17.01'}",CHEMBL412640,,CHEMBL412640,7.26,0,http://www.openphacts.org/units/Nanomolar,60755,=,1,1,=,,IC50,nM,,55.0,CHEMBL287,Homo sapiens,Sigma opioid receptor,9606,,,IC50,nM,UO_0000065,,55.0
,,758663,[],CHEMBL809884,Potency at the sigma binding site was determined in radioligand,B,,,BAO_0000190,BAO_0000357,single protein format,O=c1cc(C2CCCCC2)oc2ccc(OCCCCCCN3CCCCC3)cc12,,,CHEMBL1125448,J Med Chem,1992.0,"{'bei': '18.21', 'le': '0.34', 'lle': '1.22', 'sei': '17.56'}",CHEMBL412640,,CHEMBL412640,7.50,0,http://www.openphacts.org/units/Nanomolar,60755,=,1,1,=,,IC50,nM,,32.0,CHEMBL287,Homo sapiens,Sigma opioid receptor,9606,,,IC50,nM,UO_0000065,,32.0
,,758665,[],CHEMBL809885,Potency at the sigma binding site was determined in radioligand,B,,,BAO_0000190,BAO_0000357,single protein format,O=c1cc(-c2ccccc2)oc2cc(OCCCCCCCCN3CCC(O)CC3)ccc12,,,CHEMBL1125448,J Med Chem,1992.0,"{'bei': '17.03', 'le': '0.32', 'lle': '2.02', 'sei': '12.17'}",CHEMBL35714,,CHEMBL35714,7.66,0,http://www.openphacts.org/units/Nanomolar,60780,=,1,1,=,,IC50,nM,,22.0,CHEMBL287,Homo sapiens,Sigma opioid receptor,9606,,,IC50,nM,UO_0000065,,22.0
,,758666,[],CHEMBL809884,Potency at the sigma binding site was determined in radioligand,B,,,BAO_0000190,BAO_0000357,single protein format,O=c1cc(-c2ccccc2)oc2cc(OCCCCCCCCN3CCC(O)CC3)ccc12,,,CHEMBL1125448,J Med Chem,1992.0,"{'bei': '16.99', 'le': '0.32', 'lle': '2.00', 'sei': '12.14'}",CHEMBL35714,,CHEMBL35714,7.64,0,http://www.openphacts.org/units/Nanomolar,60780,=,1,1,=,,IC50,nM,,23.0,CHEMBL287,Homo sapiens,Sigma opioid receptor,9606,,,IC50,nM,UO_0000065,,23.0
,,759248,[],CHEMBL846480,Binding affinity against sigma receptor in bovine cerebellum using 2.0 nM [3H]haloperidol in the presence of 25 nM unlabeled spiperone,B,,,BAO_0000190,BAO_0000221,tissue-based format,COc1ccc(C(=O)CCN2CC=C(c3ccc(Cl)cc3)CC2)cc1OC,,,CHEMBL1126928,J Med Chem,1993.0,"{'bei': '16.34', 'le': '0.32', 'lle': '1.59', 'sei': '16.26'}",CHEMBL126086,,CHEMBL126086,6.30,0,http://www.openphacts.org/units/Nanomolar,244058,=,1,1,=,,IC50,nM,,495.0,CHEMBL287,Homo sapiens,Sigma opioid receptor,9606,,,IC50,nM,UO_0000065,,495.0
,,759601,[],CHEMBL809885,Potency at the sigma binding site was determined in radioligand,B,,,BAO_0000190,BAO_0000357,single protein format,CN(CCO)CCCCCCOc1ccc2oc(-c3ccccc3)cc(=O)c2c1,,,CHEMBL1125448,J Med Chem,1992.0,"{'bei': '16.73', 'le': '0.31', 'lle': '2.30', 'sei': '10.52'}",CHEMBL38897,,CHEMBL38897,6.62,0,http://www.openphacts.org/units/Nanomolar,60744,=,1,1,=,,IC50,nM,,242.0,CHEMBL287,Homo sapiens,Sigma opioid receptor,9606,,,IC50,nM,UO_0000065,,242.0
,,759602,[],CHEMBL809884,Potency at the sigma binding site was determined in radioligand,B,,,BAO_0000190,BAO_0000357,single protein format,CN(CCO)CCCCCCOc1ccc2oc(-c3ccccc3)cc(=O)c2c1,,,CHEMBL1125448,J Med Chem,1992.0,"{'bei': '16.80', 'le': '0.31', 'lle': '2.33', 'sei': '10.56'}",CHEMBL38897,,CHEMBL38897,6.65,0,http://www.openphacts.org/units/Nanomolar,60744,=,1,1,=,,IC50,nM,,226.0,CHEMBL287,Homo sapiens,Sigma opioid receptor,9606,,,IC50,nM,UO_0000065,,226.0
,,759673,[],CHEMBL809885,Potency at the sigma binding site was determined in radioligand,B,,,BAO_0000190,BAO_0000357,single protein format,O=c1cc(-c2cccnc2)oc2ccc(OCCCCCCN3CCCCC3)cc12,,,CHEMBL1125448,J Med Chem,1992.0,"{'bei': '17.03', 'le': '0.32', 'lle': '1.64', 'sei': '12.46'}",CHEMBL39163,,CHEMBL39163,6.92,0,http://www.openphacts.org/units/Nanomolar,60752,=,1,1,=,,IC50,nM,,119.0,CHEMBL287,Homo sapiens,Sigma opioid receptor,9606,,,IC50,nM,UO_0000065,,119.0
,,759674,[],CHEMBL809884,Potency at the sigma binding site was determined in radioligand,B,,,BAO_0000190,BAO_0000357,single protein format,O=c1cc(-c2cccnc2)oc2ccc(OCCCCCCN3CCCCC3)cc12,,,CHEMBL1125448,J Med Chem,1992.0,"{'bei': '16.52', 'le': '0.31', 'lle': '1.44', 'sei': '12.09'}",CHEMBL39163,,CHEMBL39163,6.72,0,http://www.openphacts.org/units/Nanomolar,60752,=,1,1,=,,IC50,nM,,192.0,CHEMBL287,Homo sapiens,Sigma opioid receptor,9606,,,IC50,nM,UO_0000065,,192.0
,,760675,[],CHEMBL809885,Potency at the sigma binding site was determined in radioligand,B,,,BAO_0000190,BAO_0000357,single protein format,O=c1cc(-c2ccccc2)oc2ccc(OCCCCCCN3CCNCC3c3ccccn3)cc12,,,CHEMBL1125448,J Med Chem,1992.0,"{'bei': '13.71', 'le': '0.25', 'lle': '1.19', 'sei': '9.81'}",CHEMBL37468,,CHEMBL37468,6.63,0,http://www.openphacts.org/units/Nanomolar,60746,=,1,1,=,,IC50,nM,,235.0,CHEMBL287,Homo sapiens,Sigma opioid receptor,9606,,,IC50,nM,UO_0000065,,235.0
,,760676,[],CHEMBL809884,Potency at the sigma binding site was determined in radioligand,B,,,BAO_0000190,BAO_0000357,single protein format,O=c1cc(-c2ccccc2)oc2ccc(OCCCCCCN3CCNCC3c3ccccn3)cc12,,,CHEMBL1125448,J Med Chem,1992.0,"{'bei': '12.47', 'le': '0.23', 'lle': '0.59', 'sei': '8.92'}",CHEMBL37468,,CHEMBL37468,6.03,0,http://www.openphacts.org/units/Nanomolar,60746,=,1,1,=,,IC50,nM,,928.0,CHEMBL287,Homo sapiens,Sigma opioid receptor,9606,,,IC50,nM,UO_0000065,,928.0
,,760888,[],CHEMBL809885,Potency at the sigma binding site was determined in radioligand,B,,,BAO_0000190,BAO_0000357,single protein format,CN(C)CCCCCCCOc1ccc2oc(-c3ccccc3)cc(=O)c2c1,,,CHEMBL1125448,J Med Chem,1992.0,"{'bei': '17.87', 'le': '0.33', 'lle': '1.43', 'sei': '15.89'}",CHEMBL37186,,CHEMBL37186,6.78,0,http://www.openphacts.org/units/Nanomolar,60776,=,1,1,=,,IC50,nM,,165.0,CHEMBL287,Homo sapiens,Sigma opioid receptor,9606,,,IC50,nM,UO_0000065,,165.0
,,760889,[],CHEMBL809884,Potency at the sigma binding site was determined in radioligand,B,,,BAO_0000190,BAO_0000357,single protein format,CN(C)CCCCCCCOc1ccc2oc(-c3ccccc3)cc(=O)c2c1,,,CHEMBL1125448,J Med Chem,1992.0,"{'bei': '17.72', 'le': '0.33', 'lle': '1.38', 'sei': '15.76'}",CHEMBL37186,,CHEMBL37186,6.73,0,http://www.openphacts.org/units/Nanomolar,60776,=,1,1,=,,IC50,nM,,188.0,CHEMBL287,Homo sapiens,Sigma opioid receptor,9606,,,IC50,nM,UO_0000065,,188.0
,,760891,[],CHEMBL809885,Potency at the sigma binding site was determined in radioligand,B,,,BAO_0000190,BAO_0000357,single protein format,O=c1cc(-c2ccccc2)oc2ccc(OCCCCCCC3CCNC(CCO)C3)cc12,,,CHEMBL1125448,J Med Chem,1992.0,"{'bei': '17.34', 'le': '0.32', 'lle': '2.26', 'sei': '10.87'}",CHEMBL39713,,CHEMBL39713,7.80,0,http://www.openphacts.org/units/Nanomolar,60763,=,1,1,=,,IC50,nM,,16.0,CHEMBL287,Homo sapiens,Sigma opioid receptor,9606,,,IC50,nM,UO_0000065,,16.0
,,760892,[],CHEMBL809884,Potency at the sigma binding site was determined in radioligand,B,,,BAO_0000190,BAO_0000357,single protein format,O=c1cc(-c2ccccc2)oc2ccc(OCCCCCCC3CCNC(CCO)C3)cc12,,,CHEMBL1125448,J Med Chem,1992.0,"{'bei': '15.94', 'le': '0.30', 'lle': '1.63', 'sei': '10.00'}",CHEMBL39713,,CHEMBL39713,7.17,0,http://www.openphacts.org/units/Nanomolar,60763,=,1,1,=,,IC50,nM,,68.0,CHEMBL287,Homo sapiens,Sigma opioid receptor,9606,,,IC50,nM,UO_0000065,,68.0
,,761814,[],CHEMBL809885,Potency at the sigma binding site was determined in radioligand,B,,,BAO_0000190,BAO_0000357,single protein format,CN(C)CCCOc1ccc2oc(-c3ccccc3)cc(=O)c2c1,,,CHEMBL1125448,J Med Chem,1992.0,"{'bei': '19.76', 'le': '0.36', 'lle': '2.60', 'sei': '14.97'}",CHEMBL38983,,CHEMBL38983,6.39,0,http://www.openphacts.org/units/Nanomolar,60717,=,1,1,=,,IC50,nM,,408.0,CHEMBL287,Homo sapiens,Sigma opioid receptor,9606,,,IC50,nM,UO_0000065,,408.0
,,761815,[],CHEMBL809884,Potency at the sigma binding site was determined in radioligand,B,,,BAO_0000190,BAO_0000357,single protein format,CN(C)CCCOc1ccc2oc(-c3ccccc3)cc(=O)c2c1,,,CHEMBL1125448,J Med Chem,1992.0,"{'bei': '20.38', 'le': '0.38', 'lle': '2.80', 'sei': '15.44'}",CHEMBL38983,,CHEMBL38983,6.59,0,http://www.openphacts.org/units/Nanomolar,60717,=,1,1,=,,IC50,nM,,257.0,CHEMBL287,Homo sapiens,Sigma opioid receptor,9606,,,IC50,nM,UO_0000065,,257.0
,,761817,[],CHEMBL809885,Potency at the sigma binding site was determined in radioligand,B,,,BAO_0000190,BAO_0000357,single protein format,O=c1cc(-c2cccs2)oc2ccc(OCCCCCCN3CCC(O)CC3)cc12,,,CHEMBL1125448,J Med Chem,1992.0,"{'bei': '16.19', 'le': '0.32', 'lle': '2.00', 'sei': '11.01'}",CHEMBL36928,,CHEMBL36928,6.92,0,http://www.openphacts.org/units/Nanomolar,60722,=,1,1,=,,IC50,nM,,119.0,CHEMBL287,Homo sapiens,Sigma opioid receptor,9606,,,IC50,nM,UO_0000065,,119.0
,,761818,[],CHEMBL809884,Potency at the sigma binding site was determined in radioligand,B,,,BAO_0000190,BAO_0000357,single protein format,O=c1cc(-c2cccs2)oc2ccc(OCCCCCCN3CCC(O)CC3)cc12,,,CHEMBL1125448,J Med Chem,1992.0,"{'bei': '15.52', 'le': '0.30', 'lle': '1.71', 'sei': '10.55'}",CHEMBL36928,,CHEMBL36928,6.63,0,http://www.openphacts.org/units/Nanomolar,60722,=,1,1,=,,IC50,nM,,232.0,CHEMBL287,Homo sapiens,Sigma opioid receptor,9606,,,IC50,nM,UO_0000065,,232.0
,,761974,[],CHEMBL809885,Potency at the sigma binding site was determined in radioligand,B,,,BAO_0000190,BAO_0000357,single protein format,CN(C)CCCCCCCCCOc1ccc2oc(-c3ccccc3)cc(=O)c2c1,,,CHEMBL1125448,J Med Chem,1992.0,"{'bei': '15.89', 'le': '0.29', 'lle': '0.35', 'sei': '15.17'}",CHEMBL35828,,CHEMBL35828,6.48,0,http://www.openphacts.org/units/Nanomolar,60774,=,1,1,=,,IC50,nM,,334.0,CHEMBL287,Homo sapiens,Sigma opioid receptor,9606,,,IC50,nM,UO_0000065,,334.0
,,761975,[],CHEMBL809884,Potency at the sigma binding site was determined in radioligand,B,,,BAO_0000190,BAO_0000357,single protein format,CN(C)CCCCCCCCCOc1ccc2oc(-c3ccccc3)cc(=O)c2c1,,,CHEMBL1125448,J Med Chem,1992.0,"{'bei': '16.43', 'le': '0.30', 'lle': '0.56', 'sei': '15.69'}",CHEMBL35828,,CHEMBL35828,6.70,0,http://www.openphacts.org/units/Nanomolar,60774,=,1,1,=,,IC50,nM,,202.0,CHEMBL287,Homo sapiens,Sigma opioid receptor,9606,,,IC50,nM,UO_0000065,,202.0
,,761977,[],CHEMBL809885,Potency at the sigma binding site was determined in radioligand,B,,,BAO_0000190,BAO_0000357,single protein format,O=c1cc(-c2ccccc2)oc2ccc(OCCCCCN3CCC(O)CC3)cc12,,,CHEMBL1125448,J Med Chem,1992.0,"{'bei': '16.39', 'le': '0.30', 'lle': '2.21', 'sei': '10.61'}",CHEMBL38047,,CHEMBL38047,6.68,0,http://www.openphacts.org/units/Nanomolar,60770,=,1,1,=,,IC50,nM,,210.0,CHEMBL287,Homo sapiens,Sigma opioid receptor,9606,,,IC50,nM,UO_0000065,,210.0
,,761978,[],CHEMBL809884,Potency at the sigma binding site was determined in radioligand,B,,,BAO_0000190,BAO_0000357,single protein format,O=c1cc(-c2ccccc2)oc2ccc(OCCCCCN3CCC(O)CC3)cc12,,,CHEMBL1125448,J Med Chem,1992.0,"{'bei': '16.12', 'le': '0.30', 'lle': '2.10', 'sei': '10.44'}",CHEMBL38047,,CHEMBL38047,6.57,0,http://www.openphacts.org/units/Nanomolar,60770,=,1,1,=,,IC50,nM,,270.0,CHEMBL287,Homo sapiens,Sigma opioid receptor,9606,,,IC50,nM,UO_0000065,,270.0
,,761980,[],CHEMBL809885,Potency at the sigma binding site was determined in radioligand,B,,,BAO_0000190,BAO_0000357,single protein format,CC(C)Cc1cc(=O)c2cc(OCCCCCN3CCC(O)CC3)ccc2o1,,,CHEMBL1125448,J Med Chem,1992.0,"{'bei': '17.69', 'le': '0.33', 'lle': '2.86', 'sei': '10.90'}",CHEMBL39480,,CHEMBL39480,6.86,0,http://www.openphacts.org/units/Nanomolar,60759,=,1,1,=,,IC50,nM,,139.0,CHEMBL287,Homo sapiens,Sigma opioid receptor,9606,,,IC50,nM,UO_0000065,,139.0
,,761981,[],CHEMBL809884,Potency at the sigma binding site was determined in radioligand,B,,,BAO_0000190,BAO_0000357,single protein format,CC(C)Cc1cc(=O)c2cc(OCCCCCN3CCC(O)CC3)ccc2o1,,,CHEMBL1125448,J Med Chem,1992.0,"{'bei': '16.99', 'le': '0.32', 'lle': '2.58', 'sei': '10.46'}",CHEMBL39480,,CHEMBL39480,6.58,0,http://www.openphacts.org/units/Nanomolar,60759,=,1,1,=,,IC50,nM,,261.0,CHEMBL287,Homo sapiens,Sigma opioid receptor,9606,,,IC50,nM,UO_0000065,,261.0
,,762435,[],CHEMBL846480,Binding affinity against sigma receptor in bovine cerebellum using 2.0 nM [3H]haloperidol in the presence of 25 nM unlabeled spiperone,B,,,BAO_0000190,BAO_0000221,tissue-based format,O=C(CCN1CC=C(c2ccc(F)cc2)CC1)c1ccccc1,,,CHEMBL1126928,J Med Chem,1993.0,"{'bei': '27.14', 'le': '0.50', 'lle': '4.21', 'sei': '41.35'}",CHEMBL338181,,CHEMBL338181,8.40,0,http://www.openphacts.org/units/Nanomolar,244055,=,1,1,=,,IC50,nM,,4.0,CHEMBL287,Homo sapiens,Sigma opioid receptor,9606,,,IC50,nM,UO_0000065,,4.0
,,762773,[],CHEMBL809885,Potency at the sigma binding site was determined in radioligand,B,,,BAO_0000190,BAO_0000357,single protein format,CN(CCCCCCOc1ccc2oc(-c3ccccc3)cc(=O)c2c1)Cc1ccccc1,,,CHEMBL1125448,J Med Chem,1992.0,"{'bei': '16.50', 'le': '0.30', 'lle': '0.75', 'sei': '17.07'}",CHEMBL38809,,CHEMBL38809,7.28,0,http://www.openphacts.org/units/Nanomolar,60719,=,1,1,=,,IC50,nM,,52.0,CHEMBL287,Homo sapiens,Sigma opioid receptor,9606,,,IC50,nM,UO_0000065,,52.0
,,762774,[],CHEMBL809884,Potency at the sigma binding site was determined in radioligand,B,,,BAO_0000190,BAO_0000357,single protein format,CN(CCCCCCOc1ccc2oc(-c3ccccc3)cc(=O)c2c1)Cc1ccccc1,,,CHEMBL1125448,J Med Chem,1992.0,"{'bei': '16.14', 'le': '0.29', 'lle': '0.59', 'sei': '16.69'}",CHEMBL38809,,CHEMBL38809,7.12,0,http://www.openphacts.org/units/Nanomolar,60719,=,1,1,=,,IC50,nM,,75.0,CHEMBL287,Homo sapiens,Sigma opioid receptor,9606,,,IC50,nM,UO_0000065,,75.0
,,762776,[],CHEMBL809885,Potency at the sigma binding site was determined in radioligand,B,,,BAO_0000190,BAO_0000357,single protein format,COc1ccc(-c2cc(=O)c3cc(OCCCCCN4CCC(O)CC4)ccc3o2)cc1,,,CHEMBL1125448,J Med Chem,1992.0,"{'bei': '14.42', 'le': '0.27', 'lle': '1.84', 'sei': '8.74'}",CHEMBL38023,,CHEMBL38023,6.31,0,http://www.openphacts.org/units/Nanomolar,60736,=,1,1,=,,IC50,nM,,493.0,CHEMBL287,Homo sapiens,Sigma opioid receptor,9606,,,IC50,nM,UO_0000065,,493.0
,,762777,[],CHEMBL809884,Potency at the sigma binding site was determined in radioligand,B,,,BAO_0000190,BAO_0000357,single protein format,COc1ccc(-c2cc(=O)c3cc(OCCCCCN4CCC(O)CC4)ccc3o2)cc1,,,CHEMBL1125448,J Med Chem,1992.0,"{'bei': '14.22', 'le': '0.27', 'lle': '1.75', 'sei': '8.62'}",CHEMBL38023,,CHEMBL38023,6.22,0,http://www.openphacts.org/units/Nanomolar,60736,=,1,1,=,,IC50,nM,,600.0,CHEMBL287,Homo sapiens,Sigma opioid receptor,9606,,,IC50,nM,UO_0000065,,600.0
,,763585,[],CHEMBL846480,Binding affinity against sigma receptor in bovine cerebellum using 2.0 nM [3H]haloperidol in the presence of 25 nM unlabeled spiperone,B,,,BAO_0000190,BAO_0000221,tissue-based format,O=C(CCN1CC=C(c2ccc(F)cc2)CC1)c1ccc(F)cc1,,,CHEMBL1126928,J Med Chem,1993.0,"{'bei': '23.33', 'le': '0.43', 'lle': '3.31', 'sei': '37.61'}",CHEMBL126437,,CHEMBL126437,7.64,0,http://www.openphacts.org/units/Nanomolar,244068,=,1,1,=,,IC50,nM,,23.0,CHEMBL287,Homo sapiens,Sigma opioid receptor,9606,,,IC50,nM,UO_0000065,,23.0
,,764136,[],CHEMBL809885,Potency at the sigma binding site was determined in radioligand,B,,,BAO_0000190,BAO_0000357,single protein format,CN(C)CCCCCOc1ccc2oc(-c3ccccc3)cc(=O)c2c1,,,CHEMBL1125448,J Med Chem,1992.0,"{'bei': '17.86', 'le': '0.33', 'lle': '1.71', 'sei': '14.71'}",CHEMBL38392,,CHEMBL38392,6.28,0,http://www.openphacts.org/units/Nanomolar,60786,=,1,1,=,,IC50,nM,,529.0,CHEMBL287,Homo sapiens,Sigma opioid receptor,9606,,,IC50,nM,UO_0000065,,529.0
,,764137,[],CHEMBL809884,Potency at the sigma binding site was determined in radioligand,B,,,BAO_0000190,BAO_0000357,single protein format,CN(C)CCCCCOc1ccc2oc(-c3ccccc3)cc(=O)c2c1,,,CHEMBL1125448,J Med Chem,1992.0,"{'bei': '16.35', 'le': '0.30', 'lle': '1.17', 'sei': '13.46'}",CHEMBL38392,,CHEMBL38392,5.75,0,http://www.openphacts.org/units/Nanomolar,60786,=,1,1,=,,IC50,nM,,1800.0,CHEMBL287,Homo sapiens,Sigma opioid receptor,9606,,,IC50,nM,UO_0000065,,1800.0
,,765040,[],CHEMBL809885,Potency at the sigma binding site was determined in radioligand,B,,,BAO_0000190,BAO_0000357,single protein format,O=c1cc(-c2ccccc2)oc2cccc(OCCCCCCN3CCC(O)CC3)c12,,,CHEMBL1125448,J Med Chem,1992.0,"{'bei': '16.45', 'le': '0.31', 'lle': '2.08', 'sei': '11.02'}",CHEMBL434593,,CHEMBL434593,6.94,0,http://www.openphacts.org/units/Nanomolar,60714,=,1,1,=,,IC50,nM,,116.0,CHEMBL287,Homo sapiens,Sigma opioid receptor,9606,,,IC50,nM,UO_0000065,,116.0
,,765041,[],CHEMBL809884,Potency at the sigma binding site was determined in radioligand,B,,,BAO_0000190,BAO_0000357,single protein format,O=c1cc(-c2ccccc2)oc2cccc(OCCCCCCN3CCC(O)CC3)c12,,,CHEMBL1125448,J Med Chem,1992.0,"{'bei': '15.92', 'le': '0.30', 'lle': '1.85', 'sei': '10.67'}",CHEMBL434593,,CHEMBL434593,6.71,0,http://www.openphacts.org/units/Nanomolar,60714,=,1,1,=,,IC50,nM,,195.0,CHEMBL287,Homo sapiens,Sigma opioid receptor,9606,,,IC50,nM,UO_0000065,,195.0
,,766224,[],CHEMBL809885,Potency at the sigma binding site was determined in radioligand,B,,,BAO_0000190,BAO_0000357,single protein format,CN(C)CCCCCCCCCCOc1ccc2oc(-c3ccccc3)cc(=O)c2c1,,,CHEMBL1125448,J Med Chem,1992.0,"{'bei': '15.48', 'le': '0.29', 'lle': '0.01', 'sei': '15.29'}",CHEMBL36966,,CHEMBL36966,6.53,0,http://www.openphacts.org/units/Nanomolar,60773,=,1,1,=,,IC50,nM,,297.0,CHEMBL287,Homo sapiens,Sigma opioid receptor,9606,,,IC50,nM,UO_0000065,,297.0
,,766225,[],CHEMBL809884,Potency at the sigma binding site was determined in radioligand,B,,,BAO_0000190,BAO_0000357,single protein format,CN(C)CCCCCCCCCCOc1ccc2oc(-c3ccccc3)cc(=O)c2c1,,,CHEMBL1125448,J Med Chem,1992.0,"{'bei': '15.34', 'le': '0.28', 'lle': '-0.05', 'sei': '15.15'}",CHEMBL36966,,CHEMBL36966,6.47,0,http://www.openphacts.org/units/Nanomolar,60773,=,1,1,=,,IC50,nM,,341.0,CHEMBL287,Homo sapiens,Sigma opioid receptor,9606,,,IC50,nM,UO_0000065,,341.0
,,767150,[],CHEMBL809885,Potency at the sigma binding site was determined in radioligand,B,,,BAO_0000190,BAO_0000357,single protein format,O=c1cc(-c2ccccc2)oc2ccc(OCCCCCCN3CCCCCC3)cc12,,,CHEMBL1125448,J Med Chem,1992.0,"{'bei': '18.16', 'le': '0.34', 'lle': '1.34', 'sei': '17.85'}",CHEMBL432859,,CHEMBL432859,7.62,0,http://www.openphacts.org/units/Nanomolar,60715,=,1,1,=,,IC50,nM,,24.0,CHEMBL287,Homo sapiens,Sigma opioid receptor,9606,,,IC50,nM,UO_0000065,,24.0
,,767151,[],CHEMBL809884,Potency at the sigma binding site was determined in radioligand,B,,,BAO_0000190,BAO_0000357,single protein format,O=c1cc(-c2ccccc2)oc2ccc(OCCCCCCN3CCCCCC3)cc12,,,CHEMBL1125448,J Med Chem,1992.0,"{'bei': '17.77', 'le': '0.33', 'lle': '1.18', 'sei': '17.47'}",CHEMBL432859,,CHEMBL432859,7.46,0,http://www.openphacts.org/units/Nanomolar,60715,=,1,1,=,,IC50,nM,,35.0,CHEMBL287,Homo sapiens,Sigma opioid receptor,9606,,,IC50,nM,UO_0000065,,35.0
,,767240,[],CHEMBL809885,Potency at the sigma binding site was determined in radioligand,B,,,BAO_0000190,BAO_0000357,single protein format,CN(C)CCOc1ccc2oc(-c3ccccc3)cc(=O)c2c1,,,CHEMBL1125448,J Med Chem,1992.0,"{'bei': '20.13', 'le': '0.37', 'lle': '2.83', 'sei': '14.60'}",CHEMBL418239,,CHEMBL418239,6.23,0,http://www.openphacts.org/units/Nanomolar,60787,=,1,1,=,,IC50,nM,,590.0,CHEMBL287,Homo sapiens,Sigma opioid receptor,9606,,,IC50,nM,UO_0000065,,590.0
,,767241,[],CHEMBL809884,Potency at the sigma binding site was determined in radioligand,B,,,BAO_0000190,BAO_0000357,single protein format,CN(C)CCOc1ccc2oc(-c3ccccc3)cc(=O)c2c1,,,CHEMBL1125448,J Med Chem,1992.0,"{'bei': '23.91', 'le': '0.44', 'lle': '4.00', 'sei': '17.33'}",CHEMBL418239,,CHEMBL418239,7.40,0,http://www.openphacts.org/units/Nanomolar,60787,=,1,1,=,,IC50,nM,,40.0,CHEMBL287,Homo sapiens,Sigma opioid receptor,9606,,,IC50,nM,UO_0000065,,40.0
,,767243,[],CHEMBL809885,Potency at the sigma binding site was determined in radioligand,B,,,BAO_0000190,BAO_0000357,single protein format,O=c1cc(-c2ccccc2)oc2ccc(OCCCCCCCN3CCC(O)CC3)cc12,,,CHEMBL1125448,J Med Chem,1992.0,"{'bei': '15.72', 'le': '0.29', 'lle': '1.60', 'sei': '10.88'}",CHEMBL39638,,CHEMBL39638,6.85,0,http://www.openphacts.org/units/Nanomolar,60768,=,1,1,=,,IC50,nM,,142.0,CHEMBL287,Homo sapiens,Sigma opioid receptor,9606,,,IC50,nM,UO_0000065,,142.0
,,767244,[],CHEMBL809884,Potency at the sigma binding site was determined in radioligand,B,,,BAO_0000190,BAO_0000357,single protein format,O=c1cc(-c2ccccc2)oc2ccc(OCCCCCCCN3CCC(O)CC3)cc12,,,CHEMBL1125448,J Med Chem,1992.0,"{'bei': '15.91', 'le': '0.30', 'lle': '1.68', 'sei': '11.01'}",CHEMBL39638,,CHEMBL39638,6.93,0,http://www.openphacts.org/units/Nanomolar,60768,=,1,1,=,,IC50,nM,,118.0,CHEMBL287,Homo sapiens,Sigma opioid receptor,9606,,,IC50,nM,UO_0000065,,118.0
,,767246,[],CHEMBL809885,Potency at the sigma binding site was determined in radioligand,B,,,BAO_0000190,BAO_0000357,single protein format,O=c1cc(-c2ccccc2Cl)oc2ccc(OCCCCCCN3CCCCC3)cc12,,,CHEMBL1125448,J Med Chem,1992.0,"{'bei': '16.41', 'le': '0.32', 'lle': '0.68', 'sei': '16.92'}",CHEMBL37138,,CHEMBL37138,7.22,0,http://www.openphacts.org/units/Nanomolar,60754,=,1,1,=,,IC50,nM,,60.0,CHEMBL287,Homo sapiens,Sigma opioid receptor,9606,,,IC50,nM,UO_0000065,,60.0
,,767247,[],CHEMBL809884,Potency at the sigma binding site was determined in radioligand,B,,,BAO_0000190,BAO_0000357,single protein format,O=c1cc(-c2ccccc2Cl)oc2ccc(OCCCCCCN3CCCCC3)cc12,,,CHEMBL1125448,J Med Chem,1992.0,"{'bei': '16.37', 'le': '0.32', 'lle': '0.66', 'sei': '16.87'}",CHEMBL37138,,CHEMBL37138,7.20,0,http://www.openphacts.org/units/Nanomolar,60754,=,1,1,=,,IC50,nM,,63.0,CHEMBL287,Homo sapiens,Sigma opioid receptor,9606,,,IC50,nM,UO_0000065,,63.0
,,767852,[],CHEMBL846480,Binding affinity against sigma receptor in bovine cerebellum using 2.0 nM [3H]haloperidol in the presence of 25 nM unlabeled spiperone,B,,,BAO_0000190,BAO_0000221,tissue-based format,CCN(CC)CCC(=O)c1ccccc1,,,CHEMBL1126928,J Med Chem,1993.0,"{'bei': '28.75', 'le': '0.54', 'lle': '3.30', 'sei': '29.06'}",CHEMBL130526,,CHEMBL130526,5.90,0,http://www.openphacts.org/units/Nanomolar,244062,=,1,1,=,,IC50,nM,,1250.0,CHEMBL287,Homo sapiens,Sigma opioid receptor,9606,,,IC50,nM,UO_0000065,,1250.0
,,768342,[],CHEMBL809885,Potency at the sigma binding site was determined in radioligand,B,,,BAO_0000190,BAO_0000357,single protein format,COc1c(-c2ccccc2)oc2ccc(OCCCCCCN3CCC(O)CC3)cc2c1=O,,,CHEMBL1125448,J Med Chem,1992.0,"{'bei': '15.57', 'le': '0.29', 'lle': '2.17', 'sei': '9.75'}",CHEMBL37470,,CHEMBL37470,7.03,0,http://www.openphacts.org/units/Nanomolar,60777,=,1,1,=,,IC50,nM,,93.0,CHEMBL287,Homo sapiens,Sigma opioid receptor,9606,,,IC50,nM,UO_0000065,,93.0
,,768343,[],CHEMBL809884,Potency at the sigma binding site was determined in radioligand,B,,,BAO_0000190,BAO_0000357,single protein format,COc1c(-c2ccccc2)oc2ccc(OCCCCCCN3CCC(O)CC3)cc2c1=O,,,CHEMBL1125448,J Med Chem,1992.0,"{'bei': '15.45', 'le': '0.29', 'lle': '2.11', 'sei': '9.67'}",CHEMBL37470,,CHEMBL37470,6.97,0,http://www.openphacts.org/units/Nanomolar,60777,=,1,1,=,,IC50,nM,,106.0,CHEMBL287,Homo sapiens,Sigma opioid receptor,9606,,,IC50,nM,UO_0000065,,106.0
,,769124,[],CHEMBL846480,Binding affinity against sigma receptor in bovine cerebellum using 2.0 nM [3H]haloperidol in the presence of 25 nM unlabeled spiperone,B,,,BAO_0000190,BAO_0000221,tissue-based format,O=C(CCN1CCC(c2ccccc2)CC1)c1ccccc1,,,CHEMBL1126928,J Med Chem,1993.0,"{'bei': '27.79', 'le': '0.51', 'lle': '4.01', 'sei': '40.15'}",CHEMBL340401,,CHEMBL340401,8.15,0,http://www.openphacts.org/units/Nanomolar,244063,=,1,1,=,,IC50,nM,,7.0,CHEMBL287,Homo sapiens,Sigma opioid receptor,9606,,,IC50,nM,UO_0000065,,7.0
,,769513,[],CHEMBL809885,Potency at the sigma binding site was determined in radioligand,B,,,BAO_0000190,BAO_0000357,single protein format,O=c1cc(-c2cccs2)oc2ccc(OCCCCCCN3CCCCC3)cc12,,,CHEMBL1125448,J Med Chem,1992.0,"{'bei': '17.35', 'le': '0.34', 'lle': '1.19', 'sei': '16.74'}",CHEMBL36491,,CHEMBL36491,7.14,0,http://www.openphacts.org/units/Nanomolar,60753,=,1,1,=,,IC50,nM,,72.0,CHEMBL287,Homo sapiens,Sigma opioid receptor,9606,,,IC50,nM,UO_0000065,,72.0
,,769514,[],CHEMBL809884,Potency at the sigma binding site was determined in radioligand,B,,,BAO_0000190,BAO_0000357,single protein format,O=c1cc(-c2cccs2)oc2ccc(OCCCCCCN3CCCCC3)cc12,,,CHEMBL1125448,J Med Chem,1992.0,"{'bei': '17.34', 'le': '0.34', 'lle': '1.19', 'sei': '16.72'}",CHEMBL36491,,CHEMBL36491,7.14,0,http://www.openphacts.org/units/Nanomolar,60753,=,1,1,=,,IC50,nM,,73.0,CHEMBL287,Homo sapiens,Sigma opioid receptor,9606,,,IC50,nM,UO_0000065,,73.0
,,770073,[],CHEMBL846480,Binding affinity against sigma receptor in bovine cerebellum using 2.0 nM [3H]haloperidol in the presence of 25 nM unlabeled spiperone,B,,,BAO_0000190,BAO_0000221,tissue-based format,O=C(CCN1CC=C(c2ccc(Cl)cc2)CC1)c1ccc(Cl)cc1,,,CHEMBL1126928,J Med Chem,1993.0,"{'bei': '18.88', 'le': '0.39', 'lle': '1.44', 'sei': '33.49'}",CHEMBL129521,,CHEMBL129521,6.80,0,http://www.openphacts.org/units/Nanomolar,244074,=,1,1,=,,IC50,nM,,158.0,CHEMBL287,Homo sapiens,Sigma opioid receptor,9606,,,IC50,nM,UO_0000065,,158.0
,,770080,[],CHEMBL846480,Binding affinity against sigma receptor in bovine cerebellum using 2.0 nM [3H]haloperidol in the presence of 25 nM unlabeled spiperone,B,,,BAO_0000190,BAO_0000221,tissue-based format,O=C(CCN1CC=C(c2ccc(F)cc2)CC1)c1ccc(Cl)cc1,,,CHEMBL1126928,J Med Chem,1993.0,"{'bei': '22.11', 'le': '0.43', 'lle': '2.76', 'sei': '37.43'}",CHEMBL125913,,CHEMBL125913,7.60,0,http://www.openphacts.org/units/Nanomolar,244067,=,1,1,=,,IC50,nM,,25.0,CHEMBL287,Homo sapiens,Sigma opioid receptor,9606,,,IC50,nM,UO_0000065,,25.0
,,770498,[],CHEMBL809885,Potency at the sigma binding site was determined in radioligand,B,,,BAO_0000190,BAO_0000357,single protein format,O=C1NCN(c2ccccc2)C12CCN(CCCCCCOc1ccc3oc(-c4ccccc4)cc(=O)c3c1)CC2,,,CHEMBL1125448,J Med Chem,1992.0,"{'bei': '10.73', 'le': '0.20', 'lle': '0.09', 'sei': '7.89'}",CHEMBL39053,,CHEMBL39053,5.92,0,http://www.openphacts.org/units/Nanomolar,60727,=,1,1,=,,IC50,nM,,1200.0,CHEMBL287,Homo sapiens,Sigma opioid receptor,9606,,,IC50,nM,UO_0000065,,1200.0
,,770499,[],CHEMBL809884,Potency at the sigma binding site was determined in radioligand,B,,,BAO_0000190,BAO_0000357,single protein format,O=C1NCN(c2ccccc2)C12CCN(CCCCCCOc1ccc3oc(-c4ccccc4)cc(=O)c3c1)CC2,,,CHEMBL1125448,J Med Chem,1992.0,"{'bei': '10.37', 'le': '0.19', 'lle': '-0.11', 'sei': '7.63'}",CHEMBL39053,,CHEMBL39053,5.72,0,http://www.openphacts.org/units/Nanomolar,60727,=,1,1,=,,IC50,nM,,1900.0,CHEMBL287,Homo sapiens,Sigma opioid receptor,9606,,,IC50,nM,UO_0000065,,1900.0
,,770609,[],CHEMBL809885,Potency at the sigma binding site was determined in radioligand,B,,,BAO_0000190,BAO_0000357,single protein format,Cc1c(C2CCCCC2)oc2ccc(OCCCCCCN3CCC(O)CC3)cc2c1=O,,,CHEMBL1125448,J Med Chem,1992.0,"{'bei': '16.02', 'le': '0.30', 'lle': '1.53', 'sei': '11.25'}",CHEMBL40113,,CHEMBL40113,7.08,0,http://www.openphacts.org/units/Nanomolar,60760,=,1,1,=,,IC50,nM,,84.0,CHEMBL287,Homo sapiens,Sigma opioid receptor,9606,,,IC50,nM,UO_0000065,,84.0
,,770610,[],CHEMBL809884,Potency at the sigma binding site was determined in radioligand,B,,,BAO_0000190,BAO_0000357,single protein format,Cc1c(C2CCCCC2)oc2ccc(OCCCCCCN3CCC(O)CC3)cc2c1=O,,,CHEMBL1125448,J Med Chem,1992.0,"{'bei': '15.63', 'le': '0.29', 'lle': '1.35', 'sei': '10.97'}",CHEMBL40113,,CHEMBL40113,6.90,0,http://www.openphacts.org/units/Nanomolar,60760,=,1,1,=,,IC50,nM,,125.0,CHEMBL287,Homo sapiens,Sigma opioid receptor,9606,,,IC50,nM,UO_0000065,,125.0
,,771233,[],CHEMBL846480,Binding affinity against sigma receptor in bovine cerebellum using 2.0 nM [3H]haloperidol in the presence of 25 nM unlabeled spiperone,B,,,BAO_0000190,BAO_0000221,tissue-based format,O=C(CCN1CC=C(c2ccc(F)cc2)CC1)c1ccc(Br)cc1,,,CHEMBL1126928,J Med Chem,1993.0,"{'bei': '18.49', 'le': '0.41', 'lle': '2.23', 'sei': '35.35'}",CHEMBL126684,,CHEMBL126684,7.18,0,http://www.openphacts.org/units/Nanomolar,244066,=,1,1,=,,IC50,nM,,66.0,CHEMBL287,Homo sapiens,Sigma opioid receptor,9606,,,IC50,nM,UO_0000065,,66.0
,,771647,[],CHEMBL809885,Potency at the sigma binding site was determined in radioligand,B,,,BAO_0000190,BAO_0000357,single protein format,O=c1cc(-c2ccc(F)cc2)oc2ccc(OCCCCCCN3CCC(O)CC3)cc12,,,CHEMBL1125448,J Med Chem,1992.0,"{'bei': '15.98', 'le': '0.30', 'lle': '2.02', 'sei': '11.16'}",CHEMBL38565,,CHEMBL38565,7.02,0,http://www.openphacts.org/units/Nanomolar,60737,=,1,1,=,,IC50,nM,,95.0,CHEMBL287,Homo sapiens,Sigma opioid receptor,9606,,,IC50,nM,UO_0000065,,95.0
,,771648,[],CHEMBL809884,Potency at the sigma binding site was determined in radioligand,B,,,BAO_0000190,BAO_0000357,single protein format,O=c1cc(-c2ccc(F)cc2)oc2ccc(OCCCCCCN3CCC(O)CC3)cc12,,,CHEMBL1125448,J Med Chem,1992.0,"{'bei': '15.65', 'le': '0.29', 'lle': '1.88', 'sei': '10.94'}",CHEMBL38565,,CHEMBL38565,6.88,0,http://www.openphacts.org/units/Nanomolar,60737,=,1,1,=,,IC50,nM,,132.0,CHEMBL287,Homo sapiens,Sigma opioid receptor,9606,,,IC50,nM,UO_0000065,,132.0
,,771726,[],CHEMBL809885,Potency at the sigma binding site was determined in radioligand,B,,,BAO_0000190,BAO_0000357,single protein format,O=c1cc(-c2ccccc2)oc2cc(OCCCCCCCN3CCC(O)CC3)ccc12,,,CHEMBL1125448,J Med Chem,1992.0,"{'bei': '17.90', 'le': '0.33', 'lle': '2.55', 'sei': '12.39'}",CHEMBL38952,,CHEMBL38952,7.80,0,http://www.openphacts.org/units/Nanomolar,60781,=,1,1,=,,IC50,nM,,16.0,CHEMBL287,Homo sapiens,Sigma opioid receptor,9606,,,IC50,nM,UO_0000065,,16.0
,,771727,[],CHEMBL809884,Potency at the sigma binding site was determined in radioligand,B,,,BAO_0000190,BAO_0000357,single protein format,O=c1cc(-c2ccccc2)oc2cc(OCCCCCCCN3CCC(O)CC3)ccc12,,,CHEMBL1125448,J Med Chem,1992.0,"{'bei': '17.73', 'le': '0.33', 'lle': '2.47', 'sei': '12.27'}",CHEMBL38952,,CHEMBL38952,7.72,0,http://www.openphacts.org/units/Nanomolar,60781,=,1,1,=,,IC50,nM,,19.0,CHEMBL287,Homo sapiens,Sigma opioid receptor,9606,,,IC50,nM,UO_0000065,,19.0
,,772374,[],CHEMBL846480,Binding affinity against sigma receptor in bovine cerebellum using 2.0 nM [3H]haloperidol in the presence of 25 nM unlabeled spiperone,B,,,BAO_0000190,BAO_0000221,tissue-based format,Clc1ccc(C2=CCNCC2)cc1,,,CHEMBL1126928,J Med Chem,1993.0,"{'bei': '37.70', 'le': '0.77', 'lle': '4.58', 'sei': '60.69'}",CHEMBL101664,,CHEMBL101664,7.30,0,http://www.openphacts.org/units/Nanomolar,244064,=,1,1,=,,IC50,nM,,50.0,CHEMBL287,Homo sapiens,Sigma opioid receptor,9606,,,IC50,nM,UO_0000065,,50.0
,,772983,[],CHEMBL809885,Potency at the sigma binding site was determined in radioligand,B,,,BAO_0000190,BAO_0000357,single protein format,O=c1cc(-c2ccccc2)oc2ccc(OCCCN3CCC(O)CC3)cc12,,,CHEMBL1125448,J Med Chem,1992.0,"{'bei': '18.15', 'le': '0.34', 'lle': '3.20', 'sei': '10.95'}",CHEMBL38264,,CHEMBL38264,6.89,0,http://www.openphacts.org/units/Nanomolar,60772,=,1,1,=,,IC50,nM,,130.0,CHEMBL287,Homo sapiens,Sigma opioid receptor,9606,,,IC50,nM,UO_0000065,,130.0
,,772984,[],CHEMBL809884,Potency at the sigma binding site was determined in radioligand,B,,,BAO_0000190,BAO_0000357,single protein format,O=c1cc(-c2ccccc2)oc2ccc(OCCCN3CCC(O)CC3)cc12,,,CHEMBL1125448,J Med Chem,1992.0,"{'bei': '18.21', 'le': '0.34', 'lle': '3.22', 'sei': '10.98'}",CHEMBL38264,,CHEMBL38264,6.91,0,http://www.openphacts.org/units/Nanomolar,60772,=,1,1,=,,IC50,nM,,123.0,CHEMBL287,Homo sapiens,Sigma opioid receptor,9606,,,IC50,nM,UO_0000065,,123.0
,,772986,[],CHEMBL809885,Potency at the sigma binding site was determined in radioligand,B,,,BAO_0000190,BAO_0000357,single protein format,O=c1cc(-c2ccccc2)oc2ccc(OCCCCCCN3CCCC(O)C3)cc12,,,CHEMBL1125448,J Med Chem,1992.0,"{'bei': '16.76', 'le': '0.31', 'lle': '2.21', 'sei': '11.23'}",CHEMBL40278,,CHEMBL40278,7.07,0,http://www.openphacts.org/units/Nanomolar,60765,=,1,1,=,,IC50,nM,,86.0,CHEMBL287,Homo sapiens,Sigma opioid receptor,9606,,,IC50,nM,UO_0000065,,86.0
,,772987,[],CHEMBL809884,Potency at the sigma binding site was determined in radioligand,B,,,BAO_0000190,BAO_0000357,single protein format,O=c1cc(-c2ccccc2)oc2ccc(OCCCCCCN3CCCC(O)C3)cc12,,,CHEMBL1125448,J Med Chem,1992.0,"{'bei': '16.88', 'le': '0.31', 'lle': '2.25', 'sei': '11.31'}",CHEMBL40278,,CHEMBL40278,7.11,0,http://www.openphacts.org/units/Nanomolar,60765,=,1,1,=,,IC50,nM,,77.0,CHEMBL287,Homo sapiens,Sigma opioid receptor,9606,,,IC50,nM,UO_0000065,,77.0
,,772989,[],CHEMBL809885,Potency at the sigma binding site was determined in radioligand,B,,,BAO_0000190,BAO_0000357,single protein format,O=c1cc(-c2ccccc2)oc2ccc(OCCCCCCN3CCNCC3c3ncccn3)cc12,,,CHEMBL1125448,J Med Chem,1992.0,"{'bei': '11.94', 'le': '0.22', 'lle': '0.95', 'sei': '7.19'}",CHEMBL39584,,CHEMBL39584,5.79,0,http://www.openphacts.org/units/Nanomolar,60762,=,1,1,=,,IC50,nM,,1630.0,CHEMBL287,Homo sapiens,Sigma opioid receptor,9606,,,IC50,nM,UO_0000065,,1630.0
,,772990,[],CHEMBL809884,Potency at the sigma binding site was determined in radioligand,B,,,BAO_0000190,BAO_0000357,single protein format,O=c1cc(-c2ccccc2)oc2ccc(OCCCCCCN3CCNCC3c3ncccn3)cc12,,,CHEMBL1125448,J Med Chem,1992.0,"{'bei': '10.00', 'le': '0.18', 'lle': '0.01', 'sei': '6.02'}",CHEMBL39584,,CHEMBL39584,4.85,0,http://www.openphacts.org/units/Nanomolar,60762,=,1,1,=,,IC50,nM,,14200.0,CHEMBL287,Homo sapiens,Sigma opioid receptor,9606,,,IC50,nM,UO_0000065,,14200.0
,,774238,[],CHEMBL809885,Potency at the sigma binding site was determined in radioligand,B,,,BAO_0000190,BAO_0000357,single protein format,O=c1cc(C2CCCC2)oc2ccc(OCCCCCCN3CCCCC3)cc12,,,CHEMBL1125448,J Med Chem,1992.0,"{'bei': '19.08', 'le': '0.36', 'lle': '1.71', 'sei': '17.77'}",CHEMBL288466,,CHEMBL288466,7.58,0,http://www.openphacts.org/units/Nanomolar,60756,=,1,1,=,,IC50,nM,,26.0,CHEMBL287,Homo sapiens,Sigma opioid receptor,9606,,,IC50,nM,UO_0000065,,26.0
,,774239,[],CHEMBL809884,Potency at the sigma binding site was determined in radioligand,B,,,BAO_0000190,BAO_0000357,single protein format,O=c1cc(C2CCCC2)oc2ccc(OCCCCCCN3CCCCC3)cc12,,,CHEMBL1125448,J Med Chem,1992.0,"{'bei': '18.66', 'le': '0.35', 'lle': '1.54', 'sei': '17.39'}",CHEMBL288466,,CHEMBL288466,7.42,0,http://www.openphacts.org/units/Nanomolar,60756,=,1,1,=,,IC50,nM,,38.0,CHEMBL287,Homo sapiens,Sigma opioid receptor,9606,,,IC50,nM,UO_0000065,,38.0
,,774824,[],CHEMBL846480,Binding affinity against sigma receptor in bovine cerebellum using 2.0 nM [3H]haloperidol in the presence of 25 nM unlabeled spiperone,B,,,BAO_0000190,BAO_0000221,tissue-based format,O=C(CCN1CC=C(c2ccc(Cl)cc2)CC1)c1ccc(Br)cc1,,,CHEMBL1126928,J Med Chem,1993.0,"{'bei': '17.30', 'le': '0.40', 'lle': '1.54', 'sei': '34.47'}",CHEMBL127067,,CHEMBL127067,7.00,0,http://www.openphacts.org/units/Nanomolar,244057,=,1,1,=,,IC50,nM,,100.0,CHEMBL287,Homo sapiens,Sigma opioid receptor,9606,,,IC50,nM,UO_0000065,,100.0
,,775200,[],CHEMBL809885,Potency at the sigma binding site was determined in radioligand,B,,,BAO_0000190,BAO_0000357,single protein format,O=c1cc(-c2ccccc2)oc2cccc(OCCCCCN3CCC(O)CC3)c12,,,CHEMBL1125448,J Med Chem,1992.0,"{'bei': '17.83', 'le': '0.33', 'lle': '2.80', 'sei': '11.55'}",CHEMBL412429,,CHEMBL412429,7.27,0,http://www.openphacts.org/units/Nanomolar,60718,=,1,1,=,,IC50,nM,,54.0,CHEMBL287,Homo sapiens,Sigma opioid receptor,9606,,,IC50,nM,UO_0000065,,54.0
,,775201,[],CHEMBL809884,Potency at the sigma binding site was determined in radioligand,B,,,BAO_0000190,BAO_0000357,single protein format,O=c1cc(-c2ccccc2)oc2cccc(OCCCCCN3CCC(O)CC3)c12,,,CHEMBL1125448,J Med Chem,1992.0,"{'bei': '16.77', 'le': '0.31', 'lle': '2.36', 'sei': '10.86'}",CHEMBL412429,,CHEMBL412429,6.83,0,http://www.openphacts.org/units/Nanomolar,60718,=,1,1,=,,IC50,nM,,147.0,CHEMBL287,Homo sapiens,Sigma opioid receptor,9606,,,IC50,nM,UO_0000065,,147.0
,,775203,[],CHEMBL809885,Potency at the sigma binding site was determined in radioligand,B,,,BAO_0000190,BAO_0000357,single protein format,O=c1cc(-c2ccncc2)oc2ccc(OCCCCCCN3CCC(O)CC3)cc12,,,CHEMBL1125448,J Med Chem,1992.0,"{'bei': '16.09', 'le': '0.30', 'lle': '2.55', 'sei': '8.97'}",CHEMBL289924,,CHEMBL289924,6.80,0,http://www.openphacts.org/units/Nanomolar,60734,=,1,1,=,,IC50,nM,,159.0,CHEMBL287,Homo sapiens,Sigma opioid receptor,9606,,,IC50,nM,UO_0000065,,159.0
,,775204,[],CHEMBL809884,Potency at the sigma binding site was determined in radioligand,B,,,BAO_0000190,BAO_0000357,single protein format,O=c1cc(-c2ccncc2)oc2ccc(OCCCCCCN3CCC(O)CC3)cc12,,,CHEMBL1125448,J Med Chem,1992.0,"{'bei': '15.41', 'le': '0.29', 'lle': '2.26', 'sei': '8.59'}",CHEMBL289924,,CHEMBL289924,6.51,0,http://www.openphacts.org/units/Nanomolar,60734,=,1,1,=,,IC50,nM,,308.0,CHEMBL287,Homo sapiens,Sigma opioid receptor,9606,,,IC50,nM,UO_0000065,,308.0
,,775206,[],CHEMBL809885,Potency at the sigma binding site was determined in radioligand,B,,,BAO_0000190,BAO_0000357,single protein format,O=c1cc(C2CCC2)oc2ccc(OCCCCCCN3CCC(O)CC3)cc12,,,CHEMBL1125448,J Med Chem,1992.0,"{'bei': '18.06', 'le': '0.34', 'lle': '2.75', 'sei': '11.47'}",CHEMBL40115,,CHEMBL40115,7.21,0,http://www.openphacts.org/units/Nanomolar,60733,=,1,1,=,,IC50,nM,,61.0,CHEMBL287,Homo sapiens,Sigma opioid receptor,9606,,,IC50,nM,UO_0000065,,61.0
,,775207,[],CHEMBL809884,Potency at the sigma binding site was determined in radioligand,B,,,BAO_0000190,BAO_0000357,single protein format,O=c1cc(C2CCC2)oc2ccc(OCCCCCCN3CCC(O)CC3)cc12,,,CHEMBL1125448,J Med Chem,1992.0,"{'bei': '18.27', 'le': '0.34', 'lle': '2.84', 'sei': '11.61'}",CHEMBL40115,,CHEMBL40115,7.30,0,http://www.openphacts.org/units/Nanomolar,60733,=,1,1,=,,IC50,nM,,50.0,CHEMBL287,Homo sapiens,Sigma opioid receptor,9606,,,IC50,nM,UO_0000065,,50.0
,,775340,[],CHEMBL809885,Potency at the sigma binding site was determined in radioligand,B,,,BAO_0000190,BAO_0000357,single protein format,CN(C)CCCCCCOc1ccc2oc(-c3ccccc3)cc(=O)c2c1,,,CHEMBL1125448,J Med Chem,1992.0,"{'bei': '17.41', 'le': '0.32', 'lle': '1.40', 'sei': '14.91'}",CHEMBL38585,,CHEMBL38585,6.37,0,http://www.openphacts.org/units/Nanomolar,60751,=,1,1,=,,IC50,nM,,432.0,CHEMBL287,Homo sapiens,Sigma opioid receptor,9606,,,IC50,nM,UO_0000065,,432.0
,,775341,[],CHEMBL809884,Potency at the sigma binding site was determined in radioligand,B,,,BAO_0000190,BAO_0000357,single protein format,CN(C)CCCCCCOc1ccc2oc(-c3ccccc3)cc(=O)c2c1,,,CHEMBL1125448,J Med Chem,1992.0,"{'bei': '17.72', 'le': '0.33', 'lle': '1.51', 'sei': '15.17'}",CHEMBL38585,,CHEMBL38585,6.47,0,http://www.openphacts.org/units/Nanomolar,60751,=,1,1,=,,IC50,nM,,335.0,CHEMBL287,Homo sapiens,Sigma opioid receptor,9606,,,IC50,nM,UO_0000065,,335.0
,,775957,[],CHEMBL846480,Binding affinity against sigma receptor in bovine cerebellum using 2.0 nM [3H]haloperidol in the presence of 25 nM unlabeled spiperone,B,,,BAO_0000190,BAO_0000221,tissue-based format,O=C(CCN1CC=C(c2ccc(Cl)cc2)CC1)c1ccc(F)cc1,,,CHEMBL1126928,J Med Chem,1993.0,"{'bei': '18.33', 'le': '0.36', 'lle': '1.46', 'sei': '31.02'}",CHEMBL420344,,CHEMBL420344,6.30,0,http://www.openphacts.org/units/Nanomolar,244075,=,1,1,=,,IC50,nM,,500.0,CHEMBL287,Homo sapiens,Sigma opioid receptor,9606,,,IC50,nM,UO_0000065,,500.0
,,776304,[],CHEMBL809885,Potency at the sigma binding site was determined in radioligand,B,,,BAO_0000190,BAO_0000357,single protein format,O=c1cc(-c2ccc(Cl)cc2)oc2ccc(OCCCCCCN3CCC(O)CC3)cc12,,,CHEMBL1125448,J Med Chem,1992.0,"{'bei': '14.72', 'le': '0.29', 'lle': '1.20', 'sei': '10.67'}",CHEMBL39202,,CHEMBL39202,6.71,0,http://www.openphacts.org/units/Nanomolar,60738,=,1,1,=,,IC50,nM,,195.0,CHEMBL287,Homo sapiens,Sigma opioid receptor,9606,,,IC50,nM,UO_0000065,,195.0
,,776305,[],CHEMBL809884,Potency at the sigma binding site was determined in radioligand,B,,,BAO_0000190,BAO_0000357,single protein format,O=c1cc(-c2ccc(Cl)cc2)oc2ccc(OCCCCCCN3CCC(O)CC3)cc12,,,CHEMBL1125448,J Med Chem,1992.0,"{'bei': '14.88', 'le': '0.29', 'lle': '1.28', 'sei': '10.79'}",CHEMBL39202,,CHEMBL39202,6.79,0,http://www.openphacts.org/units/Nanomolar,60738,=,1,1,=,,IC50,nM,,164.0,CHEMBL287,Homo sapiens,Sigma opioid receptor,9606,,,IC50,nM,UO_0000065,,164.0
,,776412,[],CHEMBL809885,Potency at the sigma binding site was determined in radioligand,B,,,BAO_0000190,BAO_0000357,single protein format,O=c1cc(C2CCC2)oc2ccc(OCCCCCCN3CCCCC3)cc12,,,CHEMBL1125448,J Med Chem,1992.0,"{'bei': '19.01', 'le': '0.36', 'lle': '1.80', 'sei': '17.09'}",CHEMBL37256,,CHEMBL37256,7.29,0,http://www.openphacts.org/units/Nanomolar,60757,=,1,1,=,,IC50,nM,,51.0,CHEMBL287,Homo sapiens,Sigma opioid receptor,9606,,,IC50,nM,UO_0000065,,51.0
,,776413,[],CHEMBL809884,Potency at the sigma binding site was determined in radioligand,B,,,BAO_0000190,BAO_0000357,single protein format,O=c1cc(C2CCC2)oc2ccc(OCCCCCCN3CCCCC3)cc12,,,CHEMBL1125448,J Med Chem,1992.0,"{'bei': '19.47', 'le': '0.36', 'lle': '1.98', 'sei': '17.50'}",CHEMBL37256,,CHEMBL37256,7.47,0,http://www.openphacts.org/units/Nanomolar,60757,=,1,1,=,,IC50,nM,,34.0,CHEMBL287,Homo sapiens,Sigma opioid receptor,9606,,,IC50,nM,UO_0000065,,34.0
,,776415,[],CHEMBL809885,Potency at the sigma binding site was determined in radioligand,B,,,BAO_0000190,BAO_0000357,single protein format,O=c1cc(-c2ccccc2)oc2cc(OCCCCCCN3CCC(O)CC3)ccc12,,,CHEMBL1125448,J Med Chem,1992.0,"{'bei': '17.43', 'le': '0.32', 'lle': '2.49', 'sei': '11.68'}",CHEMBL39809,,CHEMBL39809,7.35,0,http://www.openphacts.org/units/Nanomolar,60782,=,1,1,=,,IC50,nM,,45.0,CHEMBL287,Homo sapiens,Sigma opioid receptor,9606,,,IC50,nM,UO_0000065,,45.0
,,776416,[],CHEMBL809884,Potency at the sigma binding site was determined in radioligand,B,,,BAO_0000190,BAO_0000357,single protein format,O=c1cc(-c2ccccc2)oc2cc(OCCCCCCN3CCC(O)CC3)ccc12,,,CHEMBL1125448,J Med Chem,1992.0,"{'bei': '16.97', 'le': '0.32', 'lle': '2.29', 'sei': '11.37'}",CHEMBL39809,,CHEMBL39809,7.16,0,http://www.openphacts.org/units/Nanomolar,60782,=,1,1,=,,IC50,nM,,70.0,CHEMBL287,Homo sapiens,Sigma opioid receptor,9606,,,IC50,nM,UO_0000065,,70.0
,,776418,[],CHEMBL809885,Potency at the sigma binding site was determined in radioligand,B,,,BAO_0000190,BAO_0000357,single protein format,CN(C)CCOc1ccc2c(=O)cc(-c3ccccc3)oc2c1,,,CHEMBL1125448,J Med Chem,1992.0,"{'bei': '20.10', 'le': '0.37', 'lle': '2.82', 'sei': '14.57'}",CHEMBL37088,,CHEMBL37088,6.22,0,http://www.openphacts.org/units/Nanomolar,60779,=,1,1,=,,IC50,nM,,605.0,CHEMBL287,Homo sapiens,Sigma opioid receptor,9606,,,IC50,nM,UO_0000065,,605.0
,,776419,[],CHEMBL809884,Potency at the sigma binding site was determined in radioligand,B,,,BAO_0000190,BAO_0000357,single protein format,CN(C)CCOc1ccc2c(=O)cc(-c3ccccc3)oc2c1,,,CHEMBL1125448,J Med Chem,1992.0,"{'bei': '20.82', 'le': '0.38', 'lle': '3.04', 'sei': '15.09'}",CHEMBL37088,,CHEMBL37088,6.44,0,http://www.openphacts.org/units/Nanomolar,60779,=,1,1,=,,IC50,nM,,362.0,CHEMBL287,Homo sapiens,Sigma opioid receptor,9606,,,IC50,nM,UO_0000065,,362.0
,,777295,[],CHEMBL809885,Potency at the sigma binding site was determined in radioligand,B,,,BAO_0000190,BAO_0000357,single protein format,CCOC(=O)C1CCN(CCCCCCOc2ccc3oc(-c4ccccc4)cc(=O)c3c2)CC1,,,CHEMBL1125448,J Med Chem,1992.0,"{'bei': '14.21', 'le': '0.26', 'lle': '1.12', 'sei': '9.84'}",CHEMBL38708,,CHEMBL38708,6.79,0,http://www.openphacts.org/units/Nanomolar,60742,=,1,1,=,,IC50,nM,,164.0,CHEMBL287,Homo sapiens,Sigma opioid receptor,9606,,,IC50,nM,UO_0000065,,164.0
,,777296,[],CHEMBL809884,Potency at the sigma binding site was determined in radioligand,B,,,BAO_0000190,BAO_0000357,single protein format,CCOC(=O)C1CCN(CCCCCCOc2ccc3oc(-c4ccccc4)cc(=O)c3c2)CC1,,,CHEMBL1125448,J Med Chem,1992.0,"{'bei': '14.64', 'le': '0.27', 'lle': '1.32', 'sei': '10.14'}",CHEMBL38708,,CHEMBL38708,6.99,0,http://www.openphacts.org/units/Nanomolar,60742,=,1,1,=,,IC50,nM,,102.0,CHEMBL287,Homo sapiens,Sigma opioid receptor,9606,,,IC50,nM,UO_0000065,,102.0
,,777298,[],CHEMBL809885,Potency at the sigma binding site was determined in radioligand,B,,,BAO_0000190,BAO_0000357,single protein format,COc1ccc(-c2cc(=O)c3cc(OCCCCCCN4CCC(O)CC4)ccc3o2)cc1,,,CHEMBL1125448,J Med Chem,1992.0,"{'bei': '14.61', 'le': '0.27', 'lle': '1.74', 'sei': '9.14'}",CHEMBL288148,,CHEMBL288148,6.59,0,http://www.openphacts.org/units/Nanomolar,60735,=,1,1,=,,IC50,nM,,254.0,CHEMBL287,Homo sapiens,Sigma opioid receptor,9606,,,IC50,nM,UO_0000065,,254.0
,,777299,[],CHEMBL809884,Potency at the sigma binding site was determined in radioligand,B,,,BAO_0000190,BAO_0000357,single protein format,COc1ccc(-c2cc(=O)c3cc(OCCCCCCN4CCC(O)CC4)ccc3o2)cc1,,,CHEMBL1125448,J Med Chem,1992.0,"{'bei': '14.35', 'le': '0.27', 'lle': '1.62', 'sei': '8.98'}",CHEMBL288148,,CHEMBL288148,6.48,0,http://www.openphacts.org/units/Nanomolar,60735,=,1,1,=,,IC50,nM,,332.0,CHEMBL287,Homo sapiens,Sigma opioid receptor,9606,,,IC50,nM,UO_0000065,,332.0
,,777301,[],CHEMBL809885,Potency at the sigma binding site was determined in radioligand,B,,,BAO_0000190,BAO_0000357,single protein format,Cc1c(-c2ccccc2)oc2ccc(OCCC/C=C/CN3CCC(O)CC3)cc2c1=O,,,CHEMBL1125448,J Med Chem,1992.0,"{'bei': '16.16', 'le': '0.30', 'lle': '2.06', 'sei': '11.13'}",CHEMBL440606,,CHEMBL440606,7.00,0,http://www.openphacts.org/units/Nanomolar,60730,=,1,1,=,,IC50,nM,,99.0,CHEMBL287,Homo sapiens,Sigma opioid receptor,9606,,,IC50,nM,UO_0000065,,99.0
,,777302,[],CHEMBL809884,Potency at the sigma binding site was determined in radioligand,B,,,BAO_0000190,BAO_0000357,single protein format,Cc1c(-c2ccccc2)oc2ccc(OCCC/C=C/CN3CCC(O)CC3)cc2c1=O,,,CHEMBL1125448,J Med Chem,1992.0,"{'bei': '15.91', 'le': '0.29', 'lle': '1.96', 'sei': '10.96'}",CHEMBL440606,,CHEMBL440606,6.90,0,http://www.openphacts.org/units/Nanomolar,60730,=,1,1,=,,IC50,nM,,127.0,CHEMBL287,Homo sapiens,Sigma opioid receptor,9606,,,IC50,nM,UO_0000065,,127.0
,,777454,[],CHEMBL809885,Potency at the sigma binding site was determined in radioligand,B,,,BAO_0000190,BAO_0000357,single protein format,O=c1cc(-c2ccccc2)oc2ccc(OCCCCCCN3CCCC3)cc12,,,CHEMBL1125448,J Med Chem,1992.0,"{'bei': '18.07', 'le': '0.33', 'lle': '1.58', 'sei': '16.58'}",CHEMBL40897,,CHEMBL40897,7.08,0,http://www.openphacts.org/units/Nanomolar,60766,=,1,1,=,,IC50,nM,,84.0,CHEMBL287,Homo sapiens,Sigma opioid receptor,9606,,,IC50,nM,UO_0000065,,84.0
,,777455,[],CHEMBL809884,Potency at the sigma binding site was determined in radioligand,B,,,BAO_0000190,BAO_0000357,single protein format,O=c1cc(-c2ccccc2)oc2ccc(OCCCCCCN3CCCC3)cc12,,,CHEMBL1125448,J Med Chem,1992.0,"{'bei': '18.02', 'le': '0.33', 'lle': '1.56', 'sei': '16.53'}",CHEMBL40897,,CHEMBL40897,7.06,0,http://www.openphacts.org/units/Nanomolar,60766,=,1,1,=,,IC50,nM,,88.0,CHEMBL287,Homo sapiens,Sigma opioid receptor,9606,,,IC50,nM,UO_0000065,,88.0
,,777457,[],CHEMBL809885,Potency at the sigma binding site was determined in radioligand,B,,,BAO_0000190,BAO_0000357,single protein format,O=c1cc(-c2ccncc2)oc2ccc(OCCCCCCN3CCCCC3)cc12,,,CHEMBL1125448,J Med Chem,1992.0,"{'bei': '17.65', 'le': '0.33', 'lle': '1.89', 'sei': '12.91'}",CHEMBL290612,,CHEMBL290612,7.17,0,http://www.openphacts.org/units/Nanomolar,60785,=,1,1,=,,IC50,nM,,67.0,CHEMBL287,Homo sapiens,Sigma opioid receptor,9606,,,IC50,nM,UO_0000065,,67.0
,,777458,[],CHEMBL809884,Potency at the sigma binding site was determined in radioligand,B,,,BAO_0000190,BAO_0000357,single protein format,O=c1cc(-c2ccncc2)oc2ccc(OCCCCCCN3CCCCC3)cc12,,,CHEMBL1125448,J Med Chem,1992.0,"{'bei': '17.31', 'le': '0.32', 'lle': '1.76', 'sei': '12.66'}",CHEMBL290612,,CHEMBL290612,7.04,0,http://www.openphacts.org/units/Nanomolar,60785,=,1,1,=,,IC50,nM,,92.0,CHEMBL287,Homo sapiens,Sigma opioid receptor,9606,,,IC50,nM,UO_0000065,,92.0
,,779556,[],CHEMBL809885,Potency at the sigma binding site was determined in radioligand,B,,,BAO_0000190,BAO_0000357,single protein format,O=c1cc(-c2ccccc2)oc2cccc(OCCCCN3CCC(O)CC3)c12,,,CHEMBL1125448,J Med Chem,1992.0,"{'bei': '18.39', 'le': '0.34', 'lle': '3.16', 'sei': '11.50'}",CHEMBL40016,,CHEMBL40016,7.24,0,http://www.openphacts.org/units/Nanomolar,60713,=,1,1,=,,IC50,nM,,58.0,CHEMBL287,Homo sapiens,Sigma opioid receptor,9606,,,IC50,nM,UO_0000065,,58.0
,,779557,[],CHEMBL809884,Potency at the sigma binding site was determined in radioligand,B,,,BAO_0000190,BAO_0000357,single protein format,O=c1cc(-c2ccccc2)oc2cccc(OCCCCN3CCC(O)CC3)c12,,,CHEMBL1125448,J Med Chem,1992.0,"{'bei': '17.16', 'le': '0.32', 'lle': '2.67', 'sei': '10.73'}",CHEMBL40016,,CHEMBL40016,6.75,0,http://www.openphacts.org/units/Nanomolar,60713,=,1,1,=,,IC50,nM,,177.0,CHEMBL287,Homo sapiens,Sigma opioid receptor,9606,,,IC50,nM,UO_0000065,,177.0
,,779559,[],CHEMBL809885,Potency at the sigma binding site was determined in radioligand,B,,,BAO_0000190,BAO_0000357,single protein format,O=c1cc(-c2ccccc2)oc2ccc(OCCCCCCN3CC=C(c4ccc(Cl)cc4)CC3)cc12,,,CHEMBL1125448,J Med Chem,1992.0,"{'bei': '14.22', 'le': '0.27', 'lle': '-0.53', 'sei': '17.13'}",CHEMBL39001,,CHEMBL39001,7.31,0,http://www.openphacts.org/units/Nanomolar,60726,=,1,1,=,,IC50,nM,,49.0,CHEMBL287,Homo sapiens,Sigma opioid receptor,9606,,,IC50,nM,UO_0000065,,49.0
,,779560,[],CHEMBL809884,Potency at the sigma binding site was determined in radioligand,B,,,BAO_0000190,BAO_0000357,single protein format,O=c1cc(-c2ccccc2)oc2ccc(OCCCCCCN3CC=C(c4ccc(Cl)cc4)CC3)cc12,,,CHEMBL1125448,J Med Chem,1992.0,"{'bei': '14.22', 'le': '0.27', 'lle': '-0.53', 'sei': '17.13'}",CHEMBL39001,,CHEMBL39001,7.31,0,http://www.openphacts.org/units/Nanomolar,60726,=,1,1,=,,IC50,nM,,49.0,CHEMBL287,Homo sapiens,Sigma opioid receptor,9606,,,IC50,nM,UO_0000065,,49.0
,,780395,[],CHEMBL846480,Binding affinity against sigma receptor in bovine cerebellum using 2.0 nM [3H]haloperidol in the presence of 25 nM unlabeled spiperone,B,,,BAO_0000190,BAO_0000221,tissue-based format,O=C(CCN1CC=C(c2ccccc2)CC1)c1ccccc1,,,CHEMBL1126928,J Med Chem,1993.0,"{'bei': '27.79', 'le': '0.50', 'lle': '4.05', 'sei': '39.87'}",CHEMBL130357,,CHEMBL130357,8.10,0,http://www.openphacts.org/units/Nanomolar,244054,=,1,1,=,,IC50,nM,,8.0,CHEMBL287,Homo sapiens,Sigma opioid receptor,9606,,,IC50,nM,UO_0000065,,8.0
,,780816,[],CHEMBL809885,Potency at the sigma binding site was determined in radioligand,B,,,BAO_0000190,BAO_0000357,single protein format,COc1cccc(-c2cc(=O)c3cc(OCCCCCCN4CCC(O)CC4)ccc3o2)c1,,,CHEMBL1125448,J Med Chem,1992.0,"{'bei': '15.77', 'le': '0.29', 'lle': '2.26', 'sei': '9.87'}",CHEMBL39233,,CHEMBL39233,7.12,0,http://www.openphacts.org/units/Nanomolar,60740,=,1,1,=,,IC50,nM,,76.0,CHEMBL287,Homo sapiens,Sigma opioid receptor,9606,,,IC50,nM,UO_0000065,,76.0
,,780817,[],CHEMBL809884,Potency at the sigma binding site was determined in radioligand,B,,,BAO_0000190,BAO_0000357,single protein format,COc1cccc(-c2cc(=O)c3cc(OCCCCCCN4CCC(O)CC4)ccc3o2)c1,,,CHEMBL1125448,J Med Chem,1992.0,"{'bei': '15.40', 'le': '0.29', 'lle': '2.09', 'sei': '9.64'}",CHEMBL39233,,CHEMBL39233,6.96,0,http://www.openphacts.org/units/Nanomolar,60740,=,1,1,=,,IC50,nM,,111.0,CHEMBL287,Homo sapiens,Sigma opioid receptor,9606,,,IC50,nM,UO_0000065,,111.0
,,780819,[],CHEMBL809885,Potency at the sigma binding site was determined in radioligand,B,,,BAO_0000190,BAO_0000357,single protein format,O=c1cc(C2CCCCC2)oc2ccc(OCCCCCN3CCC(O)CC3)cc12,,,CHEMBL1125448,J Med Chem,1992.0,"{'bei': '16.11', 'le': '0.30', 'lle': '1.81', 'sei': '10.59'}",CHEMBL37149,,CHEMBL37149,6.66,0,http://www.openphacts.org/units/Nanomolar,60731,=,1,1,=,,IC50,nM,,217.0,CHEMBL287,Homo sapiens,Sigma opioid receptor,9606,,,IC50,nM,UO_0000065,,217.0
,,780820,[],CHEMBL809884,Potency at the sigma binding site was determined in radioligand,B,,,BAO_0000190,BAO_0000357,single protein format,O=c1cc(C2CCCCC2)oc2ccc(OCCCCCN3CCC(O)CC3)cc12,,,CHEMBL1125448,J Med Chem,1992.0,"{'bei': '16.25', 'le': '0.31', 'lle': '1.87', 'sei': '10.68'}",CHEMBL37149,,CHEMBL37149,6.72,0,http://www.openphacts.org/units/Nanomolar,60731,=,1,1,=,,IC50,nM,,190.0,CHEMBL287,Homo sapiens,Sigma opioid receptor,9606,,,IC50,nM,UO_0000065,,190.0
,,781511,[],CHEMBL846480,Binding affinity against sigma receptor in bovine cerebellum using 2.0 nM [3H]haloperidol in the presence of 25 nM unlabeled spiperone,B,,,BAO_0000190,BAO_0000221,tissue-based format,CCCN(CCC)CCC(=O)c1ccccc1,,,CHEMBL1126928,J Med Chem,1993.0,"{'bei': '25.30', 'le': '0.47', 'lle': '2.52', 'sei': '29.06'}",CHEMBL126738,,CHEMBL126738,5.90,0,http://www.openphacts.org/units/Nanomolar,244061,=,1,1,=,,IC50,nM,,1250.0,CHEMBL287,Homo sapiens,Sigma opioid receptor,9606,,,IC50,nM,UO_0000065,,1250.0
,,781937,[],CHEMBL809885,Potency at the sigma binding site was determined in radioligand,B,,,BAO_0000190,BAO_0000357,single protein format,CCOC(=O)C1CCCN(CCCCCCOc2ccc3oc(-c4ccccc4)cc(=O)c3c2)C1,,,CHEMBL1125448,J Med Chem,1992.0,"{'bei': '14.26', 'le': '0.27', 'lle': '1.14', 'sei': '9.87'}",CHEMBL38896,,CHEMBL38896,6.81,0,http://www.openphacts.org/units/Nanomolar,60743,=,1,1,=,,IC50,nM,,155.0,CHEMBL287,Homo sapiens,Sigma opioid receptor,9606,,,IC50,nM,UO_0000065,,155.0
,,781938,[],CHEMBL809884,Potency at the sigma binding site was determined in radioligand,B,,,BAO_0000190,BAO_0000357,single protein format,CCOC(=O)C1CCCN(CCCCCCOc2ccc3oc(-c4ccccc4)cc(=O)c3c2)C1,,,CHEMBL1125448,J Med Chem,1992.0,"{'bei': '14.31', 'le': '0.27', 'lle': '1.17', 'sei': '9.91'}",CHEMBL38896,,CHEMBL38896,6.84,0,http://www.openphacts.org/units/Nanomolar,60743,=,1,1,=,,IC50,nM,,146.0,CHEMBL287,Homo sapiens,Sigma opioid receptor,9606,,,IC50,nM,UO_0000065,,146.0
,,782930,[],CHEMBL809885,Potency at the sigma binding site was determined in radioligand,B,,,BAO_0000190,BAO_0000357,single protein format,O=c1cc(-c2cccc(F)c2)oc2ccc(OCCCCCCN3CCC(O)CC3)cc12,,,CHEMBL1125448,J Med Chem,1992.0,"{'bei': '15.67', 'le': '0.29', 'lle': '1.89', 'sei': '10.95'}",CHEMBL38460,,CHEMBL38460,6.89,0,http://www.openphacts.org/units/Nanomolar,60720,=,1,1,=,,IC50,nM,,129.0,CHEMBL287,Homo sapiens,Sigma opioid receptor,9606,,,IC50,nM,UO_0000065,,129.0
,,782931,[],CHEMBL809884,Potency at the sigma binding site was determined in radioligand,B,,,BAO_0000190,BAO_0000357,single protein format,O=c1cc(-c2cccc(F)c2)oc2ccc(OCCCCCCN3CCC(O)CC3)cc12,,,CHEMBL1125448,J Med Chem,1992.0,"{'bei': '14.99', 'le': '0.28', 'lle': '1.59', 'sei': '10.47'}",CHEMBL38460,,CHEMBL38460,6.59,0,http://www.openphacts.org/units/Nanomolar,60720,=,1,1,=,,IC50,nM,,259.0,CHEMBL287,Homo sapiens,Sigma opioid receptor,9606,,,IC50,nM,UO_0000065,,259.0
,,782933,[],CHEMBL809885,Potency at the sigma binding site was determined in radioligand,B,,,BAO_0000190,BAO_0000357,single protein format,NCCCCCCOc1ccc2oc(-c3ccccc3)cc(=O)c2c1,,,CHEMBL1125448,J Med Chem,1992.0,"{'bei': '16.83', 'le': '0.31', 'lle': '1.32', 'sei': '8.67'}",CHEMBL36675,,CHEMBL36675,5.68,0,http://www.openphacts.org/units/Nanomolar,60729,=,1,1,=,,IC50,nM,,2100.0,CHEMBL287,Homo sapiens,Sigma opioid receptor,9606,,,IC50,nM,UO_0000065,,2100.0
,,782934,[],CHEMBL809884,Potency at the sigma binding site was determined in radioligand,B,,,BAO_0000190,BAO_0000357,single protein format,NCCCCCCOc1ccc2oc(-c3ccccc3)cc(=O)c2c1,,,CHEMBL1125448,J Med Chem,1992.0,"{'bei': '16.10', 'le': '0.30', 'lle': '1.07', 'sei': '8.30'}",CHEMBL36675,,CHEMBL36675,5.43,0,http://www.openphacts.org/units/Nanomolar,60729,=,1,1,=,,IC50,nM,,3700.0,CHEMBL287,Homo sapiens,Sigma opioid receptor,9606,,,IC50,nM,UO_0000065,,3700.0
,,784045,[],CHEMBL809885,Potency at the sigma binding site was determined in radioligand,B,,,BAO_0000190,BAO_0000357,single protein format,Cc1c(-c2ccccc2)oc2ccc(OCCCCCCN3CCC(O)CC3)cc2c1=O,,,CHEMBL1125448,J Med Chem,1992.0,"{'bei': '17.09', 'le': '0.32', 'lle': '2.28', 'sei': '11.83'}",CHEMBL38862,,CHEMBL38862,7.44,0,http://www.openphacts.org/units/Nanomolar,60724,=,1,1,=,,IC50,nM,,36.0,CHEMBL287,Homo sapiens,Sigma opioid receptor,9606,,,IC50,nM,UO_0000065,,36.0
,,784046,[],CHEMBL809884,Potency at the sigma binding site was determined in radioligand,B,,,BAO_0000190,BAO_0000357,single protein format,Cc1c(-c2ccccc2)oc2ccc(OCCCCCCN3CCC(O)CC3)cc2c1=O,,,CHEMBL1125448,J Med Chem,1992.0,"{'bei': '16.91', 'le': '0.31', 'lle': '2.21', 'sei': '11.71'}",CHEMBL38862,,CHEMBL38862,7.37,0,http://www.openphacts.org/units/Nanomolar,60724,=,1,1,=,,IC50,nM,,43.0,CHEMBL287,Homo sapiens,Sigma opioid receptor,9606,,,IC50,nM,UO_0000065,,43.0
,,784252,[],CHEMBL809885,Potency at the sigma binding site was determined in radioligand,B,,,BAO_0000190,BAO_0000357,single protein format,O=c1cc(C2CCCCC2)oc2ccc(OCCCCCCN3CCC(O)CC3)cc12,,,CHEMBL1125448,J Med Chem,1992.0,"{'bei': '16.50', 'le': '0.31', 'lle': '1.82', 'sei': '11.22'}",CHEMBL39583,,CHEMBL39583,7.06,0,http://www.openphacts.org/units/Nanomolar,60761,=,1,1,=,,IC50,nM,,88.0,CHEMBL287,Homo sapiens,Sigma opioid receptor,9606,,,IC50,nM,UO_0000065,,88.0
,,784253,[],CHEMBL809884,Potency at the sigma binding site was determined in radioligand,B,,,BAO_0000190,BAO_0000357,single protein format,O=c1cc(C2CCCCC2)oc2ccc(OCCCCCCN3CCC(O)CC3)cc12,,,CHEMBL1125448,J Med Chem,1992.0,"{'bei': '17.16', 'le': '0.32', 'lle': '2.10', 'sei': '11.66'}",CHEMBL39583,,CHEMBL39583,7.34,0,http://www.openphacts.org/units/Nanomolar,60761,=,1,1,=,,IC50,nM,,46.0,CHEMBL287,Homo sapiens,Sigma opioid receptor,9606,,,IC50,nM,UO_0000065,,46.0
,,784794,[],CHEMBL846480,Binding affinity against sigma receptor in bovine cerebellum using 2.0 nM [3H]haloperidol in the presence of 25 nM unlabeled spiperone,B,,,BAO_0000190,BAO_0000221,tissue-based format,O=C(CCN1CC=C(c2ccc(Cl)cc2)CC1)c1ccccc1,,,CHEMBL1126928,J Med Chem,1993.0,"{'bei': '28.54', 'le': '0.55', 'lle': '4.60', 'sei': '45.80'}",CHEMBL129452,,CHEMBL129452,9.30,0,http://www.openphacts.org/units/Nanomolar,244056,=,1,1,=,,IC50,nM,,0.5,CHEMBL287,Homo sapiens,Sigma opioid receptor,9606,,,IC50,nM,UO_0000065,,0.5
,,785180,[],CHEMBL809885,Potency at the sigma binding site was determined in radioligand,B,,,BAO_0000190,BAO_0000357,single protein format,O=c1cc(-c2ccccc2)oc2ccc(OCCCCCCN3CCC(O)(c4ccc(Cl)cc4)CC3)cc12,,,CHEMBL1125448,J Med Chem,1992.0,"{'bei': '13.09', 'le': '0.25', 'lle': '-0.08', 'sei': '11.07'}",CHEMBL289896,,CHEMBL289896,6.96,0,http://www.openphacts.org/units/Nanomolar,60728,=,1,1,=,,IC50,nM,,109.0,CHEMBL287,Homo sapiens,Sigma opioid receptor,9606,,,IC50,nM,UO_0000065,,109.0
,,785181,[],CHEMBL809884,Potency at the sigma binding site was determined in radioligand,B,,,BAO_0000190,BAO_0000357,single protein format,O=c1cc(-c2ccccc2)oc2ccc(OCCCCCCN3CCC(O)(c4ccc(Cl)cc4)CC3)cc12,,,CHEMBL1125448,J Med Chem,1992.0,"{'bei': '13.67', 'le': '0.26', 'lle': '0.24', 'sei': '11.57'}",CHEMBL289896,,CHEMBL289896,7.28,0,http://www.openphacts.org/units/Nanomolar,60728,=,1,1,=,,IC50,nM,,53.0,CHEMBL287,Homo sapiens,Sigma opioid receptor,9606,,,IC50,nM,UO_0000065,,53.0
,,786031,[],CHEMBL846480,Binding affinity against sigma receptor in bovine cerebellum using 2.0 nM [3H]haloperidol in the presence of 25 nM unlabeled spiperone,B,,,BAO_0000190,BAO_0000221,tissue-based format,O=C(CCN1CC=C(c2ccc(Cl)cc2)CC1)c1ccccc1F,,,CHEMBL1126928,J Med Chem,1993.0,"{'bei': '18.61', 'le': '0.36', 'lle': '1.56', 'sei': '31.50'}",CHEMBL435211,,CHEMBL435211,6.40,0,http://www.openphacts.org/units/Nanomolar,244072,=,1,1,=,,IC50,nM,,400.0,CHEMBL287,Homo sapiens,Sigma opioid receptor,9606,,,IC50,nM,UO_0000065,,400.0
,,786033,[],CHEMBL846480,Binding affinity against sigma receptor in bovine cerebellum using 2.0 nM [3H]haloperidol in the presence of 25 nM unlabeled spiperone,B,,,BAO_0000190,BAO_0000221,tissue-based format,O=C(CCN1CC=C(c2ccc(Cl)cc2)CC1)c1ccc(Cl)c(Cl)c1,,,CHEMBL1126928,J Med Chem,1993.0,"{'bei': '17.23', 'le': '0.37', 'lle': '0.79', 'sei': '33.49'}",CHEMBL340541,,CHEMBL340541,6.80,0,http://www.openphacts.org/units/Nanomolar,244070,=,1,1,=,,IC50,nM,,158.0,CHEMBL287,Homo sapiens,Sigma opioid receptor,9606,,,IC50,nM,UO_0000065,,158.0
,,786444,[],CHEMBL809885,Potency at the sigma binding site was determined in radioligand,B,,,BAO_0000190,BAO_0000357,single protein format,CCN(CC)CCCCCCOc1ccc2oc(-c3ccccc3)cc(=O)c2c1,,,CHEMBL1125448,J Med Chem,1992.0,"{'bei': '17.89', 'le': '0.33', 'lle': '1.30', 'sei': '16.50'}",CHEMBL38323,,CHEMBL38323,7.04,0,http://www.openphacts.org/units/Nanomolar,60749,=,1,1,=,,IC50,nM,,91.0,CHEMBL287,Homo sapiens,Sigma opioid receptor,9606,,,IC50,nM,UO_0000065,,91.0
,,786445,[],CHEMBL809884,Potency at the sigma binding site was determined in radioligand,B,,,BAO_0000190,BAO_0000357,single protein format,CCN(CC)CCCCCCOc1ccc2oc(-c3ccccc3)cc(=O)c2c1,,,CHEMBL1125448,J Med Chem,1992.0,"{'bei': '17.79', 'le': '0.33', 'lle': '1.26', 'sei': '16.40'}",CHEMBL38323,,CHEMBL38323,7.00,0,http://www.openphacts.org/units/Nanomolar,60749,=,1,1,=,,IC50,nM,,100.0,CHEMBL287,Homo sapiens,Sigma opioid receptor,9606,,,IC50,nM,UO_0000065,,100.0
,,786447,[],CHEMBL809885,Potency at the sigma binding site was determined in radioligand,B,,,BAO_0000190,BAO_0000357,single protein format,O=c1cc(-c2ccccc2)oc2ccc(OCCCCCCN3CCN(c4ccc(Cl)cc4)CC3)cc12,,,CHEMBL1125448,J Med Chem,1992.0,"{'bei': '13.73', 'le': '0.26', 'lle': '0.23', 'sei': '15.45'}",CHEMBL38547,,CHEMBL38547,7.10,0,http://www.openphacts.org/units/Nanomolar,60745,=,1,1,=,,IC50,nM,,80.0,CHEMBL287,Homo sapiens,Sigma opioid receptor,9606,,,IC50,nM,UO_0000065,,80.0
,,786448,[],CHEMBL809884,Potency at the sigma binding site was determined in radioligand,B,,,BAO_0000190,BAO_0000357,single protein format,O=c1cc(-c2ccccc2)oc2ccc(OCCCCCCN3CCN(c4ccc(Cl)cc4)CC3)cc12,,,CHEMBL1125448,J Med Chem,1992.0,"{'bei': '13.60', 'le': '0.26', 'lle': '0.16', 'sei': '15.31'}",CHEMBL38547,,CHEMBL38547,7.03,0,http://www.openphacts.org/units/Nanomolar,60745,=,1,1,=,,IC50,nM,,93.0,CHEMBL287,Homo sapiens,Sigma opioid receptor,9606,,,IC50,nM,UO_0000065,,93.0
,,786586,[],CHEMBL809885,Potency at the sigma binding site was determined in radioligand,B,,,BAO_0000190,BAO_0000357,single protein format,CC1CCN(CCCCCCOc2ccc3oc(-c4ccccc4)cc(=O)c3c2)CC1,,,CHEMBL1125448,J Med Chem,1992.0,"{'bei': '18.12', 'le': '0.33', 'lle': '1.47', 'sei': '17.81'}",CHEMBL289702,,CHEMBL289702,7.60,0,http://www.openphacts.org/units/Nanomolar,60764,=,1,1,=,,IC50,nM,,25.0,CHEMBL287,Homo sapiens,Sigma opioid receptor,9606,,,IC50,nM,UO_0000065,,25.0
,,786587,[],CHEMBL809884,Potency at the sigma binding site was determined in radioligand,B,,,BAO_0000190,BAO_0000357,single protein format,CC1CCN(CCCCCCOc2ccc3oc(-c4ccccc4)cc(=O)c3c2)CC1,,,CHEMBL1125448,J Med Chem,1992.0,"{'bei': '18.21', 'le': '0.34', 'lle': '1.51', 'sei': '17.90'}",CHEMBL289702,,CHEMBL289702,7.64,0,http://www.openphacts.org/units/Nanomolar,60764,=,1,1,=,,IC50,nM,,23.0,CHEMBL287,Homo sapiens,Sigma opioid receptor,9606,,,IC50,nM,UO_0000065,,23.0
,,787157,[],CHEMBL803751,Binding affinity against sigma receptor in bovine cerebellum using 2.0 nM [3H]haloperidol in the presence of 25 nM unlabeled spiperone,B,,,BAO_0000190,BAO_0000221,tissue-based format,O=C(CCN1CC=C(c2ccc(Cl)cc2)CC1)c1ccccc1Cl,,,CHEMBL1126928,J Med Chem,1993.0,"{'bei': '19.37', 'le': '0.40', 'lle': '1.62', 'sei': '34.36'}",CHEMBL129695,,CHEMBL129695,6.98,0,http://www.openphacts.org/units/Nanomolar,244069,=,1,1,=,,IC50,nM,,105.0,CHEMBL287,Homo sapiens,Sigma opioid receptor,9606,,,IC50,nM,UO_0000065,,105.0
,,787498,[],CHEMBL809885,Potency at the sigma binding site was determined in radioligand,B,,,BAO_0000190,BAO_0000357,single protein format,O=c1cc(-c2ccccc2)oc2cccc(OCCCN3CCC(O)CC3)c12,,,CHEMBL1125448,J Med Chem,1992.0,"{'bei': '18.19', 'le': '0.34', 'lle': '3.21', 'sei': '10.97'}",CHEMBL38665,,CHEMBL38665,6.90,0,http://www.openphacts.org/units/Nanomolar,60712,=,1,1,=,,IC50,nM,,125.0,CHEMBL287,Homo sapiens,Sigma opioid receptor,9606,,,IC50,nM,UO_0000065,,125.0
,,787499,[],CHEMBL809884,Potency at the sigma binding site was determined in radioligand,B,,,BAO_0000190,BAO_0000357,single protein format,O=c1cc(-c2ccccc2)oc2cccc(OCCCN3CCC(O)CC3)c12,,,CHEMBL1125448,J Med Chem,1992.0,"{'bei': '18.56', 'le': '0.34', 'lle': '3.35', 'sei': '11.19'}",CHEMBL38665,,CHEMBL38665,7.04,0,http://www.openphacts.org/units/Nanomolar,60712,=,1,1,=,,IC50,nM,,91.0,CHEMBL287,Homo sapiens,Sigma opioid receptor,9606,,,IC50,nM,UO_0000065,,91.0
,,787501,[],CHEMBL809885,Potency at the sigma binding site was determined in radioligand,B,,,BAO_0000190,BAO_0000357,single protein format,O=c1cc(C2CCCC2)oc2ccc(OCCCCCCN3CCC(O)CC3)cc12,,,CHEMBL1125448,J Med Chem,1992.0,"{'bei': '17.63', 'le': '0.33', 'lle': '2.44', 'sei': '11.59'}",CHEMBL37150,,CHEMBL37150,7.29,0,http://www.openphacts.org/units/Nanomolar,60732,=,1,1,=,,IC50,nM,,51.0,CHEMBL287,Homo sapiens,Sigma opioid receptor,9606,,,IC50,nM,UO_0000065,,51.0
,,787502,[],CHEMBL809884,Potency at the sigma binding site was determined in radioligand,B,,,BAO_0000190,BAO_0000357,single protein format,O=c1cc(C2CCCC2)oc2ccc(OCCCCCCN3CCC(O)CC3)cc12,,,CHEMBL1125448,J Med Chem,1992.0,"{'bei': '17.55', 'le': '0.33', 'lle': '2.41', 'sei': '11.54'}",CHEMBL37150,,CHEMBL37150,7.26,0,http://www.openphacts.org/units/Nanomolar,60732,=,1,1,=,,IC50,nM,,55.0,CHEMBL287,Homo sapiens,Sigma opioid receptor,9606,,,IC50,nM,UO_0000065,,55.0
,,788235,[],CHEMBL846480,Binding affinity against sigma receptor in bovine cerebellum using 2.0 nM [3H]haloperidol in the presence of 25 nM unlabeled spiperone,B,,,BAO_0000190,BAO_0000221,tissue-based format,CN(C)CCC(=O)c1ccccc1,,,CHEMBL1126928,J Med Chem,1993.0,,CHEMBL50115,,CHEMBL50115,,0,http://www.openphacts.org/units/Nanomolar,244059,>,1,1,>,,IC50,nM,,5000.0,CHEMBL287,Homo sapiens,Sigma opioid receptor,9606,,,IC50,nM,UO_0000065,,5000.0
,,788566,[],CHEMBL809885,Potency at the sigma binding site was determined in radioligand,B,,,BAO_0000190,BAO_0000357,single protein format,O=c1cc(-c2ccccc2)oc2ccc(OCCCCCCN3CCNC(CCO)C3)cc12,,,CHEMBL1125448,J Med Chem,1992.0,"{'bei': '15.98', 'le': '0.30', 'lle': '3.14', 'sei': '9.61'}",CHEMBL291132,,CHEMBL291132,7.20,0,http://www.openphacts.org/units/Nanomolar,60747,=,1,1,=,,IC50,nM,,63.0,CHEMBL287,Homo sapiens,Sigma opioid receptor,9606,,,IC50,nM,UO_0000065,,63.0
,,788567,[],CHEMBL809884,Potency at the sigma binding site was determined in radioligand,B,,,BAO_0000190,BAO_0000357,single protein format,O=c1cc(-c2ccccc2)oc2ccc(OCCCCCCN3CCNC(CCO)C3)cc12,,,CHEMBL1125448,J Med Chem,1992.0,"{'bei': '15.60', 'le': '0.29', 'lle': '2.97', 'sei': '9.38'}",CHEMBL291132,,CHEMBL291132,7.03,0,http://www.openphacts.org/units/Nanomolar,60747,=,1,1,=,,IC50,nM,,94.0,CHEMBL287,Homo sapiens,Sigma opioid receptor,9606,,,IC50,nM,UO_0000065,,94.0
,,788569,[],CHEMBL809885,Potency at the sigma binding site was determined in radioligand,B,,,BAO_0000190,BAO_0000357,single protein format,COc1cccc(-c2cc(=O)c3cc(OCCCCCN4CCC(O)CC4)ccc3o2)c1,,,CHEMBL1125448,J Med Chem,1992.0,"{'bei': '14.84', 'le': '0.28', 'lle': '2.02', 'sei': '9.00'}",CHEMBL37410,,CHEMBL37410,6.50,0,http://www.openphacts.org/units/Nanomolar,60741,=,1,1,=,,IC50,nM,,320.0,CHEMBL287,Homo sapiens,Sigma opioid receptor,9606,,,IC50,nM,UO_0000065,,320.0
,,788570,[],CHEMBL809884,Potency at the sigma binding site was determined in radioligand,B,,,BAO_0000190,BAO_0000357,single protein format,COc1cccc(-c2cc(=O)c3cc(OCCCCCN4CCC(O)CC4)ccc3o2)c1,,,CHEMBL1125448,J Med Chem,1992.0,"{'bei': '14.82', 'le': '0.28', 'lle': '2.02', 'sei': '8.99'}",CHEMBL37410,,CHEMBL37410,6.49,0,http://www.openphacts.org/units/Nanomolar,60741,=,1,1,=,,IC50,nM,,327.0,CHEMBL287,Homo sapiens,Sigma opioid receptor,9606,,,IC50,nM,UO_0000065,,327.0
,,788572,[],CHEMBL809885,Potency at the sigma binding site was determined in radioligand,B,,,BAO_0000190,BAO_0000357,single protein format,O=c1cc(-c2cccnc2)oc2ccc(OCCCCCCN3CCC(O)CC3)cc12,,,CHEMBL1125448,J Med Chem,1992.0,"{'bei': '15.89', 'le': '0.30', 'lle': '2.46', 'sei': '8.86'}",CHEMBL39203,,CHEMBL39203,6.71,0,http://www.openphacts.org/units/Nanomolar,60739,=,1,1,=,,IC50,nM,,194.0,CHEMBL287,Homo sapiens,Sigma opioid receptor,9606,,,IC50,nM,UO_0000065,,194.0
,,788573,[],CHEMBL809884,Potency at the sigma binding site was determined in radioligand,B,,,BAO_0000190,BAO_0000357,single protein format,O=c1cc(-c2cccnc2)oc2ccc(OCCCCCCN3CCC(O)CC3)cc12,,,CHEMBL1125448,J Med Chem,1992.0,"{'bei': '15.80', 'le': '0.29', 'lle': '2.43', 'sei': '8.81'}",CHEMBL39203,,CHEMBL39203,6.68,0,http://www.openphacts.org/units/Nanomolar,60739,=,1,1,=,,IC50,nM,,210.0,CHEMBL287,Homo sapiens,Sigma opioid receptor,9606,,,IC50,nM,UO_0000065,,210.0
,,788649,[],CHEMBL809885,Potency at the sigma binding site was determined in radioligand,B,,,BAO_0000190,BAO_0000357,single protein format,O=c1cc(-c2ccccc2)oc2cccc(OCCCCCCCN3CCC(O)CC3)c12,,,CHEMBL1125448,J Med Chem,1992.0,"{'bei': '17.09', 'le': '0.32', 'lle': '2.19', 'sei': '11.83'}",CHEMBL38294,,CHEMBL38294,7.44,0,http://www.openphacts.org/units/Nanomolar,60750,=,1,1,=,,IC50,nM,,36.0,CHEMBL287,Homo sapiens,Sigma opioid receptor,9606,,,IC50,nM,UO_0000065,,36.0
,,788650,[],CHEMBL809884,Potency at the sigma binding site was determined in radioligand,B,,,BAO_0000190,BAO_0000357,single protein format,O=c1cc(-c2ccccc2)oc2cccc(OCCCCCCCN3CCC(O)CC3)c12,,,CHEMBL1125448,J Med Chem,1992.0,"{'bei': '16.50', 'le': '0.31', 'lle': '1.94', 'sei': '11.42'}",CHEMBL38294,,CHEMBL38294,7.19,0,http://www.openphacts.org/units/Nanomolar,60750,=,1,1,=,,IC50,nM,,65.0,CHEMBL287,Homo sapiens,Sigma opioid receptor,9606,,,IC50,nM,UO_0000065,,65.0
,,788652,[],CHEMBL809885,Potency at the sigma binding site was determined in radioligand,B,,,BAO_0000190,BAO_0000357,single protein format,CN(C)CCCCOc1ccc2oc(-c3ccccc3)cc(=O)c2c1,,,CHEMBL1125448,J Med Chem,1992.0,"{'bei': '18.20', 'le': '0.34', 'lle': '1.96', 'sei': '14.39'}",CHEMBL287894,,CHEMBL287894,6.14,0,http://www.openphacts.org/units/Nanomolar,60788,=,1,1,=,,IC50,nM,,720.0,CHEMBL287,Homo sapiens,Sigma opioid receptor,9606,,,IC50,nM,UO_0000065,,720.0
,,788653,[],CHEMBL809884,Potency at the sigma binding site was determined in radioligand,B,,,BAO_0000190,BAO_0000357,single protein format,CN(C)CCCCOc1ccc2oc(-c3ccccc3)cc(=O)c2c1,,,CHEMBL1125448,J Med Chem,1992.0,"{'bei': '18.96', 'le': '0.35', 'lle': '2.22', 'sei': '14.99'}",CHEMBL287894,,CHEMBL287894,6.40,0,http://www.openphacts.org/units/Nanomolar,60788,=,1,1,=,,IC50,nM,,400.0,CHEMBL287,Homo sapiens,Sigma opioid receptor,9606,,,IC50,nM,UO_0000065,,400.0
,,828252,[],CHEMBL803935,Tested in vitro for the concentration required to inhibit specific [3H]DTG radioligand binding to sigma receptor on guinea pig brain membrane,B,,,BAO_0000190,BAO_0000019,assay format,Cc1ccccc1NC(=N)N(C)c1ccccc1C,,,CHEMBL1127479,J Med Chem,1994.0,"{'bei': '20.53', 'le': '0.37', 'lle': '1.41', 'sei': '13.30'}",CHEMBL412674,,CHEMBL412674,5.20,0,http://www.openphacts.org/units/Nanomolar,163626,=,1,1,=,,IC50,nM,,6280.0,CHEMBL287,Homo sapiens,Sigma opioid receptor,9606,,,IC50,nM,UO_0000065,,6280.0
,,828254,[],CHEMBL803935,Tested in vitro for the concentration required to inhibit specific [3H]DTG radioligand binding to sigma receptor on guinea pig brain membrane,B,,,BAO_0000190,BAO_0000019,assay format,CCc1cccc(NC(=N)N2CCc3ccccc32)c1,,,CHEMBL1127479,J Med Chem,1994.0,"{'bei': '24.37', 'le': '0.44', 'lle': '2.81', 'sei': '16.53'}",CHEMBL314423,,CHEMBL314423,6.47,0,http://www.openphacts.org/units/Nanomolar,163631,=,1,1,=,,IC50,nM,,341.0,CHEMBL287,Homo sapiens,Sigma opioid receptor,9606,,,IC50,nM,UO_0000065,,341.0
,,829338,[],CHEMBL803935,Tested in vitro for the concentration required to inhibit specific [3H]DTG radioligand binding to sigma receptor on guinea pig brain membrane,B,,,BAO_0000190,BAO_0000019,assay format,Cc1ccccc1NC(=N)Nc1ccccc1C,,,CHEMBL1127479,J Med Chem,1994.0,"{'bei': '31.37', 'le': '0.57', 'lle': '3.75', 'sei': '15.67'}",CHEMBL282433,DITOLYLGUANIDINE,CHEMBL282433,7.51,0,http://www.openphacts.org/units/Nanomolar,163616,=,1,1,=,,IC50,nM,,31.0,CHEMBL287,Homo sapiens,Sigma opioid receptor,9606,,,IC50,nM,UO_0000065,,31.0
,,831677,[],CHEMBL803935,Tested in vitro for the concentration required to inhibit specific [3H]DTG radioligand binding to sigma receptor on guinea pig brain membrane,B,,,BAO_0000190,BAO_0000019,assay format,CCCc1cccc(NC(=N)Nc2cccc(CCC)c2)c1,,,CHEMBL1127479,J Med Chem,1994.0,"{'bei': '24.97', 'le': '0.46', 'lle': '2.33', 'sei': '15.40'}",CHEMBL79437,,CHEMBL79437,7.38,0,http://www.openphacts.org/units/Nanomolar,163641,=,1,1,=,,IC50,nM,,42.0,CHEMBL287,Homo sapiens,Sigma opioid receptor,9606,,,IC50,nM,UO_0000065,,42.0
,,831679,[],CHEMBL803935,Tested in vitro for the concentration required to inhibit specific [3H]DTG radioligand binding to sigma receptor on guinea pig brain membrane,B,,,BAO_0000190,BAO_0000019,assay format,CCc1ccc(NC(=N)Nc2ccc(CC)cc2)cc1,,,CHEMBL1127479,J Med Chem,1994.0,"{'bei': '24.72', 'le': '0.45', 'lle': '2.34', 'sei': '13.80'}",CHEMBL78083,,CHEMBL78083,6.61,1,http://www.openphacts.org/units/Nanomolar,163629,=,1,1,=,,IC50,nM,,245.0,CHEMBL287,Homo sapiens,Sigma opioid receptor,9606,,,IC50,nM,UO_0000065,,245.0
,,831681,[],CHEMBL803935,Tested in vitro for the concentration required to inhibit specific [3H]DTG radioligand binding to sigma receptor on guinea pig brain membrane,B,,,BAO_0000190,BAO_0000019,assay format,N=C(Nc1cccc2c1CCCC2)Nc1cccc2c1CCCC2,,,CHEMBL1127479,J Med Chem,1994.0,"{'bei': '22.63', 'le': '0.41', 'lle': '2.33', 'sei': '15.09'}",CHEMBL78306,,CHEMBL78306,7.23,1,http://www.openphacts.org/units/Nanomolar,163623,=,1,1,=,,IC50,nM,,59.0,CHEMBL287,Homo sapiens,Sigma opioid receptor,9606,,,IC50,nM,UO_0000065,,59.0
,,831683,[],CHEMBL803935,Tested in vitro for the concentration required to inhibit specific [3H]DTG radioligand binding to sigma receptor on guinea pig brain membrane,B,,,BAO_0000190,BAO_0000019,assay format,N=C(Nc1cccc2c1CCC2)Nc1cccc2c1CCC2,,,CHEMBL1127479,J Med Chem,1994.0,"{'bei': '25.87', 'le': '0.47', 'lle': '3.42', 'sei': '15.73'}",CHEMBL315051,,CHEMBL315051,7.54,0,http://www.openphacts.org/units/Nanomolar,163622,=,1,1,=,,IC50,nM,,29.0,CHEMBL287,Homo sapiens,Sigma opioid receptor,9606,,,IC50,nM,UO_0000065,,29.0
,,832688,[],CHEMBL803935,Tested in vitro for the concentration required to inhibit specific [3H]DTG radioligand binding to sigma receptor on guinea pig brain membrane,B,,,BAO_0000190,BAO_0000019,assay format,CC(C)c1ccc(NC(=N)Nc2ccc(C(C)C)cc2)cc1,,,CHEMBL1127479,J Med Chem,1994.0,"{'bei': '22.40', 'le': '0.41', 'lle': '1.23', 'sei': '13.81'}",CHEMBL81626,,CHEMBL81626,6.62,0,http://www.openphacts.org/units/Nanomolar,163628,=,1,1,=,,IC50,nM,,242.0,CHEMBL287,Homo sapiens,Sigma opioid receptor,9606,,,IC50,nM,UO_0000065,,242.0
,,833942,[],CHEMBL803935,Tested in vitro for the concentration required to inhibit specific [3H]DTG radioligand binding to sigma receptor on guinea pig brain membrane,B,,,BAO_0000190,BAO_0000019,assay format,N=C(Nc1ccccc1)Nc1ccccc1,,,CHEMBL1127479,J Med Chem,1994.0,"{'bei': '30.30', 'le': '0.55', 'lle': '3.25', 'sei': '13.36'}",CHEMBL77675,,CHEMBL77675,6.40,1,http://www.openphacts.org/units/Nanomolar,163653,=,1,1,=,,IC50,nM,,397.0,CHEMBL287,Homo sapiens,Sigma opioid receptor,9606,,,IC50,nM,UO_0000065,,397.0
,,835070,[],CHEMBL803935,Tested in vitro for the concentration required to inhibit specific [3H]DTG radioligand binding to sigma receptor on guinea pig brain membrane,B,,,BAO_0000190,BAO_0000019,assay format,CN(C(=N)N(C)c1cccc2ccccc12)c1cccc2ccccc12,,,CHEMBL1127479,J Med Chem,1994.0,"{'bei': '14.64', 'le': '0.26', 'lle': '-0.53', 'sei': '16.39'}",CHEMBL88161,,CHEMBL88161,4.97,0,http://www.openphacts.org/units/Nanomolar,163609,=,1,1,=,,IC50,nM,,10700.0,CHEMBL287,Homo sapiens,Sigma opioid receptor,9606,,,IC50,nM,UO_0000065,,10700.0
,,838812,[],CHEMBL803935,Tested in vitro for the concentration required to inhibit specific [3H]DTG radioligand binding to sigma receptor on guinea pig brain membrane,B,,,BAO_0000190,BAO_0000019,assay format,CC(C)(C)c1ccccc1NC(=N)Nc1ccccc1C(C)(C)C,,,CHEMBL1127479,J Med Chem,1994.0,"{'bei': '19.93', 'le': '0.37', 'lle': '0.71', 'sei': '13.46'}",CHEMBL78411,,CHEMBL78411,6.45,1,http://www.openphacts.org/units/Nanomolar,163613,=,1,1,=,,IC50,nM,,356.0,CHEMBL287,Homo sapiens,Sigma opioid receptor,9606,,,IC50,nM,UO_0000065,,356.0
,,838814,[],CHEMBL803935,Tested in vitro for the concentration required to inhibit specific [3H]DTG radioligand binding to sigma receptor on guinea pig brain membrane,B,,,BAO_0000190,BAO_0000019,assay format,CCc1cccc(NC(=N)Nc2cccc(CC)c2)c1,,,CHEMBL1127479,J Med Chem,1994.0,"{'bei': '30.28', 'le': '0.55', 'lle': '3.83', 'sei': '16.90'}",CHEMBL78777,,CHEMBL78777,8.10,1,http://www.openphacts.org/units/Nanomolar,163643,=,1,1,=,,IC50,nM,,8.0,CHEMBL287,Homo sapiens,Sigma opioid receptor,9606,,,IC50,nM,UO_0000065,,8.0
,,838820,[],CHEMBL803935,Tested in vitro for the concentration required to inhibit specific [3H]DTG radioligand binding to sigma receptor on guinea pig brain membrane,B,,,BAO_0000190,BAO_0000019,assay format,CCN(C(=N)Nc1cccc2ccccc12)c1cccc2ccccc12,,,CHEMBL1127479,J Med Chem,1994.0,"{'bei': '15.36', 'le': '0.27', 'lle': '-0.66', 'sei': '13.32'}",CHEMBL90809,,CHEMBL90809,5.21,0,http://www.openphacts.org/units/Nanomolar,163658,=,1,1,=,,IC50,nM,,6130.0,CHEMBL287,Homo sapiens,Sigma opioid receptor,9606,,,IC50,nM,UO_0000065,,6130.0
,,839229,[],CHEMBL803875,Inhibitory concentration against radioligand [3H]3-PPP binding to haloperidol-sensitive sigma binding site in whole guinea pig brain,B,,,BAO_0000190,BAO_0000019,assay format,OC(CCCN1CCN(c2ncc(F)cn2)CC1)c1ccc(F)cc1,,,CHEMBL1126099,J Med Chem,1992.0,"{'bei': '19.95', 'le': '0.38', 'lle': '4.56', 'sei': '13.24'}",CHEMBL60859,BMY-14802,CHEMBL60859,6.95,0,http://www.openphacts.org/units/Nanomolar,270557,=,1,1,=,,IC50,nM,,112.0,CHEMBL287,Homo sapiens,Sigma opioid receptor,9606,,,IC50,nM,UO_0000065,,112.0
,,839230,[],CHEMBL872418,Inhibitory concentration against radioligand [3H](+)-NAN binding to haloperidol-sensitive sigma binding site in whole guinea pig brain,B,,,BAO_0000190,BAO_0000019,assay format,OC(CCCN1CCN(c2ncc(F)cn2)CC1)c1ccc(F)cc1,,,CHEMBL1126099,J Med Chem,1992.0,"{'bei': '20.32', 'le': '0.39', 'lle': '4.69', 'sei': '13.49'}",CHEMBL60859,BMY-14802,CHEMBL60859,7.08,0,http://www.openphacts.org/units/Nanomolar,270557,=,1,1,=,,IC50,nM,,83.0,CHEMBL287,Homo sapiens,Sigma opioid receptor,9606,,,IC50,nM,UO_0000065,,83.0
,,839862,[],CHEMBL803935,Tested in vitro for the concentration required to inhibit specific [3H]DTG radioligand binding to sigma receptor on guinea pig brain membrane,B,,,BAO_0000190,BAO_0000019,assay format,CCc1cccc(N(C)C(=N)Nc2cccc3ccccc23)c1,,,CHEMBL1127479,J Med Chem,1994.0,"{'bei': '18.44', 'le': '0.33', 'lle': '0.71', 'sei': '14.30'}",CHEMBL92484,APTIGANEL,CHEMBL92484,5.59,0,http://www.openphacts.org/units/Nanomolar,163646,=,1,1,=,,IC50,nM,,2540.0,CHEMBL287,Homo sapiens,Sigma opioid receptor,9606,,,IC50,nM,UO_0000065,,2540.0
,,839864,[],CHEMBL803935,Tested in vitro for the concentration required to inhibit specific [3H]DTG radioligand binding to sigma receptor on guinea pig brain membrane,B,,,BAO_0000190,BAO_0000019,assay format,N=C(Nc1cccc2ccccc12)N1CCC(c2ccccc2)CC1,,,CHEMBL1127479,J Med Chem,1994.0,"{'bei': '19.62', 'le': '0.35', 'lle': '1.39', 'sei': '16.53'}",CHEMBL431214,,CHEMBL431214,6.46,0,http://www.openphacts.org/units/Nanomolar,163618,=,1,1,=,,IC50,nM,,343.0,CHEMBL287,Homo sapiens,Sigma opioid receptor,9606,,,IC50,nM,UO_0000065,,343.0
,,839968,[],CHEMBL803935,Tested in vitro for the concentration required to inhibit specific [3H]DTG radioligand binding to sigma receptor on guinea pig brain membrane,B,,,BAO_0000190,BAO_0000019,assay format,CC(C)c1ccccc1NC(=N)Nc1ccccc1C(C)C,,,CHEMBL1127479,J Med Chem,1994.0,"{'bei': '23.88', 'le': '0.44', 'lle': '1.67', 'sei': '14.73'}",CHEMBL280243,,CHEMBL280243,7.06,0,http://www.openphacts.org/units/Nanomolar,163614,=,1,1,=,,IC50,nM,,88.0,CHEMBL287,Homo sapiens,Sigma opioid receptor,9606,,,IC50,nM,UO_0000065,,88.0
,,839981,[],CHEMBL803935,Tested in vitro for the concentration required to inhibit specific [3H]DTG radioligand binding to sigma receptor on guinea pig brain membrane,B,,,BAO_0000190,BAO_0000019,assay format,CN(C(=N)Nc1cccc(N)c1)c1cccc2ccccc12,,,CHEMBL1127479,J Med Chem,1994.0,"{'bei': '16.83', 'le': '0.30', 'lle': '0.98', 'sei': '7.50'}",CHEMBL88639,,CHEMBL88639,4.89,0,http://www.openphacts.org/units/Nanomolar,163666,=,1,1,=,,IC50,nM,,13000.0,CHEMBL287,Homo sapiens,Sigma opioid receptor,9606,,,IC50,nM,UO_0000065,,13000.0
,,841244,[],CHEMBL803935,Tested in vitro for the concentration required to inhibit specific [3H]DTG radioligand binding to sigma receptor on guinea pig brain membrane,B,,,BAO_0000190,BAO_0000019,assay format,N=C(Nc1ccc2ccccc2c1)Nc1ccc2ccccc2c1,,,CHEMBL1127479,J Med Chem,1994.0,"{'bei': '22.60', 'le': '0.40', 'lle': '1.59', 'sei': '14.69'}",CHEMBL91791,,CHEMBL91791,7.04,0,http://www.openphacts.org/units/Nanomolar,163649,=,1,1,=,,IC50,nM,,92.0,CHEMBL287,Homo sapiens,Sigma opioid receptor,9606,,,IC50,nM,UO_0000065,,92.0
,,841281,[],CHEMBL803935,Tested in vitro for the concentration required to inhibit specific [3H]DTG radioligand binding to sigma receptor on guinea pig brain membrane,B,,,BAO_0000190,BAO_0000019,assay format,Cc1cccc(NC(=N)Nc2cccc(C)c2)c1,,,CHEMBL1127479,J Med Chem,1994.0,"{'bei': '30.78', 'le': '0.56', 'lle': '3.61', 'sei': '15.38'}",CHEMBL309603,,CHEMBL309603,7.37,0,http://www.openphacts.org/units/Nanomolar,163644,=,1,1,=,,IC50,nM,,43.0,CHEMBL287,Homo sapiens,Sigma opioid receptor,9606,,,IC50,nM,UO_0000065,,43.0
,,841283,[],CHEMBL803935,Tested in vitro for the concentration required to inhibit specific [3H]DTG radioligand binding to sigma receptor on guinea pig brain membrane,B,,,BAO_0000190,BAO_0000019,assay format,CCc1cccc(N(C)C(=N)N(CC)c2cccc3ccccc23)c1,,,CHEMBL1127479,J Med Chem,1994.0,"{'bei': '17.02', 'le': '0.31', 'lle': '0.34', 'sei': '18.60'}",CHEMBL88146,,CHEMBL88146,5.64,0,http://www.openphacts.org/units/Nanomolar,163634,=,1,1,=,,IC50,nM,,2290.0,CHEMBL287,Homo sapiens,Sigma opioid receptor,9606,,,IC50,nM,UO_0000065,,2290.0
,,842499,[],CHEMBL803935,Tested in vitro for the concentration required to inhibit specific [3H]DTG radioligand binding to sigma receptor on guinea pig brain membrane,B,,,BAO_0000190,BAO_0000019,assay format,CCc1cccc(NC(=N)N(C)c2cccc3ccccc23)c1,,,CHEMBL1127479,J Med Chem,1994.0,"{'bei': '19.78', 'le': '0.36', 'lle': '1.11', 'sei': '15.34'}",CHEMBL328986,,CHEMBL328986,6.00,0,http://www.openphacts.org/units/Nanomolar,163621,=,1,1,=,,IC50,nM,,1000.0,CHEMBL287,Homo sapiens,Sigma opioid receptor,9606,,,IC50,nM,UO_0000065,,1000.0
,,843636,[],CHEMBL803935,Tested in vitro for the concentration required to inhibit specific [3H]DTG radioligand binding to sigma receptor on guinea pig brain membrane,B,,,BAO_0000190,BAO_0000019,assay format,CCc1cccc(NC(=N)Nc2cccc3ccccc23)c1,,,CHEMBL1127479,J Med Chem,1994.0,"{'bei': '25.11', 'le': '0.45', 'lle': '2.41', 'sei': '15.17'}",CHEMBL91713,,CHEMBL91713,7.27,0,http://www.openphacts.org/units/Nanomolar,163651,=,1,1,=,,IC50,nM,,54.0,CHEMBL287,Homo sapiens,Sigma opioid receptor,9606,,,IC50,nM,UO_0000065,,54.0
,,843675,[],CHEMBL803935,Tested in vitro for the concentration required to inhibit specific [3H]DTG radioligand binding to sigma receptor on guinea pig brain membrane,B,,,BAO_0000190,BAO_0000019,assay format,CN(C(=N)Nc1cccc2ccccc12)c1cccc([N+](=O)[O-])c1,,,CHEMBL1127479,J Med Chem,1994.0,"{'bei': '16.24', 'le': '0.30', 'lle': '0.97', 'sei': '6.33'}",CHEMBL421364,,CHEMBL421364,5.20,0,http://www.openphacts.org/units/Nanomolar,163656,=,1,1,=,,IC50,nM,,6260.0,CHEMBL287,Homo sapiens,Sigma opioid receptor,9606,,,IC50,nM,UO_0000065,,6260.0
,,843677,[],CHEMBL803935,Tested in vitro for the concentration required to inhibit specific [3H]DTG radioligand binding to sigma receptor on guinea pig brain membrane,B,,,BAO_0000190,BAO_0000019,assay format,CN(C(=N)Nc1cccc2ccccc12)c1ccccc1,,,CHEMBL1127479,J Med Chem,1994.0,"{'bei': '20.11', 'le': '0.36', 'lle': '1.22', 'sei': '14.16'}",CHEMBL90643,,CHEMBL90643,5.54,0,http://www.openphacts.org/units/Nanomolar,163664,=,1,1,=,,IC50,nM,,2900.0,CHEMBL287,Homo sapiens,Sigma opioid receptor,9606,,,IC50,nM,UO_0000065,,2900.0
,,844994,[],CHEMBL803935,Tested in vitro for the concentration required to inhibit specific [3H]DTG radioligand binding to sigma receptor on guinea pig brain membrane,B,,,BAO_0000190,BAO_0000019,assay format,Cc1cccc(NC(=N)N(C)c2cccc(C)c2)c1,,,CHEMBL1127479,J Med Chem,1994.0,"{'bei': '26.08', 'le': '0.47', 'lle': '2.82', 'sei': '16.89'}",CHEMBL330551,,CHEMBL330551,6.61,0,http://www.openphacts.org/units/Nanomolar,163625,=,1,1,=,,IC50,nM,,247.0,CHEMBL287,Homo sapiens,Sigma opioid receptor,9606,,,IC50,nM,UO_0000065,,247.0
,,846161,[],CHEMBL803935,Tested in vitro for the concentration required to inhibit specific [3H]DTG radioligand binding to sigma receptor on guinea pig brain membrane,B,,,BAO_0000190,BAO_0000019,assay format,N=C(Nc1ccccc1-c1ccccc1)Nc1ccccc1-c1ccccc1,,,CHEMBL1127479,J Med Chem,1994.0,"{'bei': '14.01', 'le': '0.25', 'lle': '-1.39', 'sei': '10.63'}",CHEMBL81594,,CHEMBL81594,5.09,0,http://www.openphacts.org/units/Nanomolar,163654,=,1,1,=,,IC50,nM,,8110.0,CHEMBL287,Homo sapiens,Sigma opioid receptor,9606,,,IC50,nM,UO_0000065,,8110.0
,,847249,[],CHEMBL803935,Tested in vitro for the concentration required to inhibit specific [3H]DTG radioligand binding to sigma receptor on guinea pig brain membrane,B,,,BAO_0000190,BAO_0000019,assay format,COc1ccccc1NC(=N)Nc1ccccc1OC,,,CHEMBL1127479,J Med Chem,1994.0,"{'bei': '21.01', 'le': '0.39', 'lle': '2.54', 'sei': '8.59'}",CHEMBL310729,,CHEMBL310729,5.70,0,http://www.openphacts.org/units/Nanomolar,163645,=,1,1,=,,IC50,nM,,1990.0,CHEMBL287,Homo sapiens,Sigma opioid receptor,9606,,,IC50,nM,UO_0000065,,1990.0
,,848442,[],CHEMBL803935,Tested in vitro for the concentration required to inhibit specific [3H]DTG radioligand binding to sigma receptor on guinea pig brain membrane,B,,,BAO_0000190,BAO_0000019,assay format,N=C(Nc1cccc2ccccc12)N1CCCCCC1,,,CHEMBL1127479,J Med Chem,1994.0,"{'bei': '21.88', 'le': '0.40', 'lle': '1.79', 'sei': '14.96'}",CHEMBL314710,,CHEMBL314710,5.85,0,http://www.openphacts.org/units/Nanomolar,163619,=,1,1,=,,IC50,nM,,1410.0,CHEMBL287,Homo sapiens,Sigma opioid receptor,9606,,,IC50,nM,UO_0000065,,1410.0
,,848473,[],CHEMBL803935,Tested in vitro for the concentration required to inhibit specific [3H]DTG radioligand binding to sigma receptor on guinea pig brain membrane,B,,,BAO_0000190,BAO_0000019,assay format,N=C(Nc1ccc(Br)cc1)Nc1ccc(Br)cc1,,,CHEMBL1127479,J Med Chem,1994.0,"{'bei': '20.27', 'le': '0.57', 'lle': '2.81', 'sei': '15.62'}",CHEMBL81070,,CHEMBL81070,7.48,0,http://www.openphacts.org/units/Nanomolar,163627,=,1,1,=,,IC50,nM,,33.0,CHEMBL287,Homo sapiens,Sigma opioid receptor,9606,,,IC50,nM,UO_0000065,,33.0
,,848492,[],CHEMBL803935,Tested in vitro for the concentration required to inhibit specific [3H]DTG radioligand binding to sigma receptor on guinea pig brain membrane,B,,,BAO_0000190,BAO_0000019,assay format,N=C(Nc1cccc2ccccc12)Nc1cccc2ccccc12,,,CHEMBL1127479,J Med Chem,1994.0,"{'bei': '21.78', 'le': '0.39', 'lle': '1.33', 'sei': '14.16'}",CHEMBL79509,,CHEMBL79509,6.78,0,http://www.openphacts.org/units/Nanomolar,163659,=,1,1,=,,IC50,nM,,165.0,CHEMBL287,Homo sapiens,Sigma opioid receptor,9606,,,IC50,nM,UO_0000065,,165.0
,,849615,[],CHEMBL803935,Tested in vitro for the concentration required to inhibit specific [3H]DTG radioligand binding to sigma receptor on guinea pig brain membrane,B,,,BAO_0000190,BAO_0000019,assay format,CN(C(=N)Nc1cccc2ccccc12)c1cccc(N)c1,,,CHEMBL1127479,J Med Chem,1994.0,"{'bei': '19.18', 'le': '0.35', 'lle': '1.66', 'sei': '8.55'}",CHEMBL91946,,CHEMBL91946,5.57,0,http://www.openphacts.org/units/Nanomolar,163660,=,1,1,=,,IC50,nM,,2700.0,CHEMBL287,Homo sapiens,Sigma opioid receptor,9606,,,IC50,nM,UO_0000065,,2700.0
,,849617,[],CHEMBL803935,Tested in vitro for the concentration required to inhibit specific [3H]DTG radioligand binding to sigma receptor on guinea pig brain membrane,B,,,BAO_0000190,BAO_0000019,assay format,N=C(Nc1cccc2ccccc12)N1CCCCC1,,,CHEMBL1127479,J Med Chem,1994.0,"{'bei': '23.57', 'le': '0.43', 'lle': '2.30', 'sei': '15.26'}",CHEMBL91145,,CHEMBL91145,5.97,0,http://www.openphacts.org/units/Nanomolar,163663,=,1,1,=,,IC50,nM,,1070.0,CHEMBL287,Homo sapiens,Sigma opioid receptor,9606,,,IC50,nM,UO_0000065,,1070.0
,,849946,[],CHEMBL803875,Inhibitory concentration against radioligand [3H]3-PPP binding to haloperidol-sensitive sigma binding site in whole guinea pig brain,B,,,BAO_0000190,BAO_0000019,assay format,O[C@H](CCCN1CCN(c2ncc(F)cn2)CC1)c1ccc(F)cc1,,,CHEMBL1126099,J Med Chem,1992.0,"{'bei': '21.68', 'le': '0.41', 'lle': '5.16', 'sei': '14.39'}",CHEMBL129768,,CHEMBL129768,7.55,0,http://www.openphacts.org/units/Nanomolar,270540,=,1,1,=,,IC50,nM,,28.0,CHEMBL287,Homo sapiens,Sigma opioid receptor,9606,,,IC50,nM,UO_0000065,,28.0
,,849947,[],CHEMBL872418,Inhibitory concentration against radioligand [3H](+)-NAN binding to haloperidol-sensitive sigma binding site in whole guinea pig brain,B,,,BAO_0000190,BAO_0000019,assay format,O[C@H](CCCN1CCN(c2ncc(F)cn2)CC1)c1ccc(F)cc1,,,CHEMBL1126099,J Med Chem,1992.0,"{'bei': '21.14', 'le': '0.40', 'lle': '4.98', 'sei': '14.03'}",CHEMBL129768,,CHEMBL129768,7.37,0,http://www.openphacts.org/units/Nanomolar,270540,=,1,1,=,,IC50,nM,,43.0,CHEMBL287,Homo sapiens,Sigma opioid receptor,9606,,,IC50,nM,UO_0000065,,43.0
,,849948,[],CHEMBL803876,Inhibitory concentration against radioligand [3H]DTG binding to haloperidol-sensitive sigma binding site in whole guinea pig brain,B,,,BAO_0000190,BAO_0000019,assay format,O[C@H](CCCN1CCN(c2ncc(F)cn2)CC1)c1ccc(F)cc1,,,CHEMBL1126099,J Med Chem,1992.0,"{'bei': '21.51', 'le': '0.41', 'lle': '5.10', 'sei': '14.28'}",CHEMBL129768,,CHEMBL129768,7.50,0,http://www.openphacts.org/units/Nanomolar,270540,=,1,1,=,,IC50,nM,,32.0,CHEMBL287,Homo sapiens,Sigma opioid receptor,9606,,,IC50,nM,UO_0000065,,32.0
,,850790,[],CHEMBL803935,Tested in vitro for the concentration required to inhibit specific [3H]DTG radioligand binding to sigma receptor on guinea pig brain membrane,B,,,BAO_0000190,BAO_0000019,assay format,CCc1ccccc1NC(=N)Nc1ccccc1CC,,,CHEMBL1127479,J Med Chem,1994.0,"{'bei': '29.37', 'le': '0.54', 'lle': '3.58', 'sei': '16.39'}",CHEMBL310170,,CHEMBL310170,7.85,1,http://www.openphacts.org/units/Nanomolar,163615,=,1,1,=,,IC50,nM,,14.0,CHEMBL287,Homo sapiens,Sigma opioid receptor,9606,,,IC50,nM,UO_0000065,,14.0
,,851845,[],CHEMBL803935,Tested in vitro for the concentration required to inhibit specific [3H]DTG radioligand binding to sigma receptor on guinea pig brain membrane,B,,,BAO_0000190,BAO_0000019,assay format,COc1cccc(NC(=N)Nc2cccc(OC)c2)c1,,,CHEMBL1127479,J Med Chem,1994.0,"{'bei': '23.79', 'le': '0.44', 'lle': '3.29', 'sei': '9.73'}",CHEMBL91222,,CHEMBL91222,6.46,0,http://www.openphacts.org/units/Nanomolar,163639,=,1,1,=,,IC50,nM,,351.0,CHEMBL287,Homo sapiens,Sigma opioid receptor,9606,,,IC50,nM,UO_0000065,,351.0
,,851859,[],CHEMBL803935,Tested in vitro for the concentration required to inhibit specific [3H]DTG radioligand binding to sigma receptor on guinea pig brain membrane,B,,,BAO_0000190,BAO_0000019,assay format,CN(C(=N)Nc1cccc2cc3ccccc3cc12)c1cccc2ccccc12,,,CHEMBL1127479,J Med Chem,1994.0,"{'bei': '15.12', 'le': '0.27', 'lle': '-0.95', 'sei': '14.51'}",CHEMBL92095,,CHEMBL92095,5.68,0,http://www.openphacts.org/units/Nanomolar,163662,=,1,1,=,,IC50,nM,,2100.0,CHEMBL287,Homo sapiens,Sigma opioid receptor,9606,,,IC50,nM,UO_0000065,,2100.0
,,852927,[],CHEMBL803935,Tested in vitro for the concentration required to inhibit specific [3H]DTG radioligand binding to sigma receptor on guinea pig brain membrane,B,,,BAO_0000190,BAO_0000019,assay format,N=C(Nc1cccc2ccccc12)NC1Cc2ccccc2C1,,,CHEMBL1127479,J Med Chem,1994.0,"{'bei': '21.96', 'le': '0.39', 'lle': '2.68', 'sei': '13.82'}",CHEMBL430455,,CHEMBL430455,6.62,0,http://www.openphacts.org/units/Nanomolar,163617,=,1,1,=,,IC50,nM,,240.0,CHEMBL287,Homo sapiens,Sigma opioid receptor,9606,,,IC50,nM,UO_0000065,,240.0
,,852946,[],CHEMBL803935,Tested in vitro for the concentration required to inhibit specific [3H]DTG radioligand binding to sigma receptor on guinea pig brain membrane,B,,,BAO_0000190,BAO_0000019,assay format,N=C(N1CCc2ccccc21)N1CCc2ccccc21,,,CHEMBL1127479,J Med Chem,1994.0,"{'bei': '19.53', 'le': '0.35', 'lle': '2.09', 'sei': '16.96'}",CHEMBL441453,,CHEMBL441453,5.14,0,http://www.openphacts.org/units/Nanomolar,163632,=,1,1,=,,IC50,nM,,7180.0,CHEMBL287,Homo sapiens,Sigma opioid receptor,9606,,,IC50,nM,UO_0000065,,7180.0
,,855215,[],CHEMBL803935,Tested in vitro for the concentration required to inhibit specific [3H]DTG radioligand binding to sigma receptor on guinea pig brain membrane,B,,,BAO_0000190,BAO_0000019,assay format,N=C(NCc1ccccc1)Nc1cccc2ccccc12,,,CHEMBL1127479,J Med Chem,1994.0,"{'bei': '24.89', 'le': '0.45', 'lle': '2.87', 'sei': '14.31'}",CHEMBL90975,,CHEMBL90975,6.85,0,http://www.openphacts.org/units/Nanomolar,163661,=,1,1,=,,IC50,nM,,140.0,CHEMBL287,Homo sapiens,Sigma opioid receptor,9606,,,IC50,nM,UO_0000065,,140.0
,,856256,[],CHEMBL803935,Tested in vitro for the concentration required to inhibit specific [3H]DTG radioligand binding to sigma receptor on guinea pig brain membrane,B,,,BAO_0000190,BAO_0000019,assay format,CN(C(=N)N(c1ccccc1)c1cccc2ccccc12)c1cccc2ccccc12,,,CHEMBL1127479,J Med Chem,1994.0,"{'bei': '12.35', 'le': '0.22', 'lle': '-2.24', 'sei': '16.35'}",CHEMBL90288,,CHEMBL90288,4.96,0,http://www.openphacts.org/units/Nanomolar,163648,=,1,1,=,,IC50,nM,,11000.0,CHEMBL287,Homo sapiens,Sigma opioid receptor,9606,,,IC50,nM,UO_0000065,,11000.0
,,856302,[],CHEMBL803935,Tested in vitro for the concentration required to inhibit specific [3H]DTG radioligand binding to sigma receptor on guinea pig brain membrane,B,,,BAO_0000190,BAO_0000019,assay format,N=C(Nc1ccccc1I)Nc1ccccc1I,,,CHEMBL1127479,J Med Chem,1994.0,"{'bei': '17.03', 'le': '0.60', 'lle': '3.54', 'sei': '16.46'}",CHEMBL312600,,CHEMBL312600,7.89,0,http://www.openphacts.org/units/Nanomolar,163612,=,1,1,=,,IC50,nM,,13.0,CHEMBL287,Homo sapiens,Sigma opioid receptor,9606,,,IC50,nM,UO_0000065,,13.0
,,856304,[],CHEMBL803935,Tested in vitro for the concentration required to inhibit specific [3H]DTG radioligand binding to sigma receptor on guinea pig brain membrane,B,,,BAO_0000190,BAO_0000019,assay format,CN(C(=N)Nc1cccc([N+](=O)[O-])c1)c1cccc2ccccc12,,,CHEMBL1127479,J Med Chem,1994.0,"{'bei': '17.41', 'le': '0.32', 'lle': '1.35', 'sei': '6.78'}",CHEMBL265549,,CHEMBL265549,5.58,0,http://www.openphacts.org/units/Nanomolar,163636,=,1,1,=,,IC50,nM,,2640.0,CHEMBL287,Homo sapiens,Sigma opioid receptor,9606,,,IC50,nM,UO_0000065,,2640.0
,,857395,[],CHEMBL803935,Tested in vitro for the concentration required to inhibit specific [3H]DTG radioligand binding to sigma receptor on guinea pig brain membrane,B,,,BAO_0000190,BAO_0000019,assay format,N=C(Nc1ccccc1I)Nc1cccc2ccccc12,,,CHEMBL1127479,J Med Chem,1994.0,"{'bei': '19.11', 'le': '0.48', 'lle': '2.50', 'sei': '15.44'}",CHEMBL90508,,CHEMBL90508,7.40,0,http://www.openphacts.org/units/Nanomolar,163647,=,1,1,=,,IC50,nM,,40.0,CHEMBL287,Homo sapiens,Sigma opioid receptor,9606,,,IC50,nM,UO_0000065,,40.0
,,857397,[],CHEMBL803935,Tested in vitro for the concentration required to inhibit specific [3H]DTG radioligand binding to sigma receptor on guinea pig brain membrane,B,,,BAO_0000190,BAO_0000019,assay format,CCc1cccc(N(CC)C(=N)Nc2cccc3ccccc23)c1,,,CHEMBL1127479,J Med Chem,1994.0,"{'bei': '17.83', 'le': '0.32', 'lle': '0.38', 'sei': '14.47'}",CHEMBL420245,,CHEMBL420245,5.66,0,http://www.openphacts.org/units/Nanomolar,163611,=,1,1,=,,IC50,nM,,2190.0,CHEMBL287,Homo sapiens,Sigma opioid receptor,9606,,,IC50,nM,UO_0000065,,2190.0
,,858636,[],CHEMBL803935,Tested in vitro for the concentration required to inhibit specific [3H]DTG radioligand binding to sigma receptor on guinea pig brain membrane,B,,,BAO_0000190,BAO_0000019,assay format,Cc1cccc(N(C)C(=N)Nc2cccc3ccccc23)c1,,,CHEMBL1127479,J Med Chem,1994.0,"{'bei': '19.80', 'le': '0.36', 'lle': '1.10', 'sei': '14.65'}",CHEMBL420979,,CHEMBL420979,5.73,0,http://www.openphacts.org/units/Nanomolar,163620,=,1,1,=,,IC50,nM,,1860.0,CHEMBL287,Homo sapiens,Sigma opioid receptor,9606,,,IC50,nM,UO_0000065,,1860.0
,,858684,[],CHEMBL803935,Tested in vitro for the concentration required to inhibit specific [3H]DTG radioligand binding to sigma receptor on guinea pig brain membrane,B,,,BAO_0000190,BAO_0000019,assay format,N=C(Nc1cccc(I)c1)Nc1cccc(I)c1,,,CHEMBL1127479,J Med Chem,1994.0,"{'bei': '14.91', 'le': '0.52', 'lle': '2.55', 'sei': '14.41'}",CHEMBL81678,,CHEMBL81678,6.90,0,http://www.openphacts.org/units/Nanomolar,163640,=,1,1,=,,IC50,nM,,125.0,CHEMBL287,Homo sapiens,Sigma opioid receptor,9606,,,IC50,nM,UO_0000065,,125.0
,,858707,[],CHEMBL803935,Tested in vitro for the concentration required to inhibit specific [3H]DTG radioligand binding to sigma receptor on guinea pig brain membrane,B,,,BAO_0000190,BAO_0000019,assay format,CN(C(=N)Nc1cccc2ccccc12)c1cccc(N=[N+]=[N-])c1,,,CHEMBL1127479,J Med Chem,1994.0,"{'bei': '17.45', 'le': '0.31', 'lle': '0.26', 'sei': '6.28'}",CHEMBL90326,,CHEMBL90326,5.52,0,http://www.openphacts.org/units/Nanomolar,163667,=,1,1,=,,IC50,nM,,3020.0,CHEMBL287,Homo sapiens,Sigma opioid receptor,9606,,,IC50,nM,UO_0000065,,3020.0
,,859133,[],CHEMBL803875,Inhibitory concentration against radioligand [3H]3-PPP binding to haloperidol-sensitive sigma binding site in whole guinea pig brain,B,,,BAO_0000190,BAO_0000019,assay format,OC(CCCN1CCN(c2ncc(F)cn2)CC1)c1ccc(F)cc1,,,CHEMBL1126099,J Med Chem,1992.0,"{'bei': '18.68', 'le': '0.36', 'lle': '4.12', 'sei': '12.40'}",CHEMBL60859,BMY-14802,CHEMBL60859,6.51,0,http://www.openphacts.org/units/Nanomolar,270539,=,1,1,=,,IC50,nM,,310.0,CHEMBL287,Homo sapiens,Sigma opioid receptor,9606,,,IC50,nM,UO_0000065,,310.0
,,859134,[],CHEMBL872418,Inhibitory concentration against radioligand [3H](+)-NAN binding to haloperidol-sensitive sigma binding site in whole guinea pig brain,B,,,BAO_0000190,BAO_0000019,assay format,OC(CCCN1CCN(c2ncc(F)cn2)CC1)c1ccc(F)cc1,,,CHEMBL1126099,J Med Chem,1992.0,"{'bei': '18.30', 'le': '0.35', 'lle': '3.99', 'sei': '12.15'}",CHEMBL60859,BMY-14802,CHEMBL60859,6.38,0,http://www.openphacts.org/units/Nanomolar,270539,=,1,1,=,,IC50,nM,,420.0,CHEMBL287,Homo sapiens,Sigma opioid receptor,9606,,,IC50,nM,UO_0000065,,420.0
,,859135,[],CHEMBL803876,Inhibitory concentration against radioligand [3H]DTG binding to haloperidol-sensitive sigma binding site in whole guinea pig brain,B,,,BAO_0000190,BAO_0000019,assay format,OC(CCCN1CCN(c2ncc(F)cn2)CC1)c1ccc(F)cc1,,,CHEMBL1126099,J Med Chem,1992.0,"{'bei': '19.67', 'le': '0.37', 'lle': '4.46', 'sei': '13.06'}",CHEMBL60859,BMY-14802,CHEMBL60859,6.85,0,http://www.openphacts.org/units/Nanomolar,270539,=,1,1,=,,IC50,nM,,140.0,CHEMBL287,Homo sapiens,Sigma opioid receptor,9606,,,IC50,nM,UO_0000065,,140.0
,,859890,[],CHEMBL803935,Tested in vitro for the concentration required to inhibit specific [3H]DTG radioligand binding to sigma receptor on guinea pig brain membrane,B,,,BAO_0000190,BAO_0000019,assay format,CC(C)c1ccccc1/N=C(\N)N(C)c1cccc2ccccc12,,,CHEMBL1127479,J Med Chem,1994.0,"{'bei': '16.19', 'le': '0.29', 'lle': '0.09', 'sei': '12.35'}",CHEMBL91828,,CHEMBL91828,5.14,0,http://www.openphacts.org/units/Nanomolar,163637,=,1,1,=,,IC50,nM,,7250.0,CHEMBL287,Homo sapiens,Sigma opioid receptor,9606,,,IC50,nM,UO_0000065,,7250.0
,,859892,[],CHEMBL803935,Tested in vitro for the concentration required to inhibit specific [3H]DTG radioligand binding to sigma receptor on guinea pig brain membrane,B,,,BAO_0000190,BAO_0000019,assay format,CCc1cccc(NC(=N)N2CCC(c3ccccc3)CC2)c1,,,CHEMBL1127479,J Med Chem,1994.0,"{'bei': '23.49', 'le': '0.43', 'lle': '2.74', 'sei': '18.46'}",CHEMBL88660,,CHEMBL88660,7.22,0,http://www.openphacts.org/units/Nanomolar,163630,=,1,1,=,,IC50,nM,,60.0,CHEMBL287,Homo sapiens,Sigma opioid receptor,9606,,,IC50,nM,UO_0000065,,60.0
,,860798,[],CHEMBL803935,Tested in vitro for the concentration required to inhibit specific [3H]DTG radioligand binding to sigma receptor on guinea pig brain membrane,B,,,BAO_0000190,BAO_0000019,assay format,CCN(C(=N)N(C)c1cccc2ccccc12)c1cccc2ccccc12,,,CHEMBL1127479,J Med Chem,1994.0,"{'bei': '14.35', 'le': '0.26', 'lle': '-0.82', 'sei': '16.72'}",CHEMBL314379,,CHEMBL314379,5.07,0,http://www.openphacts.org/units/Nanomolar,163652,=,1,1,=,,IC50,nM,,8480.0,CHEMBL287,Homo sapiens,Sigma opioid receptor,9606,,,IC50,nM,UO_0000065,,8480.0
,,861964,[],CHEMBL803935,Tested in vitro for the concentration required to inhibit specific [3H]DTG radioligand binding to sigma receptor on guinea pig brain membrane,B,,,BAO_0000190,BAO_0000019,assay format,CC(C)c1ccccc1/N=C(\N)Nc1cccc2ccccc12,,,CHEMBL1127479,J Med Chem,1994.0,"{'bei': '23.21', 'le': '0.42', 'lle': '2.02', 'sei': '13.97'}",CHEMBL89344,,CHEMBL89344,7.04,0,http://www.openphacts.org/units/Nanomolar,163650,=,1,1,=,,IC50,nM,,91.0,CHEMBL287,Homo sapiens,Sigma opioid receptor,9606,,,IC50,nM,UO_0000065,,91.0
,,862088,[],CHEMBL803935,Tested in vitro for the concentration required to inhibit specific [3H]DTG radioligand binding to sigma receptor on guinea pig brain membrane,B,,,BAO_0000190,BAO_0000019,assay format,N=C(N1CCCc2ccccc21)N1CCCc2ccccc21,,,CHEMBL1127479,J Med Chem,1994.0,"{'bei': '20.12', 'le': '0.36', 'lle': '2.03', 'sei': '19.33'}",CHEMBL329623,,CHEMBL329623,5.86,0,http://www.openphacts.org/units/Nanomolar,163633,=,1,1,=,,IC50,nM,,1370.0,CHEMBL287,Homo sapiens,Sigma opioid receptor,9606,,,IC50,nM,UO_0000065,,1370.0
,,862099,[],CHEMBL803935,Tested in vitro for the concentration required to inhibit specific [3H]DTG radioligand binding to sigma receptor on guinea pig brain membrane,B,,,BAO_0000190,BAO_0000019,assay format,N=C(Nc1cccc2ccccc12)N(c1ccccc1)c1cccc2ccccc12,,,CHEMBL1127479,J Med Chem,1994.0,"{'bei': '13.16', 'le': '0.23', 'lle': '-2.08', 'sei': '13.04'}",CHEMBL313649,,CHEMBL313649,5.10,0,http://www.openphacts.org/units/Nanomolar,163657,=,1,1,=,,IC50,nM,,7930.0,CHEMBL287,Homo sapiens,Sigma opioid receptor,9606,,,IC50,nM,UO_0000065,,7930.0
,,862101,[],CHEMBL803935,Tested in vitro for the concentration required to inhibit specific [3H]DTG radioligand binding to sigma receptor on guinea pig brain membrane,B,,,BAO_0000190,BAO_0000019,assay format,CN(C(=N)Nc1cccc(N=[N+]=[N-])c1)c1cccc2ccccc12,,,CHEMBL1127479,J Med Chem,1994.0,"{'bei': '17.58', 'le': '0.32', 'lle': '0.30', 'sei': '6.33'}",CHEMBL431462,,CHEMBL431462,5.56,0,http://www.openphacts.org/units/Nanomolar,163665,=,1,1,=,,IC50,nM,,2740.0,CHEMBL287,Homo sapiens,Sigma opioid receptor,9606,,,IC50,nM,UO_0000065,,2740.0
,,863265,[],CHEMBL803935,Tested in vitro for the concentration required to inhibit specific [3H]DTG radioligand binding to sigma receptor on guinea pig brain membrane,B,,,BAO_0000190,BAO_0000019,assay format,CCc1cccc(N(C)C(=N)N(C)c2cccc3ccccc23)c1,,,CHEMBL1127479,J Med Chem,1994.0,"{'bei': '18.64', 'le': '0.34', 'lle': '1.01', 'sei': '19.51'}",CHEMBL89811,,CHEMBL89811,5.92,0,http://www.openphacts.org/units/Nanomolar,163635,=,1,1,=,,IC50,nM,,1210.0,CHEMBL287,Homo sapiens,Sigma opioid receptor,9606,,,IC50,nM,UO_0000065,,1210.0
,,864492,[],CHEMBL803935,Tested in vitro for the concentration required to inhibit specific [3H]DTG radioligand binding to sigma receptor on guinea pig brain membrane,B,,,BAO_0000190,BAO_0000019,assay format,Cc1cccc(NC(=N)Nc2cccc3ccccc23)c1,,,CHEMBL1127479,J Med Chem,1994.0,"{'bei': '25.87', 'le': '0.46', 'lle': '2.51', 'sei': '14.87'}",CHEMBL88932,,CHEMBL88932,7.12,0,http://www.openphacts.org/units/Nanomolar,163610,=,1,1,=,,IC50,nM,,75.0,CHEMBL287,Homo sapiens,Sigma opioid receptor,9606,,,IC50,nM,UO_0000065,,75.0
,,864610,[],CHEMBL803935,Tested in vitro for the concentration required to inhibit specific [3H]DTG radioligand binding to sigma receptor on guinea pig brain membrane,B,,,BAO_0000190,BAO_0000019,assay format,CC(C)c1cccc(NC(=N)Nc2cccc(C(C)C)c2)c1,,,CHEMBL1127479,J Med Chem,1994.0,"{'bei': '23.75', 'le': '0.44', 'lle': '1.63', 'sei': '14.65'}",CHEMBL82078,,CHEMBL82078,7.02,0,http://www.openphacts.org/units/Nanomolar,163642,=,1,1,=,,IC50,nM,,96.0,CHEMBL287,Homo sapiens,Sigma opioid receptor,9606,,,IC50,nM,UO_0000065,,96.0
,,864612,[],CHEMBL803935,Tested in vitro for the concentration required to inhibit specific [3H]DTG radioligand binding to sigma receptor on guinea pig brain membrane,B,,,BAO_0000190,BAO_0000019,assay format,Cc1ccc(NC(=N)Nc2ccc(C)cc2)cc1,,,CHEMBL1127479,J Med Chem,1994.0,"{'bei': '26.21', 'le': '0.48', 'lle': '2.51', 'sei': '13.09'}",CHEMBL81602,,CHEMBL81602,6.27,1,http://www.openphacts.org/units/Nanomolar,163638,=,1,1,=,,IC50,nM,,535.0,CHEMBL287,Homo sapiens,Sigma opioid receptor,9606,,,IC50,nM,UO_0000065,,535.0
,,864614,[],CHEMBL803935,Tested in vitro for the concentration required to inhibit specific [3H]DTG radioligand binding to sigma receptor on guinea pig brain membrane,B,,,BAO_0000190,BAO_0000019,assay format,CCc1cccc(NC(=N)N(C)c2cccc(CC)c2)c1,,,CHEMBL1127479,J Med Chem,1994.0,"{'bei': '25.18', 'le': '0.46', 'lle': '2.80', 'sei': '18.11'}",CHEMBL91628,,CHEMBL91628,7.09,0,http://www.openphacts.org/units/Nanomolar,163624,=,1,1,=,,IC50,nM,,82.0,CHEMBL287,Homo sapiens,Sigma opioid receptor,9606,,,IC50,nM,UO_0000065,,82.0
,,864625,[],CHEMBL803935,Tested in vitro for the concentration required to inhibit specific [3H]DTG radioligand binding to sigma receptor on guinea pig brain membrane,B,,,BAO_0000190,BAO_0000019,assay format,CN(C(=N)Nc1cccc2ccccc12)c1cccc2ccccc12,,,CHEMBL1127479,J Med Chem,1994.0,"{'bei': '16.34', 'le': '0.29', 'lle': '-0.16', 'sei': '13.60'}",CHEMBL88465,,CHEMBL88465,5.32,0,http://www.openphacts.org/units/Nanomolar,163655,=,1,1,=,,IC50,nM,,4800.0,CHEMBL287,Homo sapiens,Sigma opioid receptor,9606,,,IC50,nM,UO_0000065,,4800.0
,,905309,[],CHEMBL804883,In vitro inhibitory activity against [3H]DTG binding to Sigma opioid receptor in guinea pig brain membrane homogenates,B,,,BAO_0000190,BAO_0000249,cell membrane format,N=C(Nc1ccccc1-c1ccccc1)Nc1cccc2ccccc12,,,CHEMBL1125137,J Med Chem,1990.0,"{'bei': '17.87', 'le': '0.32', 'lle': '0.06', 'sei': '12.58'}",CHEMBL82246,,CHEMBL82246,6.03,0,http://www.openphacts.org/units/Nanomolar,143862,=,1,1,=,,IC50,nM,,935.0,CHEMBL287,Homo sapiens,Sigma opioid receptor,9606,,,IC50,nM,UO_0000065,,935.0
,,905311,[],CHEMBL804883,In vitro inhibitory activity against [3H]DTG binding to Sigma opioid receptor in guinea pig brain membrane homogenates,B,,,BAO_0000190,BAO_0000249,cell membrane format,Br.N=C(NCc1ccccc1)NCc1ccccc1,,,CHEMBL1125137,J Med Chem,1990.0,"{'bei': '29.44', 'le': '0.53', 'lle': '4.55', 'sei': '14.71'}",CHEMBL539782,,CHEMBL83430,7.05,0,http://www.openphacts.org/units/Nanomolar,143833,=,1,1,=,,IC50,nM,,90.0,CHEMBL287,Homo sapiens,Sigma opioid receptor,9606,,,IC50,nM,UO_0000065,,90.0
,,905312,[],CHEMBL873129,In vitro inhibitory activity against [3H]- (+)-3-PPP binding to Sigma opioid receptor in guinea pig brain membrane homogenates,B,,,BAO_0000190,BAO_0000249,cell membrane format,Br.N=C(NCc1ccccc1)NCc1ccccc1,,,CHEMBL1125137,J Med Chem,1990.0,"{'bei': '31.26', 'le': '0.57', 'lle': '4.98', 'sei': '15.62'}",CHEMBL539782,,CHEMBL83430,7.48,0,http://www.openphacts.org/units/Nanomolar,143833,=,1,1,=,,IC50,nM,,33.0,CHEMBL287,Homo sapiens,Sigma opioid receptor,9606,,,IC50,nM,UO_0000065,,33.0
,,906682,[],CHEMBL804883,In vitro inhibitory activity against [3H]DTG binding to Sigma opioid receptor in guinea pig brain membrane homogenates,B,,,BAO_0000190,BAO_0000249,cell membrane format,Cc1ccccc1/N=C(/N)Nc1ccc(N)cc1C.Cl,,,CHEMBL1125137,J Med Chem,1990.0,"{'bei': '25.76', 'le': '0.47', 'lle': '3.61', 'sei': '8.57'}",CHEMBL543596,,CHEMBL1192372,6.55,0,http://www.openphacts.org/units/Nanomolar,143866,=,1,1,=,,IC50,nM,,280.0,CHEMBL287,Homo sapiens,Sigma opioid receptor,9606,,,IC50,nM,UO_0000065,,280.0
,,906683,[],CHEMBL873129,In vitro inhibitory activity against [3H]- (+)-3-PPP binding to Sigma opioid receptor in guinea pig brain membrane homogenates,B,,,BAO_0000190,BAO_0000249,cell membrane format,Cc1ccccc1/N=C(/N)Nc1ccc(N)cc1C.Cl,,,CHEMBL1125137,J Med Chem,1990.0,"{'bei': '26.18', 'le': '0.48', 'lle': '3.72', 'sei': '8.71'}",CHEMBL543596,,CHEMBL1192372,6.66,0,http://www.openphacts.org/units/Nanomolar,143866,=,1,1,=,,IC50,nM,,220.0,CHEMBL287,Homo sapiens,Sigma opioid receptor,9606,,,IC50,nM,UO_0000065,,220.0
,,906685,[],CHEMBL804883,In vitro inhibitory activity against [3H]DTG binding to Sigma opioid receptor in guinea pig brain membrane homogenates,B,,,BAO_0000190,BAO_0000249,cell membrane format,Cc1ccccc1/N=C(/N)Nc1ccccc1/C=C/c1ccccc1,,,CHEMBL1125137,J Med Chem,1990.0,"{'bei': '18.44', 'le': '0.33', 'lle': '0.82', 'sei': '11.97'}",CHEMBL82247,,CHEMBL82247,6.04,0,http://www.openphacts.org/units/Nanomolar,143863,=,1,1,=,,IC50,nM,,920.0,CHEMBL287,Homo sapiens,Sigma opioid receptor,9606,,,IC50,nM,UO_0000065,,920.0
,,906687,[],CHEMBL804883,In vitro inhibitory activity against [3H]DTG binding to Sigma opioid receptor in guinea pig brain membrane homogenates,B,,,BAO_0000190,BAO_0000249,cell membrane format,Cc1ccccc1/N=C(/N)Nc1cccc(O)c1.Cl,,,CHEMBL1125137,J Med Chem,1990.0,"{'bei': '27.70', 'le': '0.51', 'lle': '3.92', 'sei': '9.46'}",CHEMBL536782,,CHEMBL1188589,6.68,0,http://www.openphacts.org/units/Nanomolar,143816,=,1,1,=,,IC50,nM,,207.0,CHEMBL287,Homo sapiens,Sigma opioid receptor,9606,,,IC50,nM,UO_0000065,,207.0
,,906688,[],CHEMBL873129,In vitro inhibitory activity against [3H]- (+)-3-PPP binding to Sigma opioid receptor in guinea pig brain membrane homogenates,B,,,BAO_0000190,BAO_0000249,cell membrane format,Cc1ccccc1/N=C(/N)Nc1cccc(O)c1.Cl,,,CHEMBL1125137,J Med Chem,1990.0,"{'bei': '28.22', 'le': '0.52', 'lle': '4.05', 'sei': '9.64'}",CHEMBL536782,,CHEMBL1188589,6.81,0,http://www.openphacts.org/units/Nanomolar,143816,=,1,1,=,,IC50,nM,,155.0,CHEMBL287,Homo sapiens,Sigma opioid receptor,9606,,,IC50,nM,UO_0000065,,155.0
,,906690,[],CHEMBL804883,In vitro inhibitory activity against [3H]DTG binding to Sigma opioid receptor in guinea pig brain membrane homogenates,B,,,BAO_0000190,BAO_0000249,cell membrane format,N=C1N(c2ccccc2)CCN1c1ccccc1,,,CHEMBL1125137,J Med Chem,1990.0,"{'bei': '27.26', 'le': '0.49', 'lle': '3.52', 'sei': '21.33'}",CHEMBL82144,,CHEMBL82144,6.47,0,http://www.openphacts.org/units/Nanomolar,143831,=,1,1,=,,IC50,nM,,340.0,CHEMBL287,Homo sapiens,Sigma opioid receptor,9606,,,IC50,nM,UO_0000065,,340.0
,,906743,[],CHEMBL803918,In vitro inhibitory activity against [3H]-DTG in guinea pig brain membrane homogenates,B,,,BAO_0000190,BAO_0000249,cell membrane format,N=C(Nc1ccccc1I)NC1CC2CCC1C2,,,CHEMBL1125137,J Med Chem,1990.0,"{'bei': '23.37', 'le': '0.63', 'lle': '4.88', 'sei': '17.33'}",CHEMBL310003,,CHEMBL310003,8.30,0,http://www.openphacts.org/units/Nanomolar,143876,=,1,1,=,,IC50,nM,,5.0,CHEMBL287,Homo sapiens,Sigma opioid receptor,9606,,,IC50,nM,UO_0000065,,5.0
,,907965,[],CHEMBL804883,In vitro inhibitory activity against [3H]DTG binding to Sigma opioid receptor in guinea pig brain membrane homogenates,B,,,BAO_0000190,BAO_0000249,cell membrane format,CCCCCCCCN=C(NC1CCCCC1)NC1CCCCC1.Cl,,,CHEMBL1125137,J Med Chem,1990.0,"{'bei': '19.74', 'le': '0.38', 'lle': '1.07', 'sei': '18.19'}",CHEMBL543120,,CHEMBL1191951,6.62,0,http://www.openphacts.org/units/Nanomolar,143813,=,1,1,=,,IC50,nM,,238.0,CHEMBL287,Homo sapiens,Sigma opioid receptor,9606,,,IC50,nM,UO_0000065,,238.0
,,907966,[],CHEMBL873129,In vitro inhibitory activity against [3H]- (+)-3-PPP binding to Sigma opioid receptor in guinea pig brain membrane homogenates,B,,,BAO_0000190,BAO_0000249,cell membrane format,CCCCCCCCN=C(NC1CCCCC1)NC1CCCCC1.Cl,,,CHEMBL1125137,J Med Chem,1990.0,"{'bei': '19.74', 'le': '0.38', 'lle': '1.08', 'sei': '18.19'}",CHEMBL543120,,CHEMBL1191951,6.62,0,http://www.openphacts.org/units/Nanomolar,143813,=,1,1,=,,IC50,nM,,237.0,CHEMBL287,Homo sapiens,Sigma opioid receptor,9606,,,IC50,nM,UO_0000065,,237.0
,,910543,[],CHEMBL804883,In vitro inhibitory activity against [3H]DTG binding to Sigma opioid receptor in guinea pig brain membrane homogenates,B,,,BAO_0000190,BAO_0000249,cell membrane format,Cc1ccccc1/N=C(/N)Nc1ccccc1[N+](=O)[O-],,,CHEMBL1125137,J Med Chem,1990.0,"{'bei': '25.70', 'le': '0.47', 'lle': '3.99', 'sei': '7.43'}",CHEMBL81735,,CHEMBL81735,6.95,0,http://www.openphacts.org/units/Nanomolar,143802,=,1,1,=,,IC50,nM,,113.0,CHEMBL287,Homo sapiens,Sigma opioid receptor,9606,,,IC50,nM,UO_0000065,,113.0
,,911896,[],CHEMBL804883,In vitro inhibitory activity against [3H]DTG binding to Sigma opioid receptor in guinea pig brain membrane homogenates,B,,,BAO_0000190,BAO_0000249,cell membrane format,N=C(Nc1ccc(Br)cc1)Nc1ccc(Br)cc1,,,CHEMBL1125137,J Med Chem,1990.0,"{'bei': '16.98', 'le': '0.48', 'lle': '1.60', 'sei': '13.08'}",CHEMBL81070,,CHEMBL81070,6.27,0,http://www.openphacts.org/units/Nanomolar,143865,=,1,1,=,,IC50,nM,,540.0,CHEMBL287,Homo sapiens,Sigma opioid receptor,9606,,,IC50,nM,UO_0000065,,540.0
,,911897,[],CHEMBL873129,In vitro inhibitory activity against [3H]- (+)-3-PPP binding to Sigma opioid receptor in guinea pig brain membrane homogenates,B,,,BAO_0000190,BAO_0000249,cell membrane format,N=C(Nc1ccc(Br)cc1)Nc1ccc(Br)cc1,,,CHEMBL1125137,J Med Chem,1990.0,"{'bei': '17.49', 'le': '0.49', 'lle': '1.79', 'sei': '13.48'}",CHEMBL81070,,CHEMBL81070,6.46,0,http://www.openphacts.org/units/Nanomolar,143865,=,1,1,=,,IC50,nM,,350.0,CHEMBL287,Homo sapiens,Sigma opioid receptor,9606,,,IC50,nM,UO_0000065,,350.0
,,913139,[],CHEMBL804883,In vitro inhibitory activity against [3H]DTG binding to Sigma opioid receptor in guinea pig brain membrane homogenates,B,,,BAO_0000190,BAO_0000249,cell membrane format,CCc1ccccc1NC(=N)Nc1ccccc1CC,,,CHEMBL1125137,J Med Chem,1990.0,"{'bei': '29.40', 'le': '0.54', 'lle': '3.59', 'sei': '16.41'}",CHEMBL310170,,CHEMBL310170,7.86,0,http://www.openphacts.org/units/Nanomolar,143852,=,1,1,=,,IC50,nM,,13.8,CHEMBL287,Homo sapiens,Sigma opioid receptor,9606,,,IC50,nM,UO_0000065,,13.8
,,913140,[],CHEMBL873129,In vitro inhibitory activity against [3H]- (+)-3-PPP binding to Sigma opioid receptor in guinea pig brain membrane homogenates,B,,,BAO_0000190,BAO_0000249,cell membrane format,CCc1ccccc1NC(=N)Nc1ccccc1CC,,,CHEMBL1125137,J Med Chem,1990.0,"{'bei': '27.51', 'le': '0.50', 'lle': '3.09', 'sei': '15.35'}",CHEMBL310170,,CHEMBL310170,7.36,0,http://www.openphacts.org/units/Nanomolar,143852,=,1,1,=,,IC50,nM,,44.0,CHEMBL287,Homo sapiens,Sigma opioid receptor,9606,,,IC50,nM,UO_0000065,,44.0
,,913143,[],CHEMBL804883,In vitro inhibitory activity against [3H]DTG binding to Sigma opioid receptor in guinea pig brain membrane homogenates,B,,,BAO_0000190,BAO_0000249,cell membrane format,N=C(Nc1ccccc1I)NC1CC2CCC1C2,,,CHEMBL1125137,J Med Chem,1990.0,"{'bei': '23.64', 'le': '0.64', 'lle': '4.98', 'sei': '17.53'}",CHEMBL310003,,CHEMBL310003,8.40,0,http://www.openphacts.org/units/Nanomolar,143844,=,1,1,=,,IC50,nM,,4.0,CHEMBL287,Homo sapiens,Sigma opioid receptor,9606,,,IC50,nM,UO_0000065,,4.0
,,913238,[],CHEMBL803918,In vitro inhibitory activity against [3H]-DTG in guinea pig brain membrane homogenates,B,,,BAO_0000190,BAO_0000249,cell membrane format,CN=C(NC1CCCCC1)NC1CCCCC1.Cl,,,CHEMBL1125137,J Med Chem,1990.0,"{'bei': '27.91', 'le': '0.53', 'lle': '3.81', 'sei': '18.19'}",CHEMBL543121,,CHEMBL1191952,6.62,0,http://www.openphacts.org/units/Nanomolar,143874,=,1,1,=,,IC50,nM,,237.0,CHEMBL287,Homo sapiens,Sigma opioid receptor,9606,,,IC50,nM,UO_0000065,,237.0
,,913239,[],CHEMBL803917,In vitro inhibitory activity against [3H]- (+)-3-PPP binding to sigma receptor in guinea pig brain membrane homogenates,B,,,BAO_0000190,BAO_0000249,cell membrane format,CN=C(NC1CCCCC1)NC1CCCCC1.Cl,,,CHEMBL1125137,J Med Chem,1990.0,"{'bei': '28.81', 'le': '0.55', 'lle': '4.02', 'sei': '18.78'}",CHEMBL543121,,CHEMBL1191952,6.84,0,http://www.openphacts.org/units/Nanomolar,143874,=,1,1,=,,IC50,nM,,145.0,CHEMBL287,Homo sapiens,Sigma opioid receptor,9606,,,IC50,nM,UO_0000065,,145.0
,,914643,[],CHEMBL804883,In vitro inhibitory activity against [3H]DTG binding to Sigma opioid receptor in guinea pig brain membrane homogenates,B,,,BAO_0000190,BAO_0000249,cell membrane format,Cc1cccc(NC(=N)Nc2cccc(C)c2)c1,,,CHEMBL1125137,J Med Chem,1990.0,"{'bei': '30.21', 'le': '0.55', 'lle': '3.47', 'sei': '15.09'}",CHEMBL309603,,CHEMBL309603,7.23,0,http://www.openphacts.org/units/Nanomolar,143805,=,1,1,=,,IC50,nM,,59.0,CHEMBL287,Homo sapiens,Sigma opioid receptor,9606,,,IC50,nM,UO_0000065,,59.0
,,914644,[],CHEMBL873129,In vitro inhibitory activity against [3H]- (+)-3-PPP binding to Sigma opioid receptor in guinea pig brain membrane homogenates,B,,,BAO_0000190,BAO_0000249,cell membrane format,Cc1cccc(NC(=N)Nc2cccc(C)c2)c1,,,CHEMBL1125137,J Med Chem,1990.0,"{'bei': '29.57', 'le': '0.54', 'lle': '3.32', 'sei': '14.77'}",CHEMBL309603,,CHEMBL309603,7.08,0,http://www.openphacts.org/units/Nanomolar,143805,=,1,1,=,,IC50,nM,,84.0,CHEMBL287,Homo sapiens,Sigma opioid receptor,9606,,,IC50,nM,UO_0000065,,84.0
,,914647,[],CHEMBL804883,In vitro inhibitory activity against [3H]DTG binding to Sigma opioid receptor in guinea pig brain membrane homogenates,B,,,BAO_0000190,BAO_0000249,cell membrane format,CC12CC3CC(C)(C1)CC(/N=C(\N)Nc1ccccc1I)(C3)C2.Cl,,,CHEMBL1125137,J Med Chem,1990.0,"{'bei': '18.42', 'le': '0.46', 'lle': '3.03', 'sei': '15.46'}",CHEMBL553074,,CHEMBL1194667,7.80,0,http://www.openphacts.org/units/Nanomolar,143824,=,1,1,=,,IC50,nM,,16.0,CHEMBL287,Homo sapiens,Sigma opioid receptor,9606,,,IC50,nM,UO_0000065,,16.0
,,914649,[],CHEMBL804883,In vitro inhibitory activity against [3H]DTG binding to Sigma opioid receptor in guinea pig brain membrane homogenates,B,,,BAO_0000190,BAO_0000249,cell membrane format,Cl.N=C(NC1C[C@H]1c1ccccc1)NC12CC3CC(CC(C3)C1)C2,,,CHEMBL1125137,J Med Chem,1990.0,"{'bei': '22.36', 'le': '0.41', 'lle': '3.29', 'sei': '14.45'}",CHEMBL545007,,CHEMBL1193578,6.92,0,http://www.openphacts.org/units/Nanomolar,143821,=,1,1,=,,IC50,nM,,120.0,CHEMBL287,Homo sapiens,Sigma opioid receptor,9606,,,IC50,nM,UO_0000065,,120.0
,,915870,[],CHEMBL804883,In vitro inhibitory activity against [3H]DTG binding to Sigma opioid receptor in guinea pig brain membrane homogenates,B,,,BAO_0000190,BAO_0000249,cell membrane format,ON=C(NC1CCCCC1)NC1CCCCC1,,,CHEMBL1125137,J Med Chem,1990.0,"{'bei': '27.44', 'le': '0.53', 'lle': '3.99', 'sei': '11.59'}",CHEMBL79145,,CHEMBL79145,6.57,0,http://www.openphacts.org/units/Nanomolar,143814,=,1,1,=,,IC50,nM,,271.0,CHEMBL287,Homo sapiens,Sigma opioid receptor,9606,,,IC50,nM,UO_0000065,,271.0
,,915871,[],CHEMBL873129,In vitro inhibitory activity against [3H]- (+)-3-PPP binding to Sigma opioid receptor in guinea pig brain membrane homogenates,B,,,BAO_0000190,BAO_0000249,cell membrane format,ON=C(NC1CCCCC1)NC1CCCCC1,,,CHEMBL1125137,J Med Chem,1990.0,"{'bei': '28.63', 'le': '0.55', 'lle': '4.27', 'sei': '12.10'}",CHEMBL79145,,CHEMBL79145,6.85,0,http://www.openphacts.org/units/Nanomolar,143814,=,1,1,=,,IC50,nM,,140.0,CHEMBL287,Homo sapiens,Sigma opioid receptor,9606,,,IC50,nM,UO_0000065,,140.0
,,915873,[],CHEMBL804883,In vitro inhibitory activity against [3H]DTG binding to Sigma opioid receptor in guinea pig brain membrane homogenates,B,,,BAO_0000190,BAO_0000249,cell membrane format,N/C(=N\C12CC3CC(CC(C3)C1)C2)Nc1ccccc1[N+](=O)[O-],,,CHEMBL1125137,J Med Chem,1990.0,"{'bei': '23.93', 'le': '0.45', 'lle': '4.23', 'sei': '8.04'}",CHEMBL78488,,CHEMBL78488,7.52,0,http://www.openphacts.org/units/Nanomolar,143823,=,1,1,=,,IC50,nM,,30.0,CHEMBL287,Homo sapiens,Sigma opioid receptor,9606,,,IC50,nM,UO_0000065,,30.0
,,915874,[],CHEMBL873129,In vitro inhibitory activity against [3H]- (+)-3-PPP binding to Sigma opioid receptor in guinea pig brain membrane homogenates,B,,,BAO_0000190,BAO_0000249,cell membrane format,N/C(=N\C12CC3CC(CC(C3)C1)C2)Nc1ccccc1[N+](=O)[O-],,,CHEMBL1125137,J Med Chem,1990.0,"{'bei': '24.49', 'le': '0.46', 'lle': '4.41', 'sei': '8.23'}",CHEMBL78488,,CHEMBL78488,7.70,0,http://www.openphacts.org/units/Nanomolar,143823,=,1,1,=,,IC50,nM,,20.0,CHEMBL287,Homo sapiens,Sigma opioid receptor,9606,,,IC50,nM,UO_0000065,,20.0
,,915876,[],CHEMBL804883,In vitro inhibitory activity against [3H]DTG binding to Sigma opioid receptor in guinea pig brain membrane homogenates,B,,,BAO_0000190,BAO_0000249,cell membrane format,CC1(C)C2CCC1(C)C(/N=C(\N)Nc1ccccc1I)C2.Cl,,,CHEMBL1125137,J Med Chem,1990.0,"{'bei': '19.49', 'le': '0.50', 'lle': '3.51', 'sei': '15.36'}",CHEMBL553817,,CHEMBL1195081,7.75,0,http://www.openphacts.org/units/Nanomolar,143837,=,1,1,=,,IC50,nM,,18.0,CHEMBL287,Homo sapiens,Sigma opioid receptor,9606,,,IC50,nM,UO_0000065,,18.0
,,917073,[],CHEMBL804883,In vitro inhibitory activity against [3H]DTG binding to Sigma opioid receptor in guinea pig brain membrane homogenates,B,,,BAO_0000190,BAO_0000249,cell membrane format,CC(C)c1ccc(NC(=N)Nc2ccc(C(C)C)cc2)cc1,,,CHEMBL1125137,J Med Chem,1990.0,"{'bei': '22.23', 'le': '0.41', 'lle': '1.18', 'sei': '13.71'}",CHEMBL81626,,CHEMBL81626,6.57,0,http://www.openphacts.org/units/Nanomolar,143871,=,1,1,=,,IC50,nM,,270.0,CHEMBL287,Homo sapiens,Sigma opioid receptor,9606,,,IC50,nM,UO_0000065,,270.0
,,917075,[],CHEMBL804883,In vitro inhibitory activity against [3H]DTG binding to Sigma opioid receptor in guinea pig brain membrane homogenates,B,,,BAO_0000190,BAO_0000249,cell membrane format,CC(C)(C)c1ccccc1NC(=N)Nc1ccccc1C(C)(C)C,,,CHEMBL1125137,J Med Chem,1990.0,"{'bei': '19.93', 'le': '0.37', 'lle': '0.71', 'sei': '13.46'}",CHEMBL78411,,CHEMBL78411,6.45,0,http://www.openphacts.org/units/Nanomolar,143867,=,1,1,=,,IC50,nM,,356.0,CHEMBL287,Homo sapiens,Sigma opioid receptor,9606,,,IC50,nM,UO_0000065,,356.0
,,917077,[],CHEMBL804883,In vitro inhibitory activity against [3H]DTG binding to Sigma opioid receptor in guinea pig brain membrane homogenates,B,,,BAO_0000190,BAO_0000249,cell membrane format,Cc1ccccc1/N=C(\N)NC1CCCCC1,,,CHEMBL1125137,J Med Chem,1990.0,"{'bei': '34.24', 'le': '0.64', 'lle': '5.06', 'sei': '15.71'}",CHEMBL79164,,CHEMBL79164,7.92,0,http://www.openphacts.org/units/Nanomolar,143856,=,1,1,=,,IC50,nM,,12.0,CHEMBL287,Homo sapiens,Sigma opioid receptor,9606,,,IC50,nM,UO_0000065,,12.0
,,917078,[],CHEMBL873129,In vitro inhibitory activity against [3H]- (+)-3-PPP binding to Sigma opioid receptor in guinea pig brain membrane homogenates,B,,,BAO_0000190,BAO_0000249,cell membrane format,Cc1ccccc1/N=C(\N)NC1CCCCC1,,,CHEMBL1125137,J Med Chem,1990.0,"{'bei': '33.82', 'le': '0.63', 'lle': '4.96', 'sei': '15.52'}",CHEMBL79164,,CHEMBL79164,7.82,0,http://www.openphacts.org/units/Nanomolar,143856,=,1,1,=,,IC50,nM,,15.0,CHEMBL287,Homo sapiens,Sigma opioid receptor,9606,,,IC50,nM,UO_0000065,,15.0
,,917081,[],CHEMBL804883,In vitro inhibitory activity against [3H]DTG binding to Sigma opioid receptor in guinea pig brain membrane homogenates,B,,,BAO_0000190,BAO_0000249,cell membrane format,Cc1ccccc1/N=C(/N)Nc1ccc([N+](=O)[O-])cc1C,,,CHEMBL1125137,J Med Chem,1990.0,"{'bei': '26.14', 'le': '0.48', 'lle': '4.16', 'sei': '7.94'}",CHEMBL81824,,CHEMBL81824,7.43,0,http://www.openphacts.org/units/Nanomolar,143807,=,1,1,=,,IC50,nM,,37.0,CHEMBL287,Homo sapiens,Sigma opioid receptor,9606,,,IC50,nM,UO_0000065,,37.0
,,917082,[],CHEMBL873129,In vitro inhibitory activity against [3H]- (+)-3-PPP binding to Sigma opioid receptor in guinea pig brain membrane homogenates,B,,,BAO_0000190,BAO_0000249,cell membrane format,Cc1ccccc1/N=C(/N)Nc1ccc([N+](=O)[O-])cc1C,,,CHEMBL1125137,J Med Chem,1990.0,"{'bei': '26.06', 'le': '0.48', 'lle': '4.14', 'sei': '7.92'}",CHEMBL81824,,CHEMBL81824,7.41,0,http://www.openphacts.org/units/Nanomolar,143807,=,1,1,=,,IC50,nM,,39.0,CHEMBL287,Homo sapiens,Sigma opioid receptor,9606,,,IC50,nM,UO_0000065,,39.0
,,917084,[],CHEMBL804883,In vitro inhibitory activity against [3H]DTG binding to Sigma opioid receptor in guinea pig brain membrane homogenates,B,,,BAO_0000190,BAO_0000249,cell membrane format,Cc1cc([N+](=O)[O-])ccc1/N=C(/N)Nc1cccc(O)c1,,,CHEMBL1125137,J Med Chem,1990.0,"{'bei': '24.20', 'le': '0.45', 'lle': '4.26', 'sei': '6.09'}",CHEMBL312588,,CHEMBL312588,6.93,0,http://www.openphacts.org/units/Nanomolar,143819,=,1,1,=,,IC50,nM,,118.0,CHEMBL287,Homo sapiens,Sigma opioid receptor,9606,,,IC50,nM,UO_0000065,,118.0
,,917085,[],CHEMBL873129,In vitro inhibitory activity against [3H]- (+)-3-PPP binding to Sigma opioid receptor in guinea pig brain membrane homogenates,B,,,BAO_0000190,BAO_0000249,cell membrane format,Cc1cc([N+](=O)[O-])ccc1/N=C(/N)Nc1cccc(O)c1,,,CHEMBL1125137,J Med Chem,1990.0,"{'bei': '24.54', 'le': '0.46', 'lle': '4.36', 'sei': '6.18'}",CHEMBL312588,,CHEMBL312588,7.03,0,http://www.openphacts.org/units/Nanomolar,143819,=,1,1,=,,IC50,nM,,94.0,CHEMBL287,Homo sapiens,Sigma opioid receptor,9606,,,IC50,nM,UO_0000065,,94.0
,,917087,[],CHEMBL804883,In vitro inhibitory activity against [3H]DTG binding to Sigma opioid receptor in guinea pig brain membrane homogenates,B,,,BAO_0000190,BAO_0000249,cell membrane format,N=C(Nc1ccccc1C(F)(F)F)Nc1ccccc1C(F)(F)F,,,CHEMBL1125137,J Med Chem,1990.0,"{'bei': '19.20', 'le': '0.38', 'lle': '1.49', 'sei': '13.92'}",CHEMBL81539,,CHEMBL81539,6.67,0,http://www.openphacts.org/units/Nanomolar,143815,=,1,1,=,,IC50,nM,,215.0,CHEMBL287,Homo sapiens,Sigma opioid receptor,9606,,,IC50,nM,UO_0000065,,215.0
,,917088,[],CHEMBL873129,In vitro inhibitory activity against [3H]- (+)-3-PPP binding to Sigma opioid receptor in guinea pig brain membrane homogenates,B,,,BAO_0000190,BAO_0000249,cell membrane format,N=C(Nc1ccccc1C(F)(F)F)Nc1ccccc1C(F)(F)F,,,CHEMBL1125137,J Med Chem,1990.0,"{'bei': '17.61', 'le': '0.35', 'lle': '0.94', 'sei': '12.77'}",CHEMBL81539,,CHEMBL81539,6.12,0,http://www.openphacts.org/units/Nanomolar,143815,=,1,1,=,,IC50,nM,,766.0,CHEMBL287,Homo sapiens,Sigma opioid receptor,9606,,,IC50,nM,UO_0000065,,766.0
,,917090,[],CHEMBL804883,In vitro inhibitory activity against [3H]DTG binding to Sigma opioid receptor in guinea pig brain membrane homogenates,B,,,BAO_0000190,BAO_0000249,cell membrane format,Cl.N=C(Nc1ccccc1CCc1ccccc1)NC12CC3CC(CC(C3)C1)C2,,,CHEMBL1125137,J Med Chem,1990.0,"{'bei': '18.61', 'le': '0.34', 'lle': '1.57', 'sei': '14.51'}",CHEMBL543355,,CHEMBL1192167,6.95,0,http://www.openphacts.org/units/Nanomolar,143822,=,1,1,=,,IC50,nM,,112.0,CHEMBL287,Homo sapiens,Sigma opioid receptor,9606,,,IC50,nM,UO_0000065,,112.0
,,918339,[],CHEMBL804883,In vitro inhibitory activity against [3H]DTG binding to Sigma opioid receptor in guinea pig brain membrane homogenates,B,,,BAO_0000190,BAO_0000249,cell membrane format,Cl.N=C(NC12CC3CC(CC(C3)C1)C2)NC12CC3CC(CC(C3)C1)C2,,,CHEMBL1125137,J Med Chem,1990.0,"{'bei': '23.80', 'le': '0.44', 'lle': '3.76', 'sei': '16.27'}",CHEMBL553535,,CHEMBL1194915,7.80,0,http://www.openphacts.org/units/Nanomolar,143825,=,1,1,=,,IC50,nM,,16.0,CHEMBL287,Homo sapiens,Sigma opioid receptor,9606,,,IC50,nM,UO_0000065,,16.0
,,918340,[],CHEMBL873129,In vitro inhibitory activity against [3H]- (+)-3-PPP binding to Sigma opioid receptor in guinea pig brain membrane homogenates,B,,,BAO_0000190,BAO_0000249,cell membrane format,Cl.N=C(NC12CC3CC(CC(C3)C1)C2)NC12CC3CC(CC(C3)C1)C2,,,CHEMBL1125137,J Med Chem,1990.0,"{'bei': '24.30', 'le': '0.45', 'lle': '3.92', 'sei': '16.61'}",CHEMBL553535,,CHEMBL1194915,7.96,0,http://www.openphacts.org/units/Nanomolar,143825,=,1,1,=,,IC50,nM,,11.0,CHEMBL287,Homo sapiens,Sigma opioid receptor,9606,,,IC50,nM,UO_0000065,,11.0
,,918342,[],CHEMBL804883,In vitro inhibitory activity against [3H]DTG binding to Sigma opioid receptor in guinea pig brain membrane homogenates,B,,,BAO_0000190,BAO_0000249,cell membrane format,Cl.N=C(Nc1ccccc1/C=C/c1ccccc1)NC12CC3CC(CC(C3)C1)C2,,,CHEMBL1125137,J Med Chem,1990.0,"{'bei': '17.39', 'le': '0.32', 'lle': '0.70', 'sei': '13.49'}",CHEMBL539360,,CHEMBL1189757,6.46,0,http://www.openphacts.org/units/Nanomolar,143847,=,1,1,=,,IC50,nM,,345.0,CHEMBL287,Homo sapiens,Sigma opioid receptor,9606,,,IC50,nM,UO_0000065,,345.0
,,918344,[],CHEMBL804883,In vitro inhibitory activity against [3H]DTG binding to Sigma opioid receptor in guinea pig brain membrane homogenates,B,,,BAO_0000190,BAO_0000249,cell membrane format,NC1=Nc2ccccc2CN1c1ccccc1,,,CHEMBL1125137,J Med Chem,1990.0,"{'bei': '24.13', 'le': '0.43', 'lle': '2.74', 'sei': '12.94'}",CHEMBL314469,,CHEMBL314469,5.39,0,http://www.openphacts.org/units/Nanomolar,143841,=,1,1,=,,IC50,nM,,4100.0,CHEMBL287,Homo sapiens,Sigma opioid receptor,9606,,,IC50,nM,UO_0000065,,4100.0
,,918407,[],CHEMBL803918,In vitro inhibitory activity against [3H]-DTG in guinea pig brain membrane homogenates,B,,,BAO_0000190,BAO_0000249,cell membrane format,C1CCC(NC(=NC2CC2)NC2CCCCC2)CC1,,,CHEMBL1125137,J Med Chem,1990.0,"{'bei': '23.88', 'le': '0.45', 'lle': '2.94', 'sei': '17.27'}",CHEMBL312806,,CHEMBL312806,6.29,0,http://www.openphacts.org/units/Nanomolar,143879,=,1,1,=,,IC50,nM,,513.0,CHEMBL287,Homo sapiens,Sigma opioid receptor,9606,,,IC50,nM,UO_0000065,,513.0
,,918408,[],CHEMBL803917,In vitro inhibitory activity against [3H]- (+)-3-PPP binding to sigma receptor in guinea pig brain membrane homogenates,B,,,BAO_0000190,BAO_0000249,cell membrane format,C1CCC(NC(=NC2CC2)NC2CCCCC2)CC1,,,CHEMBL1125137,J Med Chem,1990.0,"{'bei': '25.77', 'le': '0.49', 'lle': '3.44', 'sei': '18.64'}",CHEMBL312806,,CHEMBL312806,6.79,0,http://www.openphacts.org/units/Nanomolar,143879,=,1,1,=,,IC50,nM,,163.0,CHEMBL287,Homo sapiens,Sigma opioid receptor,9606,,,IC50,nM,UO_0000065,,163.0
,,919508,[],CHEMBL804883,In vitro inhibitory activity against [3H]DTG binding to Sigma opioid receptor in guinea pig brain membrane homogenates,B,,,BAO_0000190,BAO_0000249,cell membrane format,Cc1ccccc1/N=C(\N)NC1CC2CCC1(C)C2(C)C,,,CHEMBL1125137,J Med Chem,1990.0,"{'bei': '26.63', 'le': '0.49', 'lle': '3.85', 'sei': '15.08'}",CHEMBL79665,,CHEMBL79665,7.60,0,http://www.openphacts.org/units/Nanomolar,143835,=,1,1,=,,IC50,nM,,25.0,CHEMBL287,Homo sapiens,Sigma opioid receptor,9606,,,IC50,nM,UO_0000065,,25.0
,,919510,[],CHEMBL804883,In vitro inhibitory activity against [3H]DTG binding to Sigma opioid receptor in guinea pig brain membrane homogenates,B,,,BAO_0000190,BAO_0000249,cell membrane format,Br.NC1=NCCN1c1ccccc1,,,CHEMBL1125137,J Med Chem,1990.0,"{'bei': '33.84', 'le': '0.62', 'lle': '4.64', 'sei': '13.11'}",CHEMBL543123,,CHEMBL1191954,5.46,0,http://www.openphacts.org/units/Nanomolar,143829,=,1,1,=,,IC50,nM,,3500.0,CHEMBL287,Homo sapiens,Sigma opioid receptor,9606,,,IC50,nM,UO_0000065,,3500.0
,,921834,[],CHEMBL804883,In vitro inhibitory activity against [3H]DTG binding to Sigma opioid receptor in guinea pig brain membrane homogenates,B,,,BAO_0000190,BAO_0000249,cell membrane format,Cl.N=C(Nc1ccccc1/C=C/c1ccccc1)NC1C2CC3CC(C2)CC1C3,,,CHEMBL1125137,J Med Chem,1990.0,"{'bei': '17.31', 'le': '0.31', 'lle': '0.81', 'sei': '13.42'}",CHEMBL543602,,CHEMBL1192378,6.43,0,http://www.openphacts.org/units/Nanomolar,143846,=,1,1,=,,IC50,nM,,370.0,CHEMBL287,Homo sapiens,Sigma opioid receptor,9606,,,IC50,nM,UO_0000065,,370.0
,,921836,[],CHEMBL804883,In vitro inhibitory activity against [3H]DTG binding to Sigma opioid receptor in guinea pig brain membrane homogenates,B,,,BAO_0000190,BAO_0000249,cell membrane format,Cl.N=C(NC1CC2CCC1C2)NC1CC2CCC1C2,,,CHEMBL1125137,J Med Chem,1990.0,"{'bei': '31.51', 'le': '0.59', 'lle': '5.32', 'sei': '16.27'}",CHEMBL545011,,CHEMBL1193582,7.80,0,http://www.openphacts.org/units/Nanomolar,143842,=,1,1,=,,IC50,nM,,16.0,CHEMBL287,Homo sapiens,Sigma opioid receptor,9606,,,IC50,nM,UO_0000065,,16.0
,,921879,[],CHEMBL803918,In vitro inhibitory activity against [3H]-DTG in guinea pig brain membrane homogenates,B,,,BAO_0000190,BAO_0000249,cell membrane format,NC1=Nc2cccc3cccc(c23)N1,,,CHEMBL1125137,J Med Chem,1990.0,,CHEMBL311074,,CHEMBL311074,,0,http://www.openphacts.org/units/Nanomolar,143877,>,1,1,>,,IC50,nM,,10000.0,CHEMBL287,Homo sapiens,Sigma opioid receptor,9606,,,IC50,nM,UO_0000065,,10000.0
,,923121,[],CHEMBL804883,In vitro inhibitory activity against [3H]DTG binding to Sigma opioid receptor in guinea pig brain membrane homogenates,B,,,BAO_0000190,BAO_0000249,cell membrane format,N=C(Nc1ccccc1)Nc1ccccc1,,,CHEMBL1125137,J Med Chem,1990.0,"{'bei': '30.30', 'le': '0.55', 'lle': '3.25', 'sei': '13.36'}",CHEMBL77675,,CHEMBL77675,6.40,0,http://www.openphacts.org/units/Nanomolar,143868,=,1,1,=,,IC50,nM,,397.0,CHEMBL287,Homo sapiens,Sigma opioid receptor,9606,,,IC50,nM,UO_0000065,,397.0
,,923122,[],CHEMBL873129,In vitro inhibitory activity against [3H]- (+)-3-PPP binding to Sigma opioid receptor in guinea pig brain membrane homogenates,B,,,BAO_0000190,BAO_0000249,cell membrane format,N=C(Nc1ccccc1)Nc1ccccc1,,,CHEMBL1125137,J Med Chem,1990.0,"{'bei': '30.28', 'le': '0.55', 'lle': '3.25', 'sei': '13.35'}",CHEMBL77675,,CHEMBL77675,6.40,0,http://www.openphacts.org/units/Nanomolar,143868,=,1,1,=,,IC50,nM,,400.0,CHEMBL287,Homo sapiens,Sigma opioid receptor,9606,,,IC50,nM,UO_0000065,,400.0
,,923128,[],CHEMBL804883,In vitro inhibitory activity against [3H]DTG binding to Sigma opioid receptor in guinea pig brain membrane homogenates,B,,,BAO_0000190,BAO_0000249,cell membrane format,Cc1ccccc1NC(=N)Nc1ccccc1C,,,CHEMBL1125137,J Med Chem,1990.0,"{'bei': '31.32', 'le': '0.57', 'lle': '3.73', 'sei': '15.64'}",CHEMBL282433,DITOLYLGUANIDINE,CHEMBL282433,7.50,0,http://www.openphacts.org/units/Nanomolar,143810,=,1,1,=,,IC50,nM,,32.0,CHEMBL287,Homo sapiens,Sigma opioid receptor,9606,,,IC50,nM,UO_0000065,,32.0
,,923129,[],CHEMBL873129,In vitro inhibitory activity against [3H]- (+)-3-PPP binding to Sigma opioid receptor in guinea pig brain membrane homogenates,B,,,BAO_0000190,BAO_0000249,cell membrane format,Cc1ccccc1NC(=N)Nc1ccccc1C,,,CHEMBL1125137,J Med Chem,1990.0,"{'bei': '31.01', 'le': '0.56', 'lle': '3.66', 'sei': '15.49'}",CHEMBL282433,DITOLYLGUANIDINE,CHEMBL282433,7.42,0,http://www.openphacts.org/units/Nanomolar,143810,=,1,1,=,,IC50,nM,,38.0,CHEMBL287,Homo sapiens,Sigma opioid receptor,9606,,,IC50,nM,UO_0000065,,38.0
,,923132,[],CHEMBL804883,In vitro inhibitory activity against [3H]DTG binding to Sigma opioid receptor in guinea pig brain membrane homogenates,B,,,BAO_0000190,BAO_0000249,cell membrane format,N=C(Nc1cccc(I)c1)Nc1cccc(I)c1,,,CHEMBL1125137,J Med Chem,1990.0,"{'bei': '14.60', 'le': '0.51', 'lle': '2.41', 'sei': '14.11'}",CHEMBL81678,,CHEMBL81678,6.76,0,http://www.openphacts.org/units/Nanomolar,143817,=,1,1,=,,IC50,nM,,173.0,CHEMBL287,Homo sapiens,Sigma opioid receptor,9606,,,IC50,nM,UO_0000065,,173.0
,,927269,[],CHEMBL804883,In vitro inhibitory activity against [3H]DTG binding to Sigma opioid receptor in guinea pig brain membrane homogenates,B,,,BAO_0000190,BAO_0000249,cell membrane format,COc1ccccc1NC(=N)Nc1ccccc1OC,,,CHEMBL1125137,J Med Chem,1990.0,"{'bei': '20.85', 'le': '0.39', 'lle': '2.50', 'sei': '8.52'}",CHEMBL310729,,CHEMBL310729,5.66,0,http://www.openphacts.org/units/Nanomolar,143859,=,1,1,=,,IC50,nM,,2200.0,CHEMBL287,Homo sapiens,Sigma opioid receptor,9606,,,IC50,nM,UO_0000065,,2200.0
,,927270,[],CHEMBL873129,In vitro inhibitory activity against [3H]- (+)-3-PPP binding to Sigma opioid receptor in guinea pig brain membrane homogenates,B,,,BAO_0000190,BAO_0000249,cell membrane format,COc1ccccc1NC(=N)Nc1ccccc1OC,,,CHEMBL1125137,J Med Chem,1990.0,"{'bei': '19.98', 'le': '0.37', 'lle': '2.26', 'sei': '8.17'}",CHEMBL310729,,CHEMBL310729,5.42,0,http://www.openphacts.org/units/Nanomolar,143859,=,1,1,=,,IC50,nM,,3800.0,CHEMBL287,Homo sapiens,Sigma opioid receptor,9606,,,IC50,nM,UO_0000065,,3800.0
,,927272,[],CHEMBL804883,In vitro inhibitory activity against [3H]DTG binding to Sigma opioid receptor in guinea pig brain membrane homogenates,B,,,BAO_0000190,BAO_0000249,cell membrane format,N=C(Nc1cccc2c1CCCC2)Nc1cccc2c1CCCC2,,,CHEMBL1125137,J Med Chem,1990.0,"{'bei': '22.63', 'le': '0.41', 'lle': '2.33', 'sei': '15.09'}",CHEMBL78306,,CHEMBL78306,7.23,0,http://www.openphacts.org/units/Nanomolar,143806,=,1,1,=,,IC50,nM,,58.8,CHEMBL287,Homo sapiens,Sigma opioid receptor,9606,,,IC50,nM,UO_0000065,,58.8
,,927274,[],CHEMBL804883,In vitro inhibitory activity against [3H]DTG binding to Sigma opioid receptor in guinea pig brain membrane homogenates,B,,,BAO_0000190,BAO_0000249,cell membrane format,Cl.N=C(Nc1ccccc1I)NC12CC3CC(CC(C3)C1)C2,,,CHEMBL1125137,J Med Chem,1990.0,"{'bei': '20.80', 'le': '0.53', 'lle': '4.02', 'sei': '17.16'}",CHEMBL553896,,CHEMBL55970,8.22,0,http://www.openphacts.org/units/Nanomolar,143828,=,1,1,=,,IC50,nM,,6.0,CHEMBL287,Homo sapiens,Sigma opioid receptor,9606,,,IC50,nM,UO_0000065,,6.0
,,927275,[],CHEMBL873129,In vitro inhibitory activity against [3H]- (+)-3-PPP binding to Sigma opioid receptor in guinea pig brain membrane homogenates,B,,,BAO_0000190,BAO_0000249,cell membrane format,Cl.N=C(Nc1ccccc1I)NC12CC3CC(CC(C3)C1)C2,,,CHEMBL1125137,J Med Chem,1990.0,"{'bei': '21.00', 'le': '0.54', 'lle': '4.10', 'sei': '17.33'}",CHEMBL553896,,CHEMBL55970,8.30,0,http://www.openphacts.org/units/Nanomolar,143828,=,1,1,=,,IC50,nM,,5.0,CHEMBL287,Homo sapiens,Sigma opioid receptor,9606,,,IC50,nM,UO_0000065,,5.0
,,927277,[],CHEMBL804883,In vitro inhibitory activity against [3H]DTG binding to Sigma opioid receptor in guinea pig brain membrane homogenates,B,,,BAO_0000190,BAO_0000249,cell membrane format,Cc1ccccc1/N=C(\N)NC12CC3CC(C)(CC(C)(C3)C1)C2.Cl,,,CHEMBL1125137,J Med Chem,1990.0,"{'bei': '25.12', 'le': '0.46', 'lle': '3.54', 'sei': '15.52'}",CHEMBL540291,,CHEMBL1190158,7.82,0,http://www.openphacts.org/units/Nanomolar,143826,=,1,1,=,,IC50,nM,,15.0,CHEMBL287,Homo sapiens,Sigma opioid receptor,9606,,,IC50,nM,UO_0000065,,15.0
,,927316,[],CHEMBL803918,In vitro inhibitory activity against [3H]-DTG in guinea pig brain membrane homogenates,B,,,BAO_0000190,BAO_0000249,cell membrane format,N=C(N)N(c1ccccc1)c1ccccc1,,,CHEMBL1125137,J Med Chem,1990.0,,CHEMBL79616,,CHEMBL79616,,0,http://www.openphacts.org/units/Nanomolar,143878,>,1,1,>,,IC50,nM,,100000.0,CHEMBL287,Homo sapiens,Sigma opioid receptor,9606,,,IC50,nM,UO_0000065,,100000.0
,,928757,[],CHEMBL804883,In vitro inhibitory activity against [3H]DTG binding to Sigma opioid receptor in guinea pig brain membrane homogenates,B,,,BAO_0000190,BAO_0000249,cell membrane format,Cc1ccc(NC(=N)Nc2ccc(C)cc2)cc1,,,CHEMBL1125137,J Med Chem,1990.0,"{'bei': '26.21', 'le': '0.48', 'lle': '2.51', 'sei': '13.09'}",CHEMBL81602,,CHEMBL81602,6.27,0,http://www.openphacts.org/units/Nanomolar,143869,=,1,1,=,,IC50,nM,,535.0,CHEMBL287,Homo sapiens,Sigma opioid receptor,9606,,,IC50,nM,UO_0000065,,535.0
,,929981,[],CHEMBL804883,In vitro inhibitory activity against [3H]DTG binding to Sigma opioid receptor in guinea pig brain membrane homogenates,B,,,BAO_0000190,BAO_0000249,cell membrane format,CCc1cccc(NC(=N)Nc2cccc(CC)c2)c1,,,CHEMBL1125137,J Med Chem,1990.0,"{'bei': '30.22', 'le': '0.55', 'lle': '3.81', 'sei': '16.87'}",CHEMBL78777,,CHEMBL78777,8.08,0,http://www.openphacts.org/units/Nanomolar,143853,=,1,1,=,,IC50,nM,,8.3,CHEMBL287,Homo sapiens,Sigma opioid receptor,9606,,,IC50,nM,UO_0000065,,8.3
,,929982,[],CHEMBL873129,In vitro inhibitory activity against [3H]- (+)-3-PPP binding to Sigma opioid receptor in guinea pig brain membrane homogenates,B,,,BAO_0000190,BAO_0000249,cell membrane format,CCc1cccc(NC(=N)Nc2cccc(CC)c2)c1,,,CHEMBL1125137,J Med Chem,1990.0,"{'bei': '28.14', 'le': '0.51', 'lle': '3.25', 'sei': '15.70'}",CHEMBL78777,,CHEMBL78777,7.52,0,http://www.openphacts.org/units/Nanomolar,143853,=,1,1,=,,IC50,nM,,30.0,CHEMBL287,Homo sapiens,Sigma opioid receptor,9606,,,IC50,nM,UO_0000065,,30.0
,,931331,[],CHEMBL804883,In vitro inhibitory activity against [3H]DTG binding to Sigma opioid receptor in guinea pig brain membrane homogenates,B,,,BAO_0000190,BAO_0000249,cell membrane format,Br.N=C(NC1CC2CCC1C2)NC1CC2CCC1C2,,,CHEMBL1125137,J Med Chem,1990.0,"{'bei': '30.95', 'le': '0.58', 'lle': '5.18', 'sei': '15.98'}",CHEMBL554972,,CHEMBL1193582,7.66,0,http://www.openphacts.org/units/Nanomolar,143836,=,1,1,=,,IC50,nM,,22.0,CHEMBL287,Homo sapiens,Sigma opioid receptor,9606,,,IC50,nM,UO_0000065,,22.0
,,931414,[],CHEMBL803918,In vitro inhibitory activity against [3H]-DTG in guinea pig brain membrane homogenates,B,,,BAO_0000190,BAO_0000249,cell membrane format,Cc1ccccc1/N=C(\N)NC1CC2CCC1C2,,,CHEMBL1125137,J Med Chem,1990.0,"{'bei': '33.34', 'le': '0.62', 'lle': '5.39', 'sei': '16.10'}",CHEMBL81773,,CHEMBL81773,8.11,0,http://www.openphacts.org/units/Nanomolar,143875,=,1,1,=,,IC50,nM,,7.7,CHEMBL287,Homo sapiens,Sigma opioid receptor,9606,,,IC50,nM,UO_0000065,,7.7
,,932666,[],CHEMBL804883,In vitro inhibitory activity against [3H]DTG binding to Sigma opioid receptor in guinea pig brain membrane homogenates,B,,,BAO_0000190,BAO_0000249,cell membrane format,N=C(Nc1ccccc1-c1ccccc1)Nc1ccccc1-c1ccccc1,,,CHEMBL1125137,J Med Chem,1990.0,"{'bei': '14.01', 'le': '0.25', 'lle': '-1.39', 'sei': '10.63'}",CHEMBL81594,,CHEMBL81594,5.09,0,http://www.openphacts.org/units/Nanomolar,143857,=,1,1,=,,IC50,nM,,8113.0,CHEMBL287,Homo sapiens,Sigma opioid receptor,9606,,,IC50,nM,UO_0000065,,8113.0
,,932668,[],CHEMBL804883,In vitro inhibitory activity against [3H]DTG binding to Sigma opioid receptor in guinea pig brain membrane homogenates,B,,,BAO_0000190,BAO_0000249,cell membrane format,N=C(NC1CCCCC1)NC1CCCCC1,,,CHEMBL1125137,J Med Chem,1990.0,"{'bei': '32.01', 'le': '0.61', 'lle': '4.38', 'sei': '14.92'}",CHEMBL81867,,CHEMBL81867,7.15,0,http://www.openphacts.org/units/Nanomolar,143854,=,1,1,=,,IC50,nM,,71.0,CHEMBL287,Homo sapiens,Sigma opioid receptor,9606,,,IC50,nM,UO_0000065,,71.0
,,932669,[],CHEMBL873129,In vitro inhibitory activity against [3H]- (+)-3-PPP binding to Sigma opioid receptor in guinea pig brain membrane homogenates,B,,,BAO_0000190,BAO_0000249,cell membrane format,N=C(NC1CCCCC1)NC1CCCCC1,,,CHEMBL1125137,J Med Chem,1990.0,"{'bei': '32.77', 'le': '0.62', 'lle': '4.55', 'sei': '15.28'}",CHEMBL81867,,CHEMBL81867,7.32,0,http://www.openphacts.org/units/Nanomolar,143854,=,1,1,=,,IC50,nM,,48.0,CHEMBL287,Homo sapiens,Sigma opioid receptor,9606,,,IC50,nM,UO_0000065,,48.0
,,932671,[],CHEMBL804883,In vitro inhibitory activity against [3H]DTG binding to Sigma opioid receptor in guinea pig brain membrane homogenates,B,,,BAO_0000190,BAO_0000249,cell membrane format,CCCc1cccc(NC(=N)Nc2cccc(CCC)c2)c1,,,CHEMBL1125137,J Med Chem,1990.0,"{'bei': '25.20', 'le': '0.46', 'lle': '2.39', 'sei': '15.54'}",CHEMBL79437,,CHEMBL79437,7.44,0,http://www.openphacts.org/units/Nanomolar,143809,=,1,1,=,,IC50,nM,,36.0,CHEMBL287,Homo sapiens,Sigma opioid receptor,9606,,,IC50,nM,UO_0000065,,36.0
,,934121,[],CHEMBL804883,In vitro inhibitory activity against [3H]DTG binding to Sigma opioid receptor in guinea pig brain membrane homogenates,B,,,BAO_0000190,BAO_0000249,cell membrane format,Cc1ccccc1/N=C(/N)Nc1ccccc1I,,,CHEMBL1125137,J Med Chem,1990.0,"{'bei': '21.86', 'le': '0.58', 'lle': '4.02', 'sei': '15.23'}",CHEMBL79186,,CHEMBL79186,7.68,0,http://www.openphacts.org/units/Nanomolar,143850,=,1,1,=,,IC50,nM,,21.0,CHEMBL287,Homo sapiens,Sigma opioid receptor,9606,,,IC50,nM,UO_0000065,,21.0
,,934122,[],CHEMBL873129,In vitro inhibitory activity against [3H]- (+)-3-PPP binding to Sigma opioid receptor in guinea pig brain membrane homogenates,B,,,BAO_0000190,BAO_0000249,cell membrane format,Cc1ccccc1/N=C(/N)Nc1ccccc1I,,,CHEMBL1125137,J Med Chem,1990.0,"{'bei': '21.75', 'le': '0.58', 'lle': '3.98', 'sei': '15.15'}",CHEMBL79186,,CHEMBL79186,7.64,0,http://www.openphacts.org/units/Nanomolar,143850,=,1,1,=,,IC50,nM,,23.0,CHEMBL287,Homo sapiens,Sigma opioid receptor,9606,,,IC50,nM,UO_0000065,,23.0
,,934124,[],CHEMBL804883,In vitro inhibitory activity against [3H]DTG binding to Sigma opioid receptor in guinea pig brain membrane homogenates,B,,,BAO_0000190,BAO_0000249,cell membrane format,Cc1ccccc1/N=C(\N)NC12CC3CC(CC(C3)C1)C2,,,CHEMBL1125137,J Med Chem,1990.0,"{'bei': '28.57', 'le': '0.53', 'lle': '4.60', 'sei': '16.06'}",CHEMBL81835,,CHEMBL81835,8.10,0,http://www.openphacts.org/units/Nanomolar,143827,=,1,1,=,,IC50,nM,,8.0,CHEMBL287,Homo sapiens,Sigma opioid receptor,9606,,,IC50,nM,UO_0000065,,8.0
,,934125,[],CHEMBL873129,In vitro inhibitory activity against [3H]- (+)-3-PPP binding to Sigma opioid receptor in guinea pig brain membrane homogenates,B,,,BAO_0000190,BAO_0000249,cell membrane format,Cc1ccccc1/N=C(\N)NC12CC3CC(CC(C3)C1)C2,,,CHEMBL1125137,J Med Chem,1990.0,"{'bei': '28.57', 'le': '0.53', 'lle': '4.60', 'sei': '16.06'}",CHEMBL81835,,CHEMBL81835,8.10,0,http://www.openphacts.org/units/Nanomolar,143827,=,1,1,=,,IC50,nM,,8.0,CHEMBL287,Homo sapiens,Sigma opioid receptor,9606,,,IC50,nM,UO_0000065,,8.0
,,934127,[],CHEMBL804883,In vitro inhibitory activity against [3H]DTG binding to Sigma opioid receptor in guinea pig brain membrane homogenates,B,,,BAO_0000190,BAO_0000249,cell membrane format,Br.CNC(=N)NC,,,CHEMBL1125137,J Med Chem,1990.0,,CHEMBL545471,,CHEMBL1193979,,0,http://www.openphacts.org/units/Nanomolar,143838,>,1,1,>,,IC50,nM,,100000.0,CHEMBL287,Homo sapiens,Sigma opioid receptor,9606,,,IC50,nM,UO_0000065,,100000.0
,,934128,[],CHEMBL873129,In vitro inhibitory activity against [3H]- (+)-3-PPP binding to Sigma opioid receptor in guinea pig brain membrane homogenates,B,,,BAO_0000190,BAO_0000249,cell membrane format,Br.CNC(=N)NC,,,CHEMBL1125137,J Med Chem,1990.0,,CHEMBL545471,,CHEMBL1193979,,0,http://www.openphacts.org/units/Nanomolar,143838,>,1,1,>,,IC50,nM,,10000.0,CHEMBL287,Homo sapiens,Sigma opioid receptor,9606,,,IC50,nM,UO_0000065,,10000.0
,,934269,[],CHEMBL803918,In vitro inhibitory activity against [3H]-DTG in guinea pig brain membrane homogenates,B,,,BAO_0000190,BAO_0000249,cell membrane format,Cc1ccccc1/N=C(/N)Nc1c(C)cccc1C,,,CHEMBL1125137,J Med Chem,1990.0,"{'bei': '28.24', 'le': '0.51', 'lle': '3.48', 'sei': '14.19'}",CHEMBL78637,,CHEMBL78637,7.16,0,http://www.openphacts.org/units/Nanomolar,143872,=,1,1,=,,IC50,nM,,70.0,CHEMBL287,Homo sapiens,Sigma opioid receptor,9606,,,IC50,nM,UO_0000065,,70.0
,,934270,[],CHEMBL803917,In vitro inhibitory activity against [3H]- (+)-3-PPP binding to sigma receptor in guinea pig brain membrane homogenates,B,,,BAO_0000190,BAO_0000249,cell membrane format,Cc1ccccc1/N=C(/N)Nc1c(C)cccc1C,,,CHEMBL1125137,J Med Chem,1990.0,"{'bei': '29.12', 'le': '0.53', 'lle': '3.71', 'sei': '14.63'}",CHEMBL78637,,CHEMBL78637,7.38,0,http://www.openphacts.org/units/Nanomolar,143872,=,1,1,=,,IC50,nM,,42.0,CHEMBL287,Homo sapiens,Sigma opioid receptor,9606,,,IC50,nM,UO_0000065,,42.0
,,935597,[],CHEMBL804883,In vitro inhibitory activity against [3H]DTG binding to Sigma opioid receptor in guinea pig brain membrane homogenates,B,,,BAO_0000190,BAO_0000249,cell membrane format,Cc1ccccc1/N=C(/N)Nc1ccccc1N,,,CHEMBL1125137,J Med Chem,1990.0,"{'bei': '26.36', 'le': '0.48', 'lle': '3.69', 'sei': '8.29'}",CHEMBL78585,,CHEMBL78585,6.33,0,http://www.openphacts.org/units/Nanomolar,143870,=,1,1,=,,IC50,nM,,463.0,CHEMBL287,Homo sapiens,Sigma opioid receptor,9606,,,IC50,nM,UO_0000065,,463.0
,,935598,[],CHEMBL873129,In vitro inhibitory activity against [3H]- (+)-3-PPP binding to Sigma opioid receptor in guinea pig brain membrane homogenates,B,,,BAO_0000190,BAO_0000249,cell membrane format,Cc1ccccc1/N=C(/N)Nc1ccccc1N,,,CHEMBL1125137,J Med Chem,1990.0,"{'bei': '26.45', 'le': '0.48', 'lle': '3.72', 'sei': '8.32'}",CHEMBL78585,,CHEMBL78585,6.36,0,http://www.openphacts.org/units/Nanomolar,143870,=,1,1,=,,IC50,nM,,440.0,CHEMBL287,Homo sapiens,Sigma opioid receptor,9606,,,IC50,nM,UO_0000065,,440.0
,,935600,[],CHEMBL804883,In vitro inhibitory activity against [3H]DTG binding to Sigma opioid receptor in guinea pig brain membrane homogenates,B,,,BAO_0000190,BAO_0000249,cell membrane format,Cl.N=C(NC1CCCCC1)NC12CC3CC(CC(C3)C1)C2,,,CHEMBL1125137,J Med Chem,1990.0,"{'bei': '28.63', 'le': '0.54', 'lle': '4.49', 'sei': '16.46'}",CHEMBL543597,,CHEMBL1192373,7.89,0,http://www.openphacts.org/units/Nanomolar,143855,=,1,1,=,,IC50,nM,,13.0,CHEMBL287,Homo sapiens,Sigma opioid receptor,9606,,,IC50,nM,UO_0000065,,13.0
,,935601,[],CHEMBL873129,In vitro inhibitory activity against [3H]- (+)-3-PPP binding to Sigma opioid receptor in guinea pig brain membrane homogenates,B,,,BAO_0000190,BAO_0000249,cell membrane format,Cl.N=C(NC1CCCCC1)NC12CC3CC(CC(C3)C1)C2,,,CHEMBL1125137,J Med Chem,1990.0,"{'bei': '29.40', 'le': '0.55', 'lle': '4.70', 'sei': '16.90'}",CHEMBL543597,,CHEMBL1192373,8.10,0,http://www.openphacts.org/units/Nanomolar,143855,=,1,1,=,,IC50,nM,,8.0,CHEMBL287,Homo sapiens,Sigma opioid receptor,9606,,,IC50,nM,UO_0000065,,8.0
,,937037,[],CHEMBL804883,In vitro inhibitory activity against [3H]DTG binding to Sigma opioid receptor in guinea pig brain membrane homogenates,B,,,BAO_0000190,BAO_0000249,cell membrane format,Cc1cc(N)ccc1/N=C(/N)Nc1cccc(O)c1,,,CHEMBL1125137,J Med Chem,1990.0,"{'bei': '23.47', 'le': '0.43', 'lle': '3.68', 'sei': '6.22'}",CHEMBL78356,,CHEMBL78356,6.02,0,http://www.openphacts.org/units/Nanomolar,143861,=,1,1,=,,IC50,nM,,962.0,CHEMBL287,Homo sapiens,Sigma opioid receptor,9606,,,IC50,nM,UO_0000065,,962.0
,,937039,[],CHEMBL804883,In vitro inhibitory activity against [3H]DTG binding to Sigma opioid receptor in guinea pig brain membrane homogenates,B,,,BAO_0000190,BAO_0000249,cell membrane format,Cc1cc(N)ccc1NC(=N)Nc1ccc(N)cc1C,,,CHEMBL1125137,J Med Chem,1990.0,"{'bei': '19.10', 'le': '0.35', 'lle': '2.22', 'sei': '5.15'}",CHEMBL79165,,CHEMBL79165,5.15,0,http://www.openphacts.org/units/Nanomolar,143858,=,1,1,=,,IC50,nM,,7150.0,CHEMBL287,Homo sapiens,Sigma opioid receptor,9606,,,IC50,nM,UO_0000065,,7150.0
,,937040,[],CHEMBL873129,In vitro inhibitory activity against [3H]- (+)-3-PPP binding to Sigma opioid receptor in guinea pig brain membrane homogenates,B,,,BAO_0000190,BAO_0000249,cell membrane format,Cc1cc(N)ccc1NC(=N)Nc1ccc(N)cc1C,,,CHEMBL1125137,J Med Chem,1990.0,"{'bei': '19.65', 'le': '0.36', 'lle': '2.36', 'sei': '5.30'}",CHEMBL79165,,CHEMBL79165,5.29,0,http://www.openphacts.org/units/Nanomolar,143858,=,1,1,=,,IC50,nM,,5100.0,CHEMBL287,Homo sapiens,Sigma opioid receptor,9606,,,IC50,nM,UO_0000065,,5100.0
,,937042,[],CHEMBL804883,In vitro inhibitory activity against [3H]DTG binding to Sigma opioid receptor in guinea pig brain membrane homogenates,B,,,BAO_0000190,BAO_0000249,cell membrane format,CC(C)c1cccc(NC(=N)Nc2cccc(C(C)C)c2)c1,,,CHEMBL1125137,J Med Chem,1990.0,"{'bei': '24.08', 'le': '0.44', 'lle': '1.72', 'sei': '14.85'}",CHEMBL82078,,CHEMBL82078,7.11,0,http://www.openphacts.org/units/Nanomolar,143803,=,1,1,=,,IC50,nM,,77.0,CHEMBL287,Homo sapiens,Sigma opioid receptor,9606,,,IC50,nM,UO_0000065,,77.0
,,938563,[],CHEMBL804883,In vitro inhibitory activity against [3H]DTG binding to Sigma opioid receptor in guinea pig brain membrane homogenates,B,,,BAO_0000190,BAO_0000249,cell membrane format,N=C(Nc1ccccc1I)Nc1ccccc1/C=C/c1ccccc1,,,CHEMBL1125137,J Med Chem,1990.0,"{'bei': '13.48', 'le': '0.32', 'lle': '0.00', 'sei': '12.36'}",CHEMBL78928,,CHEMBL78928,5.92,0,http://www.openphacts.org/units/Nanomolar,143860,=,1,1,=,,IC50,nM,,1200.0,CHEMBL287,Homo sapiens,Sigma opioid receptor,9606,,,IC50,nM,UO_0000065,,1200.0
,,938565,[],CHEMBL804883,In vitro inhibitory activity against [3H]DTG binding to Sigma opioid receptor in guinea pig brain membrane homogenates,B,,,BAO_0000190,BAO_0000249,cell membrane format,Cc1ccccc1/N=C(\N)NC1CC2CCC1C2,,,CHEMBL1125137,J Med Chem,1990.0,"{'bei': '33.79', 'le': '0.62', 'lle': '5.50', 'sei': '16.31'}",CHEMBL81773,,CHEMBL81773,8.22,0,http://www.openphacts.org/units/Nanomolar,143843,=,1,1,=,,IC50,nM,,6.0,CHEMBL287,Homo sapiens,Sigma opioid receptor,9606,,,IC50,nM,UO_0000065,,6.0
,,938567,[],CHEMBL804883,In vitro inhibitory activity against [3H]DTG binding to Sigma opioid receptor in guinea pig brain membrane homogenates,B,,,BAO_0000190,BAO_0000249,cell membrane format,CC(=O)[C@H]1CCC2C3CC=C4CC(/N=C(\N)Nc5ccccc5C)CC[C@]4(C)C3CC[C@@]21C.Cl,,,CHEMBL1125137,J Med Chem,1990.0,"{'bei': '14.75', 'le': '0.27', 'lle': '0.34', 'sei': '9.78'}",CHEMBL553536,,CHEMBL1194916,6.60,0,http://www.openphacts.org/units/Nanomolar,143832,=,1,1,=,,IC50,nM,,250.0,CHEMBL287,Homo sapiens,Sigma opioid receptor,9606,,,IC50,nM,UO_0000065,,250.0
,,940901,[],CHEMBL804883,In vitro inhibitory activity against [3H]DTG binding to Sigma opioid receptor in guinea pig brain membrane homogenates,B,,,BAO_0000190,BAO_0000249,cell membrane format,N=C(Nc1ccccc1I)Nc1ccccc1I,,,CHEMBL1125137,J Med Chem,1990.0,"{'bei': '16.96', 'le': '0.60', 'lle': '3.50', 'sei': '16.39'}",CHEMBL312600,,CHEMBL312600,7.85,0,http://www.openphacts.org/units/Nanomolar,143851,=,1,1,=,,IC50,nM,,14.0,CHEMBL287,Homo sapiens,Sigma opioid receptor,9606,,,IC50,nM,UO_0000065,,14.0
,,940902,[],CHEMBL873129,In vitro inhibitory activity against [3H]- (+)-3-PPP binding to Sigma opioid receptor in guinea pig brain membrane homogenates,B,,,BAO_0000190,BAO_0000249,cell membrane format,N=C(Nc1ccccc1I)Nc1ccccc1I,,,CHEMBL1125137,J Med Chem,1990.0,"{'bei': '16.84', 'le': '0.59', 'lle': '3.45', 'sei': '16.27'}",CHEMBL312600,,CHEMBL312600,7.80,0,http://www.openphacts.org/units/Nanomolar,143851,=,1,1,=,,IC50,nM,,16.0,CHEMBL287,Homo sapiens,Sigma opioid receptor,9606,,,IC50,nM,UO_0000065,,16.0
,,940905,[],CHEMBL804883,In vitro inhibitory activity against [3H]DTG binding to Sigma opioid receptor in guinea pig brain membrane homogenates,B,,,BAO_0000190,BAO_0000249,cell membrane format,N=C(Nc1cccc2ccccc12)Nc1cccc2ccccc12,,,CHEMBL1125137,J Med Chem,1990.0,"{'bei': '22.08', 'le': '0.39', 'lle': '1.43', 'sei': '14.35'}",CHEMBL79509,,CHEMBL79509,6.88,0,http://www.openphacts.org/units/Nanomolar,143818,=,1,1,=,,IC50,nM,,133.0,CHEMBL287,Homo sapiens,Sigma opioid receptor,9606,,,IC50,nM,UO_0000065,,133.0
,,940907,[],CHEMBL804883,In vitro inhibitory activity against [3H]DTG binding to Sigma opioid receptor in guinea pig brain membrane homogenates,B,,,BAO_0000190,BAO_0000249,cell membrane format,Cc1ccccc1/N=C(\N)NC1C2CC3CC(C2)CC1C3,,,CHEMBL1125137,J Med Chem,1990.0,"{'bei': '29.01', 'le': '0.53', 'lle': '4.86', 'sei': '16.31'}",CHEMBL81461,,CHEMBL81461,8.22,0,http://www.openphacts.org/units/Nanomolar,143811,=,1,1,=,,IC50,nM,,6.0,CHEMBL287,Homo sapiens,Sigma opioid receptor,9606,,,IC50,nM,UO_0000065,,6.0
,,940909,[],CHEMBL804883,In vitro inhibitory activity against [3H]DTG binding to Sigma opioid receptor in guinea pig brain membrane homogenates,B,,,BAO_0000190,BAO_0000249,cell membrane format,Cl.N=C(NC1C2CC3CC(C2)CC1C3)NC1C2CC3CC(C2)CC1C3,,,CHEMBL1125137,J Med Chem,1990.0,"{'bei': '20.43', 'le': '0.38', 'lle': '2.94', 'sei': '13.97'}",CHEMBL543839,,CHEMBL1192582,6.69,0,http://www.openphacts.org/units/Nanomolar,143820,=,1,1,=,,IC50,nM,,203.0,CHEMBL287,Homo sapiens,Sigma opioid receptor,9606,,,IC50,nM,UO_0000065,,203.0
,,940911,[],CHEMBL804883,In vitro inhibitory activity against [3H]DTG binding to Sigma opioid receptor in guinea pig brain membrane homogenates,B,,,BAO_0000190,BAO_0000249,cell membrane format,CC12CC3CC(C)(C1)CC(/N=C(\N)Nc1ccccc1/C=C/c1ccccc1)(C3)C2.Cl,,,CHEMBL1125137,J Med Chem,1990.0,"{'bei': '15.05', 'le': '0.27', 'lle': '-0.32', 'sei': '11.93'}",CHEMBL557002,,CHEMBL1196454,6.01,0,http://www.openphacts.org/units/Nanomolar,143845,=,1,1,=,,IC50,nM,,970.0,CHEMBL287,Homo sapiens,Sigma opioid receptor,9606,,,IC50,nM,UO_0000065,,970.0
,,940913,[],CHEMBL804883,In vitro inhibitory activity against [3H]DTG binding to Sigma opioid receptor in guinea pig brain membrane homogenates,B,,,BAO_0000190,BAO_0000249,cell membrane format,CC(C)(C)/N=C(\N)Nc1ccccc1I.Cl,,,CHEMBL1125137,J Med Chem,1990.0,"{'bei': '24.20', 'le': '0.70', 'lle': '4.86', 'sei': '15.23'}",CHEMBL556021,,CHEMBL1196158,7.68,0,http://www.openphacts.org/units/Nanomolar,143834,=,1,1,=,,IC50,nM,,21.1,CHEMBL287,Homo sapiens,Sigma opioid receptor,9606,,,IC50,nM,UO_0000065,,21.1
,,942411,[],CHEMBL804883,In vitro inhibitory activity against [3H]DTG binding to Sigma opioid receptor in guinea pig brain membrane homogenates,B,,,BAO_0000190,BAO_0000249,cell membrane format,Cc1cc([N+](=O)[O-])ccc1NC(=N)Nc1ccc([N+](=O)[O-])cc1C.Cl,,,CHEMBL1125137,J Med Chem,1990.0,"{'bei': '18.58', 'le': '0.35', 'lle': '2.54', 'sei': '4.56'}",CHEMBL541828,,CHEMBL1190897,6.12,0,http://www.openphacts.org/units/Nanomolar,143864,=,1,1,=,,IC50,nM,,760.0,CHEMBL287,Homo sapiens,Sigma opioid receptor,9606,,,IC50,nM,UO_0000065,,760.0
,,942412,[],CHEMBL873129,In vitro inhibitory activity against [3H]- (+)-3-PPP binding to Sigma opioid receptor in guinea pig brain membrane homogenates,B,,,BAO_0000190,BAO_0000249,cell membrane format,Cc1cc([N+](=O)[O-])ccc1NC(=N)Nc1ccc([N+](=O)[O-])cc1C.Cl,,,CHEMBL1125137,J Med Chem,1990.0,"{'bei': '18.43', 'le': '0.35', 'lle': '2.49', 'sei': '4.52'}",CHEMBL541828,,CHEMBL1190897,6.07,0,http://www.openphacts.org/units/Nanomolar,143864,=,1,1,=,,IC50,nM,,850.0,CHEMBL287,Homo sapiens,Sigma opioid receptor,9606,,,IC50,nM,UO_0000065,,850.0
,,942414,[],CHEMBL804883,In vitro inhibitory activity against [3H]DTG binding to Sigma opioid receptor in guinea pig brain membrane homogenates,B,,,BAO_0000190,BAO_0000249,cell membrane format,Cc1cc(Br)ccc1NC(=N)Nc1ccc(Br)cc1C,,,CHEMBL1125137,J Med Chem,1990.0,"{'bei': '18.71', 'le': '0.51', 'lle': '2.14', 'sei': '15.51'}",CHEMBL79436,,CHEMBL79436,7.43,0,http://www.openphacts.org/units/Nanomolar,143808,=,1,1,=,,IC50,nM,,37.0,CHEMBL287,Homo sapiens,Sigma opioid receptor,9606,,,IC50,nM,UO_0000065,,37.0
,,942415,[],CHEMBL873129,In vitro inhibitory activity against [3H]- (+)-3-PPP binding to Sigma opioid receptor in guinea pig brain membrane homogenates,B,,,BAO_0000190,BAO_0000249,cell membrane format,Cc1cc(Br)ccc1NC(=N)Nc1ccc(Br)cc1C,,,CHEMBL1125137,J Med Chem,1990.0,"{'bei': '18.87', 'le': '0.51', 'lle': '2.20', 'sei': '15.64'}",CHEMBL79436,,CHEMBL79436,7.50,0,http://www.openphacts.org/units/Nanomolar,143808,=,1,1,=,,IC50,nM,,32.0,CHEMBL287,Homo sapiens,Sigma opioid receptor,9606,,,IC50,nM,UO_0000065,,32.0
,,943619,[],CHEMBL804883,In vitro inhibitory activity against [3H]DTG binding to Sigma opioid receptor in guinea pig brain membrane homogenates,B,,,BAO_0000190,BAO_0000249,cell membrane format,CCc1ccc(NC(=N)Nc2ccc(CC)cc2)cc1,,,CHEMBL1125137,J Med Chem,1990.0,"{'bei': '24.72', 'le': '0.45', 'lle': '2.34', 'sei': '13.80'}",CHEMBL78083,,CHEMBL78083,6.61,0,http://www.openphacts.org/units/Nanomolar,143801,=,1,1,=,,IC50,nM,,245.0,CHEMBL287,Homo sapiens,Sigma opioid receptor,9606,,,IC50,nM,UO_0000065,,245.0
,,943621,[],CHEMBL804883,In vitro inhibitory activity against [3H]DTG binding to Sigma opioid receptor in guinea pig brain membrane homogenates,B,,,BAO_0000190,BAO_0000249,cell membrane format,NC1=Nc2ccccc2-c2ccccc2N1,,,CHEMBL1125137,J Med Chem,1990.0,,CHEMBL310668,,CHEMBL310668,,0,http://www.openphacts.org/units/Nanomolar,143840,>,1,1,>,,IC50,nM,,10000.0,CHEMBL287,Homo sapiens,Sigma opioid receptor,9606,,,IC50,nM,UO_0000065,,10000.0
,,945021,[],CHEMBL804883,In vitro inhibitory activity against [3H]DTG binding to Sigma opioid receptor in guinea pig brain membrane homogenates,B,,,BAO_0000190,BAO_0000249,cell membrane format,CC(C)c1ccccc1NC(=N)Nc1ccccc1C(C)C,,,CHEMBL1125137,J Med Chem,1990.0,"{'bei': '24.33', 'le': '0.45', 'lle': '1.80', 'sei': '15.00'}",CHEMBL280243,,CHEMBL280243,7.19,0,http://www.openphacts.org/units/Nanomolar,143804,=,1,1,=,,IC50,nM,,65.0,CHEMBL287,Homo sapiens,Sigma opioid receptor,9606,,,IC50,nM,UO_0000065,,65.0
,,945023,[],CHEMBL804883,In vitro inhibitory activity against [3H]DTG binding to Sigma opioid receptor in guinea pig brain membrane homogenates,B,,,BAO_0000190,BAO_0000249,cell membrane format,Cl.N=C(Nc1ccccc1/C=C/c1c(F)c(F)c(F)c(F)c1F)NC12CC3CC(CC(C3)C1)C2,,,CHEMBL1125137,J Med Chem,1990.0,"{'bei': '14.33', 'le': '0.27', 'lle': '0.15', 'sei': '13.80'}",CHEMBL556617,,CHEMBL1196354,6.61,0,http://www.openphacts.org/units/Nanomolar,143849,=,1,1,=,,IC50,nM,,245.0,CHEMBL287,Homo sapiens,Sigma opioid receptor,9606,,,IC50,nM,UO_0000065,,245.0
,,945025,[],CHEMBL804883,In vitro inhibitory activity against [3H]DTG binding to Sigma opioid receptor in guinea pig brain membrane homogenates,B,,,BAO_0000190,BAO_0000249,cell membrane format,CCCCNC(=N)NCCCC,,,CHEMBL1125137,J Med Chem,1990.0,"{'bei': '35.76', 'le': '0.70', 'lle': '4.42', 'sei': '12.78'}",CHEMBL80081,,CHEMBL80081,6.12,0,http://www.openphacts.org/units/Nanomolar,143830,=,1,1,=,,IC50,nM,,750.0,CHEMBL287,Homo sapiens,Sigma opioid receptor,9606,,,IC50,nM,UO_0000065,,750.0
,,945026,[],CHEMBL873129,In vitro inhibitory activity against [3H]- (+)-3-PPP binding to Sigma opioid receptor in guinea pig brain membrane homogenates,B,,,BAO_0000190,BAO_0000249,cell membrane format,CCCCNC(=N)NCCCC,,,CHEMBL1125137,J Med Chem,1990.0,"{'bei': '35.59', 'le': '0.69', 'lle': '4.40', 'sei': '12.73'}",CHEMBL80081,,CHEMBL80081,6.10,0,http://www.openphacts.org/units/Nanomolar,143830,=,1,1,=,,IC50,nM,,800.0,CHEMBL287,Homo sapiens,Sigma opioid receptor,9606,,,IC50,nM,UO_0000065,,800.0
,,946295,[],CHEMBL804883,In vitro inhibitory activity against [3H]DTG binding to Sigma opioid receptor in guinea pig brain membrane homogenates,B,,,BAO_0000190,BAO_0000249,cell membrane format,Cl.N=C(Nc1ccccc1I)NC1C2CC3CC(C2)CC1C3,,,CHEMBL1125137,J Med Chem,1990.0,"{'bei': '20.96', 'le': '0.54', 'lle': '4.23', 'sei': '17.29'}",CHEMBL553347,,CHEMBL1194817,8.28,0,http://www.openphacts.org/units/Nanomolar,143812,=,1,1,=,,IC50,nM,,5.2,CHEMBL287,Homo sapiens,Sigma opioid receptor,9606,,,IC50,nM,UO_0000065,,5.2
,,946297,[],CHEMBL804883,In vitro inhibitory activity against [3H]DTG binding to Sigma opioid receptor in guinea pig brain membrane homogenates,B,,,BAO_0000190,BAO_0000249,cell membrane format,N=C(Nc1ccccc1-c1ccccc1)NC12CC3CC(CC(C3)C1)C2,,,CHEMBL1125137,J Med Chem,1990.0,"{'bei': '18.88', 'le': '0.34', 'lle': '1.26', 'sei': '13.61'}",CHEMBL415077,,CHEMBL415077,6.52,0,http://www.openphacts.org/units/Nanomolar,143848,=,1,1,=,,IC50,nM,,300.0,CHEMBL287,Homo sapiens,Sigma opioid receptor,9606,,,IC50,nM,UO_0000065,,300.0
,,946299,[],CHEMBL804883,In vitro inhibitory activity against [3H]DTG binding to Sigma opioid receptor in guinea pig brain membrane homogenates,B,,,BAO_0000190,BAO_0000249,cell membrane format,Cc1ccccc1N/C(N)=N/C1CC[C@@]2(C)C(=CCC3C2CC[C@@]2(C)C3CC[C@@H]2C(C)CCCC(C)C)C1.Cl,,,CHEMBL1125137,J Med Chem,1990.0,,CHEMBL544537,,CHEMBL1193174,,0,http://www.openphacts.org/units/Nanomolar,143839,>,1,1,>,,IC50,nM,,10000.0,CHEMBL287,Homo sapiens,Sigma opioid receptor,9606,,,IC50,nM,UO_0000065,,10000.0
,,946358,[],CHEMBL803918,In vitro inhibitory activity against [3H]-DTG in guinea pig brain membrane homogenates,B,,,BAO_0000190,BAO_0000249,cell membrane format,Cc1cccc(C)c1NC(=N)Nc1c(C)cccc1C,,,CHEMBL1125137,J Med Chem,1990.0,"{'bei': '26.35', 'le': '0.48', 'lle': '2.67', 'sei': '14.71'}",CHEMBL312318,,CHEMBL312318,7.05,0,http://www.openphacts.org/units/Nanomolar,143873,=,1,1,=,,IC50,nM,,90.0,CHEMBL287,Homo sapiens,Sigma opioid receptor,9606,,,IC50,nM,UO_0000065,,90.0
,,946359,[],CHEMBL803917,In vitro inhibitory activity against [3H]- (+)-3-PPP binding to sigma receptor in guinea pig brain membrane homogenates,B,,,BAO_0000190,BAO_0000249,cell membrane format,Cc1cccc(C)c1NC(=N)Nc1c(C)cccc1C,,,CHEMBL1125137,J Med Chem,1990.0,"{'bei': '26.85', 'le': '0.49', 'lle': '2.80', 'sei': '14.99'}",CHEMBL312318,,CHEMBL312318,7.18,0,http://www.openphacts.org/units/Nanomolar,143873,=,1,1,=,,IC50,nM,,66.0,CHEMBL287,Homo sapiens,Sigma opioid receptor,9606,,,IC50,nM,UO_0000065,,66.0
,,947152,[],CHEMBL847756,Inhibition of sigma receptor,B,,,BAO_0000190,BAO_0000357,single protein format,CCOc1ccc(CCOC(=O)N2CCN(CCCc3ccccc3)CC2)cc1,,,CHEMBL1134625,J Med Chem,2001.0,"{'bei': '14.28', 'le': '0.27', 'lle': '1.65', 'sei': '13.48'}",CHEMBL115249,,CHEMBL115249,5.66,0,http://www.openphacts.org/units/Nanomolar,216613,=,1,1,=,,IC50,nM,,2170.0,CHEMBL287,Homo sapiens,Sigma opioid receptor,9606,,,IC50,nM,UO_0000065,,2170.0
,,951018,[],CHEMBL847756,Inhibition of sigma receptor,B,,,BAO_0000190,BAO_0000357,single protein format,N#Cc1ccc(CCOC(=O)N2CCN(CCCC(c3ccc(F)cc3)c3ccc(F)cc3)CC2)cc1,,,CHEMBL1134625,J Med Chem,2001.0,"{'bei': '12.22', 'le': '0.23', 'lle': '0.40', 'sei': '10.88'}",CHEMBL326263,,CHEMBL326263,6.15,0,http://www.openphacts.org/units/Nanomolar,216626,=,1,1,=,,IC50,nM,,702.0,CHEMBL287,Homo sapiens,Sigma opioid receptor,9606,,,IC50,nM,UO_0000065,,702.0
,,955706,[],CHEMBL873269,Binding affinity was evaluated using [3H]pentazocine binding to sigma-1 receptor from guinea pig brain,B,,,BAO_0000190,BAO_0000019,assay format,C[C@@H]1CN(CCCn2c3ccccc3c3ccccc32)C[C@H](C)N1,,,CHEMBL1130315,J Med Chem,1997.0,"{'bei': '18.13', 'le': '0.33', 'lle': '1.96', 'sei': '28.86'}",CHEMBL275707,RIMCAZOLE,CHEMBL275707,5.83,0,http://www.openphacts.org/units/Nanomolar,263038,=,1,1,=,,IC50,nM,,1480.0,CHEMBL287,Homo sapiens,Sigma opioid receptor,9606,,,IC50,nM,UO_0000065,,1480.0
,,959366,[],CHEMBL873269,Binding affinity was evaluated using [3H]pentazocine binding to sigma-1 receptor from guinea pig brain,B,,,BAO_0000190,BAO_0000019,assay format,CC1CN(CCCn2c3ccccc3c3ccccc32)CC(C)N1CCN=C=S,,,CHEMBL1130315,J Med Chem,1997.0,"{'bei': '14.81', 'le': '0.28', 'lle': '1.34', 'sei': '25.34'}",CHEMBL336706,,CHEMBL336706,6.02,0,http://www.openphacts.org/units/Nanomolar,263036,=,1,1,=,,IC50,nM,,949.0,CHEMBL287,Homo sapiens,Sigma opioid receptor,9606,,,IC50,nM,UO_0000065,,949.0
,,960165,[],CHEMBL847756,Inhibition of sigma receptor,B,,,BAO_0000190,BAO_0000357,single protein format,CCOc1ccc(CCNC(=O)N2CCN(CCCC(c3ccc(F)cc3)c3ccc(F)cc3)CC2)cc1,,,CHEMBL1134625,J Med Chem,2001.0,"{'bei': '12.11', 'le': '0.23', 'lle': '0.47', 'sei': '14.10'}",CHEMBL113956,,CHEMBL113956,6.32,0,http://www.openphacts.org/units/Nanomolar,216612,=,1,1,=,,IC50,nM,,482.0,CHEMBL287,Homo sapiens,Sigma opioid receptor,9606,,,IC50,nM,UO_0000065,,482.0
,,962625,[],CHEMBL847756,Inhibition of sigma receptor,B,,,BAO_0000190,BAO_0000357,single protein format,O=C1NCN(c2ccccc2)C12CCN(Cc1cccc(Oc3ccccc3)c1)CC2,,,CHEMBL1134625,J Med Chem,2001.0,"{'bei': '14.28', 'le': '0.26', 'lle': '1.49', 'sei': '13.17'}",CHEMBL115280,,CHEMBL115280,5.90,0,http://www.openphacts.org/units/Nanomolar,216628,=,1,1,=,,IC50,nM,,1250.0,CHEMBL287,Homo sapiens,Sigma opioid receptor,9606,,,IC50,nM,UO_0000065,,1250.0
,,964552,[],CHEMBL873269,Binding affinity was evaluated using [3H]pentazocine binding to sigma-1 receptor from guinea pig brain,B,,,BAO_0000190,BAO_0000019,assay format,CC1CN(CCCn2c3ccccc3c3ccccc32)CC(C)N1CCCCCCN=C=S,,,CHEMBL1130315,J Med Chem,1997.0,"{'bei': '13.29', 'le': '0.25', 'lle': '-0.09', 'sei': '25.88'}",CHEMBL138438,,CHEMBL138438,6.15,0,http://www.openphacts.org/units/Nanomolar,263034,=,1,1,=,,IC50,nM,,707.0,CHEMBL287,Homo sapiens,Sigma opioid receptor,9606,,,IC50,nM,UO_0000065,,707.0
,,974170,[],CHEMBL847756,Inhibition of sigma receptor,B,,,BAO_0000190,BAO_0000357,single protein format,Oc1nc2ccccc2n1CCCNCc1cc2c(cc1Cl)OCO2,,,CHEMBL1134625,J Med Chem,2001.0,"{'bei': '18.02', 'le': '0.35', 'lle': '3.18', 'sei': '9.46'}",CHEMBL114280,,CHEMBL114280,6.48,0,http://www.openphacts.org/units/Nanomolar,216620,=,1,1,=,,IC50,nM,,328.0,CHEMBL287,Homo sapiens,Sigma opioid receptor,9606,,,IC50,nM,UO_0000065,,328.0
,,980390,[],CHEMBL847756,Inhibition of sigma receptor,B,,,BAO_0000190,BAO_0000357,single protein format,O=C1NCN(c2ccccc2)C12CCN(Cc1cc3c(cc1Cl)OCO3)CC2,,,CHEMBL1134625,J Med Chem,2001.0,"{'bei': '15.59', 'le': '0.30', 'lle': '3.24', 'sei': '11.54'}",CHEMBL115652,,CHEMBL115652,6.24,0,http://www.openphacts.org/units/Nanomolar,216598,=,1,1,=,,IC50,nM,,581.0,CHEMBL287,Homo sapiens,Sigma opioid receptor,9606,,,IC50,nM,UO_0000065,,581.0
,,985810,[],CHEMBL873269,Binding affinity was evaluated using [3H]pentazocine binding to sigma-1 receptor from guinea pig brain,B,,,BAO_0000190,BAO_0000019,assay format,CC1CN(CCCn2c3ccccc3c3ccccc32)CC(C)N1CCCN=C=S,,,CHEMBL1130315,J Med Chem,1997.0,"{'bei': '13.64', 'le': '0.26', 'lle': '0.67', 'sei': '24.14'}",CHEMBL336707,,CHEMBL336707,5.74,0,http://www.openphacts.org/units/Nanomolar,263037,=,1,1,=,,IC50,nM,,1830.0,CHEMBL287,Homo sapiens,Sigma opioid receptor,9606,,,IC50,nM,UO_0000065,,1830.0
,,985813,[],CHEMBL873269,Binding affinity was evaluated using [3H]pentazocine binding to sigma-1 receptor from guinea pig brain,B,,,BAO_0000190,BAO_0000019,assay format,C[C@H]1CN(CCCn2c3ccccc3c3ccccc32)C[C@H](C)N1C,,,CHEMBL1130315,J Med Chem,1997.0,"{'bei': '18.02', 'le': '0.33', 'lle': '1.84', 'sei': '53.00'}",CHEMBL2112760,,CHEMBL2112760,6.05,0,http://www.openphacts.org/units/Nanomolar,263035,=,1,1,=,,IC50,nM,,897.0,CHEMBL287,Homo sapiens,Sigma opioid receptor,9606,,,IC50,nM,UO_0000065,,897.0
,,1013955,[],CHEMBL848645,Compound was tested for the binding affinity against sigma receptor by using [3H]-+3PPP as radioligand,B,,,BAO_0000190,BAO_0000357,single protein format,CC(C(O)c1ccc(O)cc1)N1CCC(Cc2ccccc2)CC1,,,CHEMBL1125775,J Med Chem,1991.0,"{'bei': '25.84', 'le': '0.48', 'lle': '4.64', 'sei': '19.24'}",CHEMBL305187,IFENPRODIL,CHEMBL305187,8.41,0,http://www.openphacts.org/units/Nanomolar,195903,=,1,1,=,,IC50,nM,,3.9,CHEMBL287,Homo sapiens,Sigma opioid receptor,9606,,,IC50,nM,UO_0000065,,3.9
,,1071898,[],CHEMBL804721,Inhibitory activity towards Sigma opioid receptor type 1,B,,,BAO_0000190,BAO_0000357,single protein format,O=C1CNC(=O)N1,,,CHEMBL1132386,J Med Chem,1999.0,"{'bei': '72.02', 'le': '1.41', 'lle': '8.38', 'sei': '12.38'}",CHEMBL122334,HYDANTOIN,CHEMBL122334,7.21,0,http://www.openphacts.org/units/Nanomolar,236197,=,1,1,=,,IC50,nM,,62.0,CHEMBL287,Homo sapiens,Sigma opioid receptor,9606,,,IC50,nM,UO_0000065,,62.0
,,1099185,[],CHEMBL804721,Inhibitory activity towards Sigma opioid receptor type 1,B,,,BAO_0000190,BAO_0000357,single protein format,c1cc2c(cn1)CCCC2,,,CHEMBL1132386,J Med Chem,1999.0,"{'bei': '54.45', 'le': '0.99', 'lle': '5.29', 'sei': '56.26'}",CHEMBL121919,"5,6,7,8-TETRAHYDROISOQUINOLINE",CHEMBL121919,7.25,0,http://www.openphacts.org/units/Nanomolar,236196,=,1,1,=,,IC50,nM,,56.0,CHEMBL287,Homo sapiens,Sigma opioid receptor,9606,,,IC50,nM,UO_0000065,,56.0
,,1142355,[],CHEMBL805753,The compound was tested for affinity towards sigma-3 receptor,B,,,BAO_0000190,BAO_0000357,single protein format,CNCCC(Oc1ccc(C(F)(F)F)cc1)c1ccccc1,,,CHEMBL1127786,J Med Chem,1994.0,"{'bei': '19.62', 'le': '0.38', 'lle': '1.63', 'sei': '28.55'}",CHEMBL41,FLUOXETINE,CHEMBL41,6.07,0,http://www.openphacts.org/units/Nanomolar,253509,=,1,1,=,,IC50,nM,,851.14,CHEMBL287,Homo sapiens,Sigma opioid receptor,9606,,,Log IC50,,UO_0000065,,-6.07
,,1142356,[],CHEMBL805753,The compound was tested for affinity towards sigma-3 receptor,B,,,BAO_0000190,BAO_0000357,single protein format,O=C(CCCN1CCC2(CC1)C(=O)NCN2c1ccccc1)c1ccc(F)cc1,,,CHEMBL1127786,J Med Chem,1994.0,"{'bei': '15.22', 'le': '0.28', 'lle': '2.80', 'sei': '11.43'}",CHEMBL267930,SPIPERONE,CHEMBL267930,6.02,0,http://www.openphacts.org/units/Nanomolar,253501,=,1,1,=,,IC50,nM,,954.99,CHEMBL287,Homo sapiens,Sigma opioid receptor,9606,,,Log IC50,,UO_0000065,,-6.02
,,1143603,[],CHEMBL805753,The compound was tested for affinity towards sigma-3 receptor,B,,,BAO_0000190,BAO_0000357,single protein format,CN(C)C1Cc2cc(Cl)c(O)cc2C(c2ccccc2)C1,,,CHEMBL1127786,J Med Chem,1994.0,"{'bei': '30.32', 'le': '0.60', 'lle': '5.10', 'sei': '38.99'}",CHEMBL317029,,CHEMBL317029,9.15,0,http://www.openphacts.org/units/Nanomolar,253520,=,1,1,=,,IC50,nM,,0.7079,CHEMBL287,Homo sapiens,Sigma opioid receptor,9606,,,Log IC50,,UO_0000065,,-9.15
,,1143622,[],CHEMBL805753,The compound was tested for affinity towards sigma-3 receptor,B,,,BAO_0000190,BAO_0000357,single protein format,O[C@H](CCCN1CCN(c2ncc(F)cn2)CC1)c1ccc(F)cc1,,,CHEMBL1127786,J Med Chem,1994.0,"{'bei': '18.25', 'le': '0.35', 'lle': '3.97', 'sei': '12.12'}",CHEMBL129768,,CHEMBL129768,6.36,0,http://www.openphacts.org/units/Nanomolar,253488,=,1,1,=,,IC50,nM,,436.52,CHEMBL287,Homo sapiens,Sigma opioid receptor,9606,,,Log IC50,,UO_0000065,,-6.36
,,1143623,[],CHEMBL805753,The compound was tested for affinity towards sigma-3 receptor,B,,,BAO_0000190,BAO_0000357,single protein format,O=C1CC2(CCCC2)CC(=O)N1CCCCN1CCN(c2ncccn2)CC1,,,CHEMBL1127786,J Med Chem,1994.0,"{'bei': '19.30', 'le': '0.36', 'lle': '5.35', 'sei': '10.68'}",CHEMBL49,BUSPIRONE,CHEMBL49,7.44,0,http://www.openphacts.org/units/Nanomolar,253517,=,1,1,=,,IC50,nM,,36.31,CHEMBL287,Homo sapiens,Sigma opioid receptor,9606,,,Log IC50,,UO_0000065,,-7.44
,,1143649,[],CHEMBL805753,The compound was tested for affinity towards sigma-3 receptor,B,,,BAO_0000190,BAO_0000357,single protein format,CCCN(C)C1Cc2ccccc2C(c2ccccc2)C1,,,CHEMBL1127786,J Med Chem,1994.0,"{'bei': '29.88', 'le': '0.54', 'lle': '3.87', 'sei': '257.72'}",CHEMBL134109,,CHEMBL134109,8.35,0,http://www.openphacts.org/units/Nanomolar,253495,=,1,1,=,,IC50,nM,,4.467,CHEMBL287,Homo sapiens,Sigma opioid receptor,9606,,,Log IC50,,UO_0000065,,-8.35
,,1143650,[],CHEMBL805753,The compound was tested for affinity towards sigma-3 receptor,B,,,BAO_0000190,BAO_0000357,single protein format,CN(C)C1CCc2ccccc2C1c1ccccc1,,,CHEMBL1127786,J Med Chem,1994.0,"{'bei': '23.95', 'le': '0.43', 'lle': '2.33', 'sei': '185.80'}",CHEMBL320435,,CHEMBL320435,6.02,0,http://www.openphacts.org/units/Nanomolar,253493,=,1,1,=,,IC50,nM,,954.99,CHEMBL287,Homo sapiens,Sigma opioid receptor,9606,,,Log IC50,,UO_0000065,,-6.02
,,1143679,[],CHEMBL847754,Binding affinity against sigma receptor using radioligand ([3H](+)-pentazocine) binding assay,B,,,BAO_0000190,BAO_0000357,single protein format,c1ccc(CCCN2CCN(CCOC(c3ccccc3)c3ccccc3)CC2)cc1,,,CHEMBL1129408,J Med Chem,1996.0,"{'bei': '18.74', 'le': '0.34', 'lle': '2.73', 'sei': '49.46'}",CHEMBL26320,,CHEMBL26320,7.77,0,http://www.openphacts.org/units/Nanomolar,277195,=,1,1,=,,IC50,nM,,17.0,CHEMBL287,Homo sapiens,Sigma opioid receptor,9606,,,IC50,nM,UO_0000065,,17.0
,,1144895,[],CHEMBL847751,Binding affinity against sigma receptor using radioligand ([3H](+)-pentazocine) binding assay,B,,,BAO_0000190,BAO_0000357,single protein format,c1ccc(C(OCCN2CCN(CCOC(c3ccccc3)c3ccccc3)CC2)c2ccccc2)cc1,,,CHEMBL1129408,J Med Chem,1996.0,,CHEMBL143612,,CHEMBL143612,,0,http://www.openphacts.org/units/Nanomolar,277198,>,1,1,>,,IC50,nM,,10000.0,CHEMBL287,Homo sapiens,Sigma opioid receptor,9606,,,IC50,nM,UO_0000065,,10000.0
,,1146381,[],CHEMBL847751,Binding affinity against sigma receptor using radioligand ([3H](+)-pentazocine) binding assay,B,,,BAO_0000190,BAO_0000357,single protein format,c1ccc(CCCNCCCCNCCOC(c2ccccc2)c2ccccc2)cc1,,,CHEMBL1129408,J Med Chem,1996.0,"{'bei': '14.35', 'le': '0.26', 'lle': '0.60', 'sei': '17.96'}",CHEMBL140104,,CHEMBL140104,5.98,0,http://www.openphacts.org/units/Nanomolar,277200,=,1,1,=,,IC50,nM,,1050.0,CHEMBL287,Homo sapiens,Sigma opioid receptor,9606,,,IC50,nM,UO_0000065,,1050.0
,,1146441,[],CHEMBL847751,Binding affinity against sigma receptor using radioligand ([3H](+)-pentazocine) binding assay,B,,,BAO_0000190,BAO_0000357,single protein format,c1ccc(C(OCCN2CCNCC2)c2ccccc2)cc1,,,CHEMBL1129408,J Med Chem,1996.0,"{'bei': '19.67', 'le': '0.36', 'lle': '3.13', 'sei': '23.79'}",CHEMBL142522,,CHEMBL142522,5.83,0,http://www.openphacts.org/units/Nanomolar,277175,=,1,1,=,,IC50,nM,,1480.0,CHEMBL287,Homo sapiens,Sigma opioid receptor,9606,,,IC50,nM,UO_0000065,,1480.0
,,1147646,[],CHEMBL805753,The compound was tested for affinity towards sigma-3 receptor,B,,,BAO_0000190,BAO_0000357,single protein format,O=C(c1ccc(F)cc1)C1CCN(CCn2c(=O)[nH]c3ccccc3c2=O)CC1,,,CHEMBL1127786,J Med Chem,1994.0,"{'bei': '22.76', 'le': '0.42', 'lle': '6.58', 'sei': '11.97'}",CHEMBL51,KETANSERIN,CHEMBL51,9.00,0,http://www.openphacts.org/units/Nanomolar,253489,=,1,1,=,,IC50,nM,,1.0,CHEMBL287,Homo sapiens,Sigma opioid receptor,9606,,,Log IC50,,UO_0000065,,-9.0
,,1147674,[],CHEMBL805753,The compound was tested for affinity towards sigma-3 receptor,B,,,BAO_0000190,BAO_0000357,single protein format,CN(C)C1Cc2cc(O)c(O)cc2C(c2ccccc2)C1,,,CHEMBL1127786,J Med Chem,1994.0,"{'bei': '28.97', 'le': '0.53', 'lle': '5.10', 'sei': '18.79'}",CHEMBL105645,,CHEMBL105645,8.21,0,http://www.openphacts.org/units/Nanomolar,253497,=,1,1,=,,IC50,nM,,6.166,CHEMBL287,Homo sapiens,Sigma opioid receptor,9606,,,Log IC50,,UO_0000065,,-8.21
,,1147675,[],CHEMBL805753,The compound was tested for affinity towards sigma-3 receptor,B,,,BAO_0000190,BAO_0000357,single protein format,CN(C)C1CCc2ccccc2C(c2ccccc2)C1,,,CHEMBL1127786,J Med Chem,1994.0,"{'bei': '26.64', 'le': '0.48', 'lle': '2.98', 'sei': '218.21'}",CHEMBL104622,,CHEMBL104622,7.07,0,http://www.openphacts.org/units/Nanomolar,253511,=,1,1,=,,IC50,nM,,85.11,CHEMBL287,Homo sapiens,Sigma opioid receptor,9606,,,Log IC50,,UO_0000065,,-7.07
,,1147703,[],CHEMBL847754,Binding affinity against sigma receptor using radioligand ([3H](+)-pentazocine) binding assay,B,,,BAO_0000190,BAO_0000357,single protein format,C[C@@H]1CN(CCOC(c2ccccc2)c2ccccc2)[C@@H](C)CN1CCCc1ccccc1,,,CHEMBL1129408,J Med Chem,1996.0,"{'bei': '18.22', 'le': '0.33', 'lle': '2.25', 'sei': '51.34'}",CHEMBL140054,,CHEMBL140054,8.07,0,http://www.openphacts.org/units/Nanomolar,277210,=,1,1,=,,IC50,nM,,8.6,CHEMBL287,Homo sapiens,Sigma opioid receptor,9606,,,IC50,nM,UO_0000065,,8.6
,,1147709,[],CHEMBL847754,Binding affinity against sigma receptor using radioligand ([3H](+)-pentazocine) binding assay,B,,,BAO_0000190,BAO_0000357,single protein format,C[C@@H]1CN(CCCc2ccccc2)[C@@H](C)CN1,,,CHEMBL1129408,J Med Chem,1996.0,"{'bei': '34.73', 'le': '0.65', 'lle': '5.77', 'sei': '52.85'}",CHEMBL143407,,CHEMBL143407,8.07,0,http://www.openphacts.org/units/Nanomolar,277204,=,1,1,=,,IC50,nM,,8.5,CHEMBL287,Homo sapiens,Sigma opioid receptor,9606,,,IC50,nM,UO_0000065,,8.5
,,1149420,[],CHEMBL846484,Inhibition of specific binding of [125I]PIPAG to sigma receptor in Guinea pig brain membranes,B,,,BAO_0000190,BAO_0000249,cell membrane format,C=CCN1CC[C@]23c4c5ccc(O)c4O[C@H]2[C@@H](O)C=C[C@H]3[C@H]1C5,,,CHEMBL1125550,J Med Chem,1992.0,"{'bei': '19.70', 'le': '0.36', 'lle': '4.38', 'sei': '11.59'}",CHEMBL415284,NALORPHINE,CHEMBL415284,6.13,0,http://www.openphacts.org/units/Nanomolar,276395,=,1,1,=,,IC50,nM,,735.0,CHEMBL287,Homo sapiens,Sigma opioid receptor,9606,,,IC50,nM,UO_0000065,,735.0
,,1149421,[],CHEMBL846625,Inhibition of specific binding of [3H]DTG to sigma receptor in Guinea pig brain membranes,B,,,BAO_0000190,BAO_0000249,cell membrane format,C=CCN1CC[C@]23c4c5ccc(O)c4O[C@H]2[C@@H](O)C=C[C@H]3[C@H]1C5,,,CHEMBL1125550,J Med Chem,1992.0,"{'bei': '19.92', 'le': '0.37', 'lle': '4.45', 'sei': '11.72'}",CHEMBL415284,NALORPHINE,CHEMBL415284,6.20,0,http://www.openphacts.org/units/Nanomolar,276395,=,1,1,=,,IC50,nM,,625.0,CHEMBL287,Homo sapiens,Sigma opioid receptor,9606,,,IC50,nM,UO_0000065,,625.0
,,1149422,[],CHEMBL874058,Inhibition of specific binding of [3H]3-PPP to sigma receptor in Guinea pig brain membranes,B,,,BAO_0000190,BAO_0000249,cell membrane format,C=CCN1CC[C@]23c4c5ccc(O)c4O[C@H]2[C@@H](O)C=C[C@H]3[C@H]1C5,,,CHEMBL1125550,J Med Chem,1992.0,"{'bei': '22.58', 'le': '0.42', 'lle': '5.28', 'sei': '13.28'}",CHEMBL415284,NALORPHINE,CHEMBL415284,7.03,0,http://www.openphacts.org/units/Nanomolar,276395,=,1,1,=,,IC50,nM,,93.0,CHEMBL287,Homo sapiens,Sigma opioid receptor,9606,,,IC50,nM,UO_0000065,,93.0
,,1149423,[],CHEMBL846627,Inhibition of specific binding of [3H]NANM of sigma receptor in Guinea pig brain membranes,B,,,BAO_0000190,BAO_0000249,cell membrane format,C=CCN1CC[C@]23c4c5ccc(O)c4O[C@H]2[C@@H](O)C=C[C@H]3[C@H]1C5,,,CHEMBL1125550,J Med Chem,1992.0,"{'bei': '23.50', 'le': '0.43', 'lle': '5.57', 'sei': '13.83'}",CHEMBL415284,NALORPHINE,CHEMBL415284,7.32,0,http://www.openphacts.org/units/Nanomolar,276395,=,1,1,=,,IC50,nM,,48.0,CHEMBL287,Homo sapiens,Sigma opioid receptor,9606,,,IC50,nM,UO_0000065,,48.0
,,1150129,[],CHEMBL805753,The compound was tested for affinity towards sigma-3 receptor,B,,,BAO_0000190,BAO_0000357,single protein format,OC1(c2ccc(Cl)cc2)c2ccccc2C2=NCCN21,,,CHEMBL1127786,J Med Chem,1994.0,"{'bei': '23.28', 'le': '0.45', 'lle': '4.02', 'sei': '18.50'}",CHEMBL781,MAZINDOL,CHEMBL781,6.63,0,http://www.openphacts.org/units/Nanomolar,253506,=,1,1,=,,IC50,nM,,234.42,CHEMBL287,Homo sapiens,Sigma opioid receptor,9606,,,Log IC50,,UO_0000065,,-6.63
,,1150150,[],CHEMBL847751,Binding affinity against sigma receptor using radioligand ([3H](+)-pentazocine) binding assay,B,,,BAO_0000190,BAO_0000357,single protein format,Fc1ccc(C(OCCN2CCNCC2)c2ccc(F)cc2)cc1,,,CHEMBL1129408,J Med Chem,1996.0,"{'bei': '18.10', 'le': '0.34', 'lle': '3.04', 'sei': '24.55'}",CHEMBL142617,,CHEMBL142617,6.01,0,http://www.openphacts.org/units/Nanomolar,277199,=,1,1,=,,IC50,nM,,965.0,CHEMBL287,Homo sapiens,Sigma opioid receptor,9606,,,IC50,nM,UO_0000065,,965.0
,,1150223,[],CHEMBL847751,Binding affinity against sigma receptor using radioligand ([3H](+)-pentazocine) binding assay,B,,,BAO_0000190,BAO_0000357,single protein format,C[C@@H]1CN(CCCc2ccccc2)[C@@H](C)CN1CCCc1ccccc1,,,CHEMBL1129408,J Med Chem,1996.0,"{'bei': '23.02', 'le': '0.42', 'lle': '3.42', 'sei': '124.55'}",CHEMBL348432,,CHEMBL348432,8.07,0,http://www.openphacts.org/units/Nanomolar,277176,=,1,1,=,,IC50,nM,,8.5,CHEMBL287,Homo sapiens,Sigma opioid receptor,9606,,,IC50,nM,UO_0000065,,8.5
,,1150674,[],CHEMBL846484,Inhibition of specific binding of [125I]PIPAG to sigma receptor in Guinea pig brain membranes,B,,,BAO_0000190,BAO_0000249,cell membrane format,c1csc(C2(N3CCCCC3)CCCCC2)c1,,,CHEMBL1125550,J Med Chem,1992.0,"{'bei': '22.80', 'le': '0.46', 'lle': '1.30', 'sei': '175.50'}",CHEMBL279676,TENOCYCLIDINE,CHEMBL279676,5.69,0,http://www.openphacts.org/units/Nanomolar,276390,=,1,1,=,,IC50,nM,,2060.0,CHEMBL287,Homo sapiens,Sigma opioid receptor,9606,,,IC50,nM,UO_0000065,,2060.0
,,1150675,[],CHEMBL846627,Inhibition of specific binding of [3H]NANM of sigma receptor in Guinea pig brain membranes,B,,,BAO_0000190,BAO_0000249,cell membrane format,c1csc(C2(N3CCCCC3)CCCCC2)c1,,,CHEMBL1125550,J Med Chem,1992.0,"{'bei': '23.89', 'le': '0.48', 'lle': '1.57', 'sei': '183.91'}",CHEMBL279676,TENOCYCLIDINE,CHEMBL279676,5.96,0,http://www.openphacts.org/units/Nanomolar,276390,=,1,1,=,,IC50,nM,,1100.0,CHEMBL287,Homo sapiens,Sigma opioid receptor,9606,,,IC50,nM,UO_0000065,,1100.0
,,1151322,[],CHEMBL805753,The compound was tested for affinity towards sigma-3 receptor,B,,,BAO_0000190,BAO_0000357,single protein format,CN(C)C1Cc2ccccc2C(c2ccccc2)C1,,,CHEMBL1127786,J Med Chem,1994.0,"{'bei': '36.92', 'le': '0.67', 'lle': '5.59', 'sei': '286.42'}",CHEMBL104945,,CHEMBL104945,9.28,0,http://www.openphacts.org/units/Nanomolar,253519,=,1,1,=,,IC50,nM,,0.5248,CHEMBL287,Homo sapiens,Sigma opioid receptor,9606,,,Log IC50,,UO_0000065,,-9.28
,,1151357,[],CHEMBL805753,The compound was tested for affinity towards sigma-3 receptor,B,,,BAO_0000190,BAO_0000357,single protein format,C[C@@H]1CN(CCCn2c3ccccc3c3ccccc32)C[C@H](C)N1,,,CHEMBL1127786,J Med Chem,1994.0,"{'bei': '19.38', 'le': '0.35', 'lle': '2.36', 'sei': '30.84'}",CHEMBL275707,RIMCAZOLE,CHEMBL275707,6.23,0,http://www.openphacts.org/units/Nanomolar,253490,=,1,1,=,,IC50,nM,,588.84,CHEMBL287,Homo sapiens,Sigma opioid receptor,9606,,,Log IC50,,UO_0000065,,-6.23
,,1151358,[],CHEMBL805753,The compound was tested for affinity towards sigma-3 receptor,B,,,BAO_0000190,BAO_0000357,single protein format,OCCN1CCN(CC/C=C2\c3ccccc3Sc3ccc(C(F)(F)F)cc32)CC1,,,CHEMBL1127786,J Med Chem,1994.0,"{'bei': '18.02', 'le': '0.36', 'lle': '3.23', 'sei': '29.31'}",CHEMBL42055,E-FLUPENTIXOL,CHEMBL42055,7.83,0,http://www.openphacts.org/units/Nanomolar,253515,=,1,1,=,,IC50,nM,,14.79,CHEMBL287,Homo sapiens,Sigma opioid receptor,9606,,,Log IC50,,UO_0000065,,-7.83
,,1151363,[],CHEMBL805753,The compound was tested for affinity towards sigma-3 receptor,B,,,BAO_0000190,BAO_0000357,single protein format,Cc1ccc(N(CC2=NCCN2)c2cccc(O)c2)cc1,,,CHEMBL1127786,J Med Chem,1994.0,"{'bei': '22.25', 'le': '0.41', 'lle': '3.42', 'sei': '13.08'}",CHEMBL597,PHENTOLAMINE,CHEMBL597,6.26,0,http://www.openphacts.org/units/Nanomolar,253504,=,1,1,=,,IC50,nM,,549.54,CHEMBL287,Homo sapiens,Sigma opioid receptor,9606,,,Log IC50,,UO_0000065,,-6.26
,,1151364,[],CHEMBL805753,The compound was tested for affinity towards sigma-3 receptor,B,,,BAO_0000190,BAO_0000357,single protein format,CN1CCc2cc(Cl)c(O)cc2[C@@H](c2ccccc2)C1,,,CHEMBL1127786,J Med Chem,1994.0,"{'bei': '22.27', 'le': '0.44', 'lle': '2.74', 'sei': '27.31'}",CHEMBL62,SCH-23390,CHEMBL62,6.41,0,http://www.openphacts.org/units/Nanomolar,253503,=,1,1,=,,IC50,nM,,389.05,CHEMBL287,Homo sapiens,Sigma opioid receptor,9606,,,Log IC50,,UO_0000065,,-6.41
,,1151376,[],CHEMBL847754,Binding affinity against sigma receptor using radioligand ([3H](+)-pentazocine) binding assay,B,,,BAO_0000190,BAO_0000357,single protein format,c1ccc(CCCN2CCN(CCCc3ccccc3)CC2)cc1,,,CHEMBL1129408,J Med Chem,1996.0,"{'bei': '28.84', 'le': '0.53', 'lle': '5.43', 'sei': '143.53'}",CHEMBL346409,,CHEMBL346409,9.30,0,http://www.openphacts.org/units/Nanomolar,277208,=,1,1,=,,IC50,nM,,0.5,CHEMBL287,Homo sapiens,Sigma opioid receptor,9606,,,IC50,nM,UO_0000065,,0.5
,,1151454,[],CHEMBL847751,Binding affinity against sigma receptor using radioligand ([3H](+)-pentazocine) binding assay,B,,,BAO_0000190,BAO_0000357,single protein format,C[C@@H]1CN(CCOC(c2ccc(F)cc2)c2ccc(F)cc2)[C@@H](C)CN1,,,CHEMBL1129408,J Med Chem,1996.0,"{'bei': '19.94', 'le': '0.38', 'lle': '3.44', 'sei': '29.34'}",CHEMBL142518,,CHEMBL142518,7.19,0,http://www.openphacts.org/units/Nanomolar,277181,=,1,1,=,,IC50,nM,,65.0,CHEMBL287,Homo sapiens,Sigma opioid receptor,9606,,,IC50,nM,UO_0000065,,65.0
,,1152516,[],CHEMBL805753,The compound was tested for affinity towards sigma-3 receptor,B,,,BAO_0000190,BAO_0000357,single protein format,CN(C)C1Cc2cc(O)c(O)cc2C(c2ccccc2)C1,,,CHEMBL1127786,J Med Chem,1994.0,"{'bei': '27.42', 'le': '0.51', 'lle': '4.66', 'sei': '17.78'}",CHEMBL105645,,CHEMBL105645,7.77,0,http://www.openphacts.org/units/Nanomolar,253498,=,1,1,=,,IC50,nM,,16.98,CHEMBL287,Homo sapiens,Sigma opioid receptor,9606,,,Log IC50,,UO_0000065,,-7.77
,,1152517,[],CHEMBL805753,The compound was tested for affinity towards sigma-3 receptor,B,,,BAO_0000190,BAO_0000357,single protein format,CCCN(CCC)C1Cc2ccccc2C(c2ccccc2)C1,,,CHEMBL1127786,J Med Chem,1994.0,"{'bei': '25.66', 'le': '0.47', 'lle': '2.63', 'sei': '243.52'}",CHEMBL134215,,CHEMBL134215,7.89,0,http://www.openphacts.org/units/Nanomolar,253494,=,1,1,=,,IC50,nM,,12.88,CHEMBL287,Homo sapiens,Sigma opioid receptor,9606,,,Log IC50,,UO_0000065,,-7.89
,,1152906,[],CHEMBL846483,Inhibition of specific binding of [125I]-PIPAG to sigma binding site in Guinea pig brain membranes,B,,,BAO_0000190,BAO_0000249,cell membrane format,CN1CCc2cccc3c2[C@H]1Cc1ccc(O)c(O)c1-3,,,CHEMBL1125550,J Med Chem,1992.0,,CHEMBL53,APOMORPHINE,CHEMBL53,,0,http://www.openphacts.org/units/Nanomolar,276402,>,1,1,>,,IC50,nM,,10000.0,CHEMBL287,Homo sapiens,Sigma opioid receptor,9606,,,IC50,nM,UO_0000065,,10000.0
,,1152907,[],CHEMBL846624,Inhibition of specific binding of [3H]DTG to sigma binding site in Guinea pig brain membranes,B,,,BAO_0000190,BAO_0000249,cell membrane format,CN1CCc2cccc3c2[C@H]1Cc1ccc(O)c(O)c1-3,,,CHEMBL1125550,J Med Chem,1992.0,,CHEMBL53,APOMORPHINE,CHEMBL53,,0,http://www.openphacts.org/units/Nanomolar,276402,>,1,1,>,,IC50,nM,,10000.0,CHEMBL287,Homo sapiens,Sigma opioid receptor,9606,,,IC50,nM,UO_0000065,,10000.0
,,1152908,[],CHEMBL846626,Inhibition of specific binding of [3H]NANM of sigma binding site in Guinea pig brain membranes,B,,,BAO_0000190,BAO_0000249,cell membrane format,CN1CCc2cccc3c2[C@H]1Cc1ccc(O)c(O)c1-3,,,CHEMBL1125550,J Med Chem,1992.0,,CHEMBL53,APOMORPHINE,CHEMBL53,,0,http://www.openphacts.org/units/Nanomolar,276402,>,1,1,>,,IC50,nM,,31000.0,CHEMBL287,Homo sapiens,Sigma opioid receptor,9606,,,IC50,nM,UO_0000065,,31000.0
,,1153083,[],CHEMBL846484,Inhibition of specific binding of [125I]PIPAG to sigma receptor in Guinea pig brain membranes,B,,,BAO_0000190,BAO_0000249,cell membrane format,CN1CCC[C@H]1c1cccnc1,,,CHEMBL1125550,J Med Chem,1992.0,,CHEMBL3,NICOTINE,CHEMBL3,,0,http://www.openphacts.org/units/Nanomolar,276394,>,1,1,>,,IC50,nM,,10000.0,CHEMBL287,Homo sapiens,Sigma opioid receptor,9606,,,IC50,nM,UO_0000065,,10000.0
,,1153741,[],CHEMBL805753,The compound was tested for affinity towards sigma-3 receptor,B,,,BAO_0000190,BAO_0000357,single protein format,CCCNC1Cc2ccccc2C(c2ccccc2)C1,,,CHEMBL1127786,J Med Chem,1994.0,"{'bei': '27.24', 'le': '0.49', 'lle': '3.10', 'sei': '60.10'}",CHEMBL133847,,CHEMBL133847,7.23,0,http://www.openphacts.org/units/Nanomolar,253521,=,1,1,=,,IC50,nM,,58.88,CHEMBL287,Homo sapiens,Sigma opioid receptor,9606,,,Log IC50,,UO_0000065,,-7.23
,,1153880,[],CHEMBL847751,Binding affinity against sigma receptor using radioligand ([3H](+)-pentazocine) binding assay,B,,,BAO_0000190,BAO_0000357,single protein format,CN(CCCc1ccccc1)CCN(C)CCOC(c1ccccc1)c1ccccc1,,,CHEMBL1129408,J Med Chem,1996.0,"{'bei': '17.93', 'le': '0.33', 'lle': '2.18', 'sei': '47.54'}",CHEMBL142041,,CHEMBL142041,7.47,0,http://www.openphacts.org/units/Nanomolar,277192,=,1,1,=,,IC50,nM,,34.0,CHEMBL287,Homo sapiens,Sigma opioid receptor,9606,,,IC50,nM,UO_0000065,,34.0
,,1154234,[],CHEMBL846483,Inhibition of specific binding of [125I]-PIPAG to sigma binding site in Guinea pig brain membranes,B,,,BAO_0000190,BAO_0000249,cell membrane format,C=CCN1CC[C@]23c4c5ccc(O)c4O[C@H]2C(=O)CC[C@@]3(O)[C@H]1C5,,,CHEMBL1125550,J Med Chem,1992.0,,CHEMBL80,NALOXONE,CHEMBL80,,0,http://www.openphacts.org/units/Nanomolar,276399,>,1,1,>,,IC50,nM,,100000.0,CHEMBL287,Homo sapiens,Sigma opioid receptor,9606,,,IC50,nM,UO_0000065,,100000.0
,,1154235,[],CHEMBL846626,Inhibition of specific binding of [3H]NANM of sigma binding site in Guinea pig brain membranes,B,,,BAO_0000190,BAO_0000249,cell membrane format,C=CCN1CC[C@]23c4c5ccc(O)c4O[C@H]2C(=O)CC[C@@]3(O)[C@H]1C5,,,CHEMBL1125550,J Med Chem,1992.0,,CHEMBL80,NALOXONE,CHEMBL80,,0,http://www.openphacts.org/units/Nanomolar,276399,>,1,1,>,,IC50,nM,,100000.0,CHEMBL287,Homo sapiens,Sigma opioid receptor,9606,,,IC50,nM,UO_0000065,,100000.0
,,1155156,[],CHEMBL805753,The compound was tested for affinity towards sigma-3 receptor,B,,,BAO_0000190,BAO_0000357,single protein format,CN(C)C1Cc2ccccc2C(c2ccccc2)C1,,,CHEMBL1127786,J Med Chem,1994.0,"{'bei': '34.85', 'le': '0.63', 'lle': '5.07', 'sei': '270.37'}",CHEMBL104945,,CHEMBL104945,8.76,0,http://www.openphacts.org/units/Nanomolar,253499,=,1,1,=,,IC50,nM,,1.738,CHEMBL287,Homo sapiens,Sigma opioid receptor,9606,,,Log IC50,,UO_0000065,,-8.76
,,1155187,[],CHEMBL847751,Binding affinity against sigma receptor using radioligand ([3H](+)-pentazocine) binding assay,B,,,BAO_0000190,BAO_0000357,single protein format,NCCCCNCCOC(c1ccccc1)c1ccccc1,,,CHEMBL1129408,J Med Chem,1996.0,,CHEMBL143846,,CHEMBL143846,,0,http://www.openphacts.org/units/Nanomolar,277189,>,1,1,>,,IC50,nM,,10000.0,CHEMBL287,Homo sapiens,Sigma opioid receptor,9606,,,IC50,nM,UO_0000065,,10000.0
,,1155549,[],CHEMBL846483,Inhibition of specific binding of [125I]-PIPAG to sigma binding site in Guinea pig brain membranes,B,,,BAO_0000190,BAO_0000249,cell membrane format,Cc1ccccc1NC(=N)Nc1ccccc1C,,,CHEMBL1125550,J Med Chem,1992.0,"{'bei': '32.36', 'le': '0.59', 'lle': '3.98', 'sei': '16.17'}",CHEMBL282433,DITOLYLGUANIDINE,CHEMBL282433,7.75,0,http://www.openphacts.org/units/Nanomolar,276401,=,1,1,=,,IC50,nM,,18.0,CHEMBL287,Homo sapiens,Sigma opioid receptor,9606,,,IC50,nM,UO_0000065,,18.0
,,1155550,[],CHEMBL846624,Inhibition of specific binding of [3H]DTG to sigma binding site in Guinea pig brain membranes,B,,,BAO_0000190,BAO_0000249,cell membrane format,Cc1ccccc1NC(=N)Nc1ccccc1C,,,CHEMBL1125550,J Med Chem,1992.0,"{'bei': '31.56', 'le': '0.57', 'lle': '3.79', 'sei': '15.76'}",CHEMBL282433,DITOLYLGUANIDINE,CHEMBL282433,7.55,1,http://www.openphacts.org/units/Nanomolar,276401,=,1,1,=,,IC50,nM,,28.0,CHEMBL287,Homo sapiens,Sigma opioid receptor,9606,,,IC50,nM,UO_0000065,,28.0
,,1155551,[],CHEMBL846485,Inhibition of specific binding of [3H]3-PPP to sigma binding site in Guinea pig brain membranes,B,,,BAO_0000190,BAO_0000249,cell membrane format,Cc1ccccc1NC(=N)Nc1ccccc1C,,,CHEMBL1125550,J Med Chem,1992.0,"{'bei': '30.40', 'le': '0.55', 'lle': '3.52', 'sei': '15.19'}",CHEMBL282433,DITOLYLGUANIDINE,CHEMBL282433,7.28,0,http://www.openphacts.org/units/Nanomolar,276401,=,1,1,=,,IC50,nM,,53.0,CHEMBL287,Homo sapiens,Sigma opioid receptor,9606,,,IC50,nM,UO_0000065,,53.0
,,1155552,[],CHEMBL846626,Inhibition of specific binding of [3H]NANM of sigma binding site in Guinea pig brain membranes,B,,,BAO_0000190,BAO_0000249,cell membrane format,Cc1ccccc1NC(=N)Nc1ccccc1C,,,CHEMBL1125550,J Med Chem,1992.0,"{'bei': '32.69', 'le': '0.59', 'lle': '4.06', 'sei': '16.33'}",CHEMBL282433,DITOLYLGUANIDINE,CHEMBL282433,7.82,0,http://www.openphacts.org/units/Nanomolar,276401,=,1,1,=,,IC50,nM,,15.0,CHEMBL287,Homo sapiens,Sigma opioid receptor,9606,,,IC50,nM,UO_0000065,,15.0
,,1156506,[],CHEMBL805753,The compound was tested for affinity towards sigma-3 receptor,B,,,BAO_0000190,BAO_0000357,single protein format,CN(C)C1CCc2ccccc2C(c2ccccc2)C1,,,CHEMBL1127786,J Med Chem,1994.0,"{'bei': '29.24', 'le': '0.53', 'lle': '3.67', 'sei': '239.50'}",CHEMBL104622,,CHEMBL104622,7.76,0,http://www.openphacts.org/units/Nanomolar,253512,=,1,1,=,,IC50,nM,,17.38,CHEMBL287,Homo sapiens,Sigma opioid receptor,9606,,,Log IC50,,UO_0000065,,-7.76
,,1159068,[],CHEMBL805753,The compound was tested for affinity towards sigma-3 receptor,B,,,BAO_0000190,BAO_0000357,single protein format,OCCN1CCN(CC/C=C2/c3ccccc3Sc3ccc(C(F)(F)F)cc32)CC1,,,CHEMBL1127786,J Med Chem,1994.0,"{'bei': '19.91', 'le': '0.39', 'lle': '4.05', 'sei': '32.38'}",CHEMBL54661,FLUPENTIXOL,CHEMBL54661,8.65,0,http://www.openphacts.org/units/Nanomolar,253514,=,1,1,=,,IC50,nM,,2.239,CHEMBL287,Homo sapiens,Sigma opioid receptor,9606,,,Log IC50,,UO_0000065,,-8.65
,,1159084,[],CHEMBL805753,The compound was tested for affinity towards sigma-3 receptor,B,,,BAO_0000190,BAO_0000357,single protein format,CC(C)(C)[C@@]1(O)CCN2C[C@@H]3c4ccccc4CCc4cccc(c43)[C@H]2C1,,,CHEMBL1127786,J Med Chem,1994.0,"{'bei': '20.14', 'le': '0.37', 'lle': '2.44', 'sei': '31.02'}",CHEMBL1255588,,CHEMBL1255588,7.28,0,http://www.openphacts.org/units/Nanomolar,253510,=,1,1,=,,IC50,nM,,52.48,CHEMBL287,Homo sapiens,Sigma opioid receptor,9606,,,Log IC50,,UO_0000065,,-7.28
,,1160275,[],CHEMBL805753,The compound was tested for affinity towards sigma-3 receptor,B,,,BAO_0000190,BAO_0000357,single protein format,CNC1Cc2ccccc2C(c2ccccc2)C1,,,CHEMBL1127786,J Med Chem,1994.0,"{'bei': '29.91', 'le': '0.54', 'lle': '3.75', 'sei': '59.02'}",CHEMBL104444,,CHEMBL104444,7.10,0,http://www.openphacts.org/units/Nanomolar,253522,=,1,1,=,,IC50,nM,,79.43,CHEMBL287,Homo sapiens,Sigma opioid receptor,9606,,,Log IC50,,UO_0000065,,-7.1
,,1160335,[],CHEMBL805753,The compound was tested for affinity towards sigma-3 receptor,B,,,BAO_0000190,BAO_0000357,single protein format,CN(C)C1Cc2ccccc2C(c2ccccc2)C1,,,CHEMBL1127786,J Med Chem,1994.0,"{'bei': '33.22', 'le': '0.60', 'lle': '4.66', 'sei': '257.72'}",CHEMBL104945,,CHEMBL104945,8.35,0,http://www.openphacts.org/units/Nanomolar,253500,=,1,1,=,,IC50,nM,,4.467,CHEMBL287,Homo sapiens,Sigma opioid receptor,9606,,,Log IC50,,UO_0000065,,-8.35
,,1160417,[],CHEMBL847751,Binding affinity against sigma receptor using radioligand ([3H](+)-pentazocine) binding assay,B,,,BAO_0000190,BAO_0000357,single protein format,c1ccc(CCCN2CCCCC(NCCOC(c3ccccc3)c3ccccc3)C2)cc1,,,CHEMBL1129408,J Med Chem,1996.0,"{'bei': '16.06', 'le': '0.29', 'lle': '1.24', 'sei': '29.01'}",CHEMBL141876,,CHEMBL141876,7.11,0,http://www.openphacts.org/units/Nanomolar,277187,=,1,1,=,,IC50,nM,,78.0,CHEMBL287,Homo sapiens,Sigma opioid receptor,9606,,,IC50,nM,UO_0000065,,78.0
,,1160796,[],CHEMBL846483,Inhibition of specific binding of [125I]-PIPAG to sigma binding site in Guinea pig brain membranes,B,,,BAO_0000190,BAO_0000249,cell membrane format,c1ccc(C2(N3CCCCC3)CCCCC2)cc1,,,CHEMBL1125550,J Med Chem,1992.0,"{'bei': '24.90', 'le': '0.46', 'lle': '1.73', 'sei': '187.08'}",CHEMBL275528,PHENCYCLIDINE,CHEMBL275528,6.06,0,http://www.openphacts.org/units/Nanomolar,276400,=,1,1,=,,IC50,nM,,868.0,CHEMBL287,Homo sapiens,Sigma opioid receptor,9606,,,IC50,nM,UO_0000065,,868.0
,,1160797,[],CHEMBL846624,Inhibition of specific binding of [3H]DTG to sigma binding site in Guinea pig brain membranes,B,,,BAO_0000190,BAO_0000249,cell membrane format,c1ccc(C2(N3CCCCC3)CCCCC2)cc1,,,CHEMBL1125550,J Med Chem,1992.0,"{'bei': '24.56', 'le': '0.45', 'lle': '1.65', 'sei': '184.53'}",CHEMBL275528,PHENCYCLIDINE,CHEMBL275528,5.98,0,http://www.openphacts.org/units/Nanomolar,276400,=,1,1,=,,IC50,nM,,1050.0,CHEMBL287,Homo sapiens,Sigma opioid receptor,9606,,,IC50,nM,UO_0000065,,1050.0
,,1160798,[],CHEMBL846485,Inhibition of specific binding of [3H]3-PPP to sigma binding site in Guinea pig brain membranes,B,,,BAO_0000190,BAO_0000249,cell membrane format,c1ccc(C2(N3CCCCC3)CCCCC2)cc1,,,CHEMBL1125550,J Med Chem,1992.0,"{'bei': '24.65', 'le': '0.46', 'lle': '1.67', 'sei': '185.19'}",CHEMBL275528,PHENCYCLIDINE,CHEMBL275528,6.00,0,http://www.openphacts.org/units/Nanomolar,276400,=,1,1,=,,IC50,nM,,1000.0,CHEMBL287,Homo sapiens,Sigma opioid receptor,9606,,,IC50,nM,UO_0000065,,1000.0
,,1160799,[],CHEMBL846626,Inhibition of specific binding of [3H]NANM of sigma binding site in Guinea pig brain membranes,B,,,BAO_0000190,BAO_0000249,cell membrane format,c1ccc(C2(N3CCCCC3)CCCCC2)cc1,,,CHEMBL1125550,J Med Chem,1992.0,"{'bei': '25.69', 'le': '0.47', 'lle': '1.92', 'sei': '192.96'}",CHEMBL275528,PHENCYCLIDINE,CHEMBL275528,6.25,0,http://www.openphacts.org/units/Nanomolar,276400,=,1,1,=,,IC50,nM,,560.0,CHEMBL287,Homo sapiens,Sigma opioid receptor,9606,,,IC50,nM,UO_0000065,,560.0
,,1161690,[],CHEMBL805753,The compound was tested for affinity towards sigma-3 receptor,B,,,BAO_0000190,BAO_0000357,single protein format,CN(C)C1Cc2ccccc2C(C)(c2ccccc2)C1,,,CHEMBL1127786,J Med Chem,1994.0,"{'bei': '31.12', 'le': '0.56', 'lle': '4.39', 'sei': '254.94'}",CHEMBL320190,,CHEMBL320190,8.26,0,http://www.openphacts.org/units/Nanomolar,253513,=,1,1,=,,IC50,nM,,5.495,CHEMBL287,Homo sapiens,Sigma opioid receptor,9606,,,Log IC50,,UO_0000065,,-8.26
,,1161691,[],CHEMBL805753,The compound was tested for affinity towards sigma-3 receptor,B,,,BAO_0000190,BAO_0000357,single protein format,CCC(CO)NC(=O)[C@@H]1C=C2c3cccc4c3c(cn4C)C[C@H]2N(C)C1,,,CHEMBL1127786,J Med Chem,1994.0,"{'bei': '17.09', 'le': '0.32', 'lle': '4.10', 'sei': '10.50'}",CHEMBL485253,METHYSERGIDE,CHEMBL485253,6.04,0,http://www.openphacts.org/units/Nanomolar,253505,=,1,1,=,,IC50,nM,,912.01,CHEMBL287,Homo sapiens,Sigma opioid receptor,9606,,,Log IC50,,UO_0000065,,-6.04
,,1161833,[],CHEMBL847751,Binding affinity against sigma receptor using radioligand ([3H](+)-pentazocine) binding assay,B,,,BAO_0000190,BAO_0000357,single protein format,C[C@@H]1CN(CCOC(c2ccccc2)c2ccccc2)[C@@H](C)CN1CCOC(c1ccccc1)c1ccccc1,,,CHEMBL1129408,J Med Chem,1996.0,"{'bei': '10.09', 'le': '0.18', 'lle': '-1.59', 'sei': '21.64'}",CHEMBL342120,,CHEMBL342120,5.40,0,http://www.openphacts.org/units/Nanomolar,277178,=,1,1,=,,IC50,nM,,4001.0,CHEMBL287,Homo sapiens,Sigma opioid receptor,9606,,,IC50,nM,UO_0000065,,4001.0
,,1163261,[],CHEMBL847754,Binding affinity against sigma receptor using radioligand ([3H](+)-pentazocine) binding assay,B,,,BAO_0000190,BAO_0000357,single protein format,Fc1ccc(C(OCCN2CCN(CCOC(c3ccc(F)cc3)c3ccc(F)cc3)CC2)c2ccc(F)cc2)cc1,,,CHEMBL1129408,J Med Chem,1996.0,,CHEMBL102119,,CHEMBL102119,,0,http://www.openphacts.org/units/Nanomolar,277202,>,1,1,>,,IC50,nM,,10000.0,CHEMBL287,Homo sapiens,Sigma opioid receptor,9606,,,IC50,nM,UO_0000065,,10000.0
,,1163313,[],CHEMBL847751,Binding affinity against sigma receptor using radioligand ([3H](+)-pentazocine) binding assay,B,,,BAO_0000190,BAO_0000357,single protein format,c1ccc(CCCN2CCCCN(CCOC(c3ccccc3)c3ccccc3)CC2)cc1,,,CHEMBL1129408,J Med Chem,1996.0,"{'bei': '15.24', 'le': '0.28', 'lle': '0.92', 'sei': '42.93'}",CHEMBL342121,,CHEMBL342121,6.75,0,http://www.openphacts.org/units/Nanomolar,277188,=,1,1,=,,IC50,nM,,180.0,CHEMBL287,Homo sapiens,Sigma opioid receptor,9606,,,IC50,nM,UO_0000065,,180.0
,,1163318,[],CHEMBL847751,Binding affinity against sigma receptor using radioligand ([3H](+)-pentazocine) binding assay,B,,,BAO_0000190,BAO_0000357,single protein format,c1ccc(CCCNC2CCCCN(CCOC(c3ccccc3)c3ccccc3)C2)cc1,,,CHEMBL1129408,J Med Chem,1996.0,"{'bei': '16.00', 'le': '0.29', 'lle': '1.21', 'sei': '28.90'}",CHEMBL357008,,CHEMBL357008,7.08,0,http://www.openphacts.org/units/Nanomolar,277186,=,1,1,=,,IC50,nM,,83.0,CHEMBL287,Homo sapiens,Sigma opioid receptor,9606,,,IC50,nM,UO_0000065,,83.0
,,1163659,[],CHEMBL846483,Inhibition of specific binding of [125I]-PIPAG to sigma binding site in Guinea pig brain membranes,B,,,BAO_0000190,BAO_0000249,cell membrane format,O=C(CCCN1CCC(O)(c2ccc(Cl)cc2)CC1)c1ccc(F)cc1,,,CHEMBL1125550,J Med Chem,1992.0,"{'bei': '21.54', 'le': '0.43', 'lle': '3.67', 'sei': '19.97'}",CHEMBL54,HALOPERIDOL,CHEMBL54,8.10,0,http://www.openphacts.org/units/Nanomolar,276397,=,1,1,=,,IC50,nM,,8.0,CHEMBL287,Homo sapiens,Sigma opioid receptor,9606,,,IC50,nM,UO_0000065,,8.0
,,1163660,[],CHEMBL846624,Inhibition of specific binding of [3H]DTG to sigma binding site in Guinea pig brain membranes,B,,,BAO_0000190,BAO_0000249,cell membrane format,O=C(CCCN1CCC(O)(c2ccc(Cl)cc2)CC1)c1ccc(F)cc1,,,CHEMBL1125550,J Med Chem,1992.0,"{'bei': '22.08', 'le': '0.44', 'lle': '3.87', 'sei': '20.48'}",CHEMBL54,HALOPERIDOL,CHEMBL54,8.30,1,http://www.openphacts.org/units/Nanomolar,276397,=,1,1,=,,IC50,nM,,5.0,CHEMBL287,Homo sapiens,Sigma opioid receptor,9606,,,IC50,nM,UO_0000065,,5.0
,,1163661,[],CHEMBL846485,Inhibition of specific binding of [3H]3-PPP to sigma binding site in Guinea pig brain membranes,B,,,BAO_0000190,BAO_0000249,cell membrane format,O=C(CCCN1CCC(O)(c2ccc(Cl)cc2)CC1)c1ccc(F)cc1,,,CHEMBL1125550,J Med Chem,1992.0,"{'bei': '20.67', 'le': '0.41', 'lle': '3.34', 'sei': '19.17'}",CHEMBL54,HALOPERIDOL,CHEMBL54,7.77,0,http://www.openphacts.org/units/Nanomolar,276397,=,1,1,=,,IC50,nM,,17.0,CHEMBL287,Homo sapiens,Sigma opioid receptor,9606,,,IC50,nM,UO_0000065,,17.0
,,1163662,[],CHEMBL846626,Inhibition of specific binding of [3H]NANM of sigma binding site in Guinea pig brain membranes,B,,,BAO_0000190,BAO_0000249,cell membrane format,O=C(CCCN1CCC(O)(c2ccc(Cl)cc2)CC1)c1ccc(F)cc1,,,CHEMBL1125550,J Med Chem,1992.0,"{'bei': '22.34', 'le': '0.44', 'lle': '3.97', 'sei': '20.72'}",CHEMBL54,HALOPERIDOL,CHEMBL54,8.40,0,http://www.openphacts.org/units/Nanomolar,276397,=,1,1,=,,IC50,nM,,4.0,CHEMBL287,Homo sapiens,Sigma opioid receptor,9606,,,IC50,nM,UO_0000065,,4.0
,,1166583,[],CHEMBL846484,Inhibition of specific binding of [125I]PIPAG to sigma receptor in Guinea pig brain membranes,B,,,BAO_0000190,BAO_0000249,cell membrane format,C[C@]12N[C@H](Cc3ccccc31)c1ccccc12,,,CHEMBL1125550,J Med Chem,1992.0,,CHEMBL284237,DIZOCILPINE,CHEMBL284237,,0,http://www.openphacts.org/units/Nanomolar,276392,>,1,1,>,,IC50,nM,,10000.0,CHEMBL287,Homo sapiens,Sigma opioid receptor,9606,,,IC50,nM,UO_0000065,,10000.0
,,1166584,[],CHEMBL846627,Inhibition of specific binding of [3H]NANM of sigma receptor in Guinea pig brain membranes,B,,,BAO_0000190,BAO_0000249,cell membrane format,C[C@]12N[C@H](Cc3ccccc31)c1ccccc12,,,CHEMBL1125550,J Med Chem,1992.0,,CHEMBL284237,DIZOCILPINE,CHEMBL284237,,0,http://www.openphacts.org/units/Nanomolar,276392,>,1,1,>,,IC50,nM,,10000.0,CHEMBL287,Homo sapiens,Sigma opioid receptor,9606,,,IC50,nM,UO_0000065,,10000.0
,,1169989,[],CHEMBL847751,Binding affinity against sigma receptor using radioligand ([3H](+)-pentazocine) binding assay,B,,,BAO_0000190,BAO_0000357,single protein format,C[C@@H]1CN(CCOC(c2ccccc2)c2ccccc2)[C@@H](C)CN1,,,CHEMBL1129408,J Med Chem,1996.0,"{'bei': '22.11', 'le': '0.41', 'lle': '3.70', 'sei': '29.28'}",CHEMBL358758,,CHEMBL358758,7.17,0,http://www.openphacts.org/units/Nanomolar,277182,=,1,1,=,,IC50,nM,,67.0,CHEMBL287,Homo sapiens,Sigma opioid receptor,9606,,,IC50,nM,UO_0000065,,67.0
,,1171141,[],CHEMBL805753,The compound was tested for affinity towards sigma-3 receptor,B,,,BAO_0000190,BAO_0000357,single protein format,CCN(CC)C1Cc2ccccc2C(c2ccccc2)C1,,,CHEMBL1127786,J Med Chem,1994.0,"{'bei': '30.96', 'le': '0.56', 'lle': '4.17', 'sei': '266.97'}",CHEMBL323287,,CHEMBL323287,8.65,0,http://www.openphacts.org/units/Nanomolar,253496,=,1,1,=,,IC50,nM,,2.239,CHEMBL287,Homo sapiens,Sigma opioid receptor,9606,,,Log IC50,,UO_0000065,,-8.65
,,1171142,[],CHEMBL805753,The compound was tested for affinity towards sigma-3 receptor,B,,,BAO_0000190,BAO_0000357,single protein format,Fc1ccc(C(OCCN2CCN(CCCc3ccccc3)CC2)c2ccc(F)cc2)cc1,,,CHEMBL1127786,J Med Chem,1994.0,"{'bei': '19.97', 'le': '0.37', 'lle': '3.68', 'sei': '57.29'}",CHEMBL281594,VANOXERINE,CHEMBL281594,9.00,0,http://www.openphacts.org/units/Nanomolar,253508,=,1,1,=,,IC50,nM,,1.0,CHEMBL287,Homo sapiens,Sigma opioid receptor,9606,,,Log IC50,,UO_0000065,,-9.0
,,1172942,[],CHEMBL846484,Inhibition of specific binding of [125I]PIPAG to sigma receptor in Guinea pig brain membranes,B,,,BAO_0000190,BAO_0000249,cell membrane format,C[C@@H]1CN(CCCn2c3ccccc3c3ccccc32)C[C@H](C)N1,,,CHEMBL1125550,J Med Chem,1992.0,"{'bei': '19.00', 'le': '0.35', 'lle': '2.24', 'sei': '30.24'}",CHEMBL275707,RIMCAZOLE,CHEMBL275707,6.11,0,http://www.openphacts.org/units/Nanomolar,276396,=,1,1,=,,IC50,nM,,780.0,CHEMBL287,Homo sapiens,Sigma opioid receptor,9606,,,IC50,nM,UO_0000065,,780.0
,,1172943,[],CHEMBL846625,Inhibition of specific binding of [3H]DTG to sigma receptor in Guinea pig brain membranes,B,,,BAO_0000190,BAO_0000249,cell membrane format,C[C@@H]1CN(CCCn2c3ccccc3c3ccccc32)C[C@H](C)N1,,,CHEMBL1125550,J Med Chem,1992.0,"{'bei': '18.21', 'le': '0.33', 'lle': '1.98', 'sei': '28.98'}",CHEMBL275707,RIMCAZOLE,CHEMBL275707,5.85,0,http://www.openphacts.org/units/Nanomolar,276396,=,1,1,=,,IC50,nM,,1400.0,CHEMBL287,Homo sapiens,Sigma opioid receptor,9606,,,IC50,nM,UO_0000065,,1400.0
,,1172944,[],CHEMBL846627,Inhibition of specific binding of [3H]NANM of sigma receptor in Guinea pig brain membranes,B,,,BAO_0000190,BAO_0000249,cell membrane format,C[C@@H]1CN(CCCn2c3ccccc3c3ccccc32)C[C@H](C)N1,,,CHEMBL1125550,J Med Chem,1992.0,"{'bei': '19.74', 'le': '0.36', 'lle': '2.48', 'sei': '31.42'}",CHEMBL275707,RIMCAZOLE,CHEMBL275707,6.35,0,http://www.openphacts.org/units/Nanomolar,276396,=,1,1,=,,IC50,nM,,450.0,CHEMBL287,Homo sapiens,Sigma opioid receptor,9606,,,IC50,nM,UO_0000065,,450.0
,,1173733,[],CHEMBL847751,Binding affinity against sigma receptor using radioligand ([3H](+)-pentazocine) binding assay,B,,,BAO_0000190,BAO_0000357,single protein format,C[C@@H]1CN(CCOC(c2ccc(F)cc2)c2ccc(F)cc2)[C@@H](C)CN1CCOC(c1ccc(F)cc1)c1ccc(F)cc1,,,CHEMBL1129408,J Med Chem,1996.0,"{'bei': '8.96', 'le': '0.17', 'lle': '-2.11', 'sei': '21.81'}",CHEMBL142337,,CHEMBL142337,5.44,0,http://www.openphacts.org/units/Nanomolar,277177,=,1,1,=,,IC50,nM,,3640.0,CHEMBL287,Homo sapiens,Sigma opioid receptor,9606,,,IC50,nM,UO_0000065,,3640.0
,,1174222,[],CHEMBL846484,Inhibition of specific binding of [125I]PIPAG to sigma receptor in Guinea pig brain membranes,B,,,BAO_0000190,BAO_0000249,cell membrane format,CCN1CCCC1CNC(=O)c1cc(S(N)(=O)=O)ccc1OC,,,CHEMBL1125550,J Med Chem,1992.0,,CHEMBL26,SULPIRIDE,CHEMBL26,,0,http://www.openphacts.org/units/Nanomolar,276393,>,1,1,>,,IC50,nM,,10000.0,CHEMBL287,Homo sapiens,Sigma opioid receptor,9606,,,IC50,nM,UO_0000065,,10000.0
,,1174223,[],CHEMBL846627,Inhibition of specific binding of [3H]NANM of sigma receptor in Guinea pig brain membranes,B,,,BAO_0000190,BAO_0000249,cell membrane format,CCN1CCCC1CNC(=O)c1cc(S(N)(=O)=O)ccc1OC,,,CHEMBL1125550,J Med Chem,1992.0,,CHEMBL26,SULPIRIDE,CHEMBL26,,0,http://www.openphacts.org/units/Nanomolar,276393,>,1,1,>,,IC50,nM,,10000.0,CHEMBL287,Homo sapiens,Sigma opioid receptor,9606,,,IC50,nM,UO_0000065,,10000.0
,,1175067,[],CHEMBL805753,The compound was tested for affinity towards sigma-3 receptor,B,,,BAO_0000190,BAO_0000357,single protein format,CCCC(C(=O)OCCN(CC)CC)(c1ccccc1)c1ccccc1,,,CHEMBL1127786,J Med Chem,1994.0,"{'bei': '16.41', 'le': '0.30', 'lle': '1.14', 'sei': '19.63'}",CHEMBL282567,PROADIFEN,CHEMBL282567,5.80,0,http://www.openphacts.org/units/Nanomolar,253502,=,1,1,=,,IC50,nM,,1584.89,CHEMBL287,Homo sapiens,Sigma opioid receptor,9606,,,Log IC50,,UO_0000065,,-5.8
,,1175119,[],CHEMBL847751,Binding affinity against sigma receptor using radioligand ([3H](+)-pentazocine) binding assay,B,,,BAO_0000190,BAO_0000357,single protein format,CNCCN(C)CCOC(c1ccccc1)c1ccccc1,,,CHEMBL1129408,J Med Chem,1996.0,"{'bei': '22.24', 'le': '0.41', 'lle': '3.70', 'sei': '27.09'}",CHEMBL143648,,CHEMBL143648,6.64,0,http://www.openphacts.org/units/Nanomolar,277174,=,1,1,=,,IC50,nM,,231.0,CHEMBL287,Homo sapiens,Sigma opioid receptor,9606,,,IC50,nM,UO_0000065,,231.0
,,1176790,[],CHEMBL846483,Inhibition of specific binding of [125I]-PIPAG to sigma binding site in Guinea pig brain membranes,B,,,BAO_0000190,BAO_0000249,cell membrane format,C=CCN1CC[C@]23c4c5ccc(O)c4O[C@H]2[C@@H](O)C=C[C@H]3[C@H]1C5,,,CHEMBL1125550,J Med Chem,1992.0,"{'bei': '17.02', 'le': '0.31', 'lle': '3.55', 'sei': '10.02'}",CHEMBL415284,NALORPHINE,CHEMBL415284,5.30,0,http://www.openphacts.org/units/Nanomolar,276398,=,1,1,=,,IC50,nM,,5000.0,CHEMBL287,Homo sapiens,Sigma opioid receptor,9606,,,IC50,nM,UO_0000065,,5000.0
,,1176791,[],CHEMBL846624,Inhibition of specific binding of [3H]DTG to sigma binding site in Guinea pig brain membranes,B,,,BAO_0000190,BAO_0000249,cell membrane format,C=CCN1CC[C@]23c4c5ccc(O)c4O[C@H]2[C@@H](O)C=C[C@H]3[C@H]1C5,,,CHEMBL1125550,J Med Chem,1992.0,"{'bei': '17.34', 'le': '0.32', 'lle': '3.65', 'sei': '10.20'}",CHEMBL415284,NALORPHINE,CHEMBL415284,5.40,0,http://www.openphacts.org/units/Nanomolar,276398,=,1,1,=,,IC50,nM,,4000.0,CHEMBL287,Homo sapiens,Sigma opioid receptor,9606,,,IC50,nM,UO_0000065,,4000.0
,,1176792,[],CHEMBL846485,Inhibition of specific binding of [3H]3-PPP to sigma binding site in Guinea pig brain membranes,B,,,BAO_0000190,BAO_0000249,cell membrane format,C=CCN1CC[C@]23c4c5ccc(O)c4O[C@H]2[C@@H](O)C=C[C@H]3[C@H]1C5,,,CHEMBL1125550,J Med Chem,1992.0,"{'bei': '17.81', 'le': '0.33', 'lle': '3.80', 'sei': '10.48'}",CHEMBL415284,NALORPHINE,CHEMBL415284,5.54,0,http://www.openphacts.org/units/Nanomolar,276398,=,1,1,=,,IC50,nM,,2850.0,CHEMBL287,Homo sapiens,Sigma opioid receptor,9606,,,IC50,nM,UO_0000065,,2850.0
,,1176793,[],CHEMBL846626,Inhibition of specific binding of [3H]NANM of sigma binding site in Guinea pig brain membranes,B,,,BAO_0000190,BAO_0000249,cell membrane format,C=CCN1CC[C@]23c4c5ccc(O)c4O[C@H]2[C@@H](O)C=C[C@H]3[C@H]1C5,,,CHEMBL1125550,J Med Chem,1992.0,"{'bei': '18.45', 'le': '0.34', 'lle': '3.99', 'sei': '10.85'}",CHEMBL415284,NALORPHINE,CHEMBL415284,5.75,0,http://www.openphacts.org/units/Nanomolar,276398,=,1,1,=,,IC50,nM,,1800.0,CHEMBL287,Homo sapiens,Sigma opioid receptor,9606,,,IC50,nM,UO_0000065,,1800.0
,,1177621,[],CHEMBL805753,The compound was tested for affinity towards sigma-3 receptor,B,,,BAO_0000190,BAO_0000357,single protein format,CN(C)C1Cc2cc(Cl)c(O)cc2C(c2ccccc2)C1,,,CHEMBL1127786,J Med Chem,1994.0,"{'bei': '31.61', 'le': '0.62', 'lle': '5.49', 'sei': '40.65'}",CHEMBL317029,,CHEMBL317029,9.54,0,http://www.openphacts.org/units/Nanomolar,253518,=,1,1,=,,IC50,nM,,0.2884,CHEMBL287,Homo sapiens,Sigma opioid receptor,9606,,,Log IC50,,UO_0000065,,-9.54
,,1177622,[],CHEMBL805753,The compound was tested for affinity towards sigma-3 receptor,B,,,BAO_0000190,BAO_0000357,single protein format,CN(C)CCCSc1ccccc1NC(=O)/C=C/c1ccccc1,,,CHEMBL1127786,J Med Chem,1994.0,"{'bei': '19.80', 'le': '0.38', 'lle': '2.36', 'sei': '20.84'}",CHEMBL18786,CINANSERIN,CHEMBL18786,6.74,0,http://www.openphacts.org/units/Nanomolar,253516,=,1,1,=,,IC50,nM,,181.97,CHEMBL287,Homo sapiens,Sigma opioid receptor,9606,,,Log IC50,,UO_0000065,,-6.74
,,1178812,[],CHEMBL805753,The compound was tested for affinity towards sigma-3 receptor,B,,,BAO_0000190,BAO_0000357,single protein format,CNC1Cc2cc(Cl)c(O)cc2C(c2ccccc2)C1,,,CHEMBL1127786,J Med Chem,1994.0,"{'bei': '27.73', 'le': '0.54', 'lle': '4.27', 'sei': '24.74'}",CHEMBL87321,,CHEMBL87321,7.98,0,http://www.openphacts.org/units/Nanomolar,253487,=,1,1,=,,IC50,nM,,10.47,CHEMBL287,Homo sapiens,Sigma opioid receptor,9606,,,Log IC50,,UO_0000065,,-7.98
,,1178813,[],CHEMBL805753,The compound was tested for affinity towards sigma-3 receptor,B,,,BAO_0000190,BAO_0000357,single protein format,OC(CCCN1CCN(c2ncc(F)cn2)CC1)c1ccc(F)cc1,,,CHEMBL1127786,J Med Chem,1994.0,"{'bei': '19.14', 'le': '0.36', 'lle': '4.28', 'sei': '12.71'}",CHEMBL60859,BMY-14802,CHEMBL60859,6.67,0,http://www.openphacts.org/units/Nanomolar,253491,=,1,1,=,,IC50,nM,,213.8,CHEMBL287,Homo sapiens,Sigma opioid receptor,9606,,,Log IC50,,UO_0000065,,-6.67
,,1178824,[],CHEMBL805753,The compound was tested for affinity towards sigma-3 receptor,B,,,BAO_0000190,BAO_0000357,single protein format,CN(C)C1CCc2ccccc2C1c1ccccc1,,,CHEMBL1127786,J Med Chem,1994.0,"{'bei': '23.31', 'le': '0.42', 'lle': '2.17', 'sei': '180.86'}",CHEMBL320435,,CHEMBL320435,5.86,0,http://www.openphacts.org/units/Nanomolar,253492,=,1,1,=,,IC50,nM,,1380.38,CHEMBL287,Homo sapiens,Sigma opioid receptor,9606,,,Log IC50,,UO_0000065,,-5.86
,,1178848,[],CHEMBL847754,Binding affinity against sigma receptor using radioligand ([3H](+)-pentazocine) binding assay,B,,,BAO_0000190,BAO_0000357,single protein format,c1ccc(CCCN2CCNCC2)cc1,,,CHEMBL1129408,J Med Chem,1996.0,"{'bei': '34.08', 'le': '0.63', 'lle': '5.44', 'sei': '45.60'}",CHEMBL143750,,CHEMBL143750,6.96,0,http://www.openphacts.org/units/Nanomolar,277203,=,1,1,=,,IC50,nM,,109.0,CHEMBL287,Homo sapiens,Sigma opioid receptor,9606,,,IC50,nM,UO_0000065,,109.0
,Not done,1178915,[],CHEMBL847752,Compound was tested for binding affinity against sigma receptor using radioligand ([3H](+)-pentazocine) binding assay; n/d= not done,B,,,BAO_0000190,BAO_0000357,single protein format,CC1(C)CN(CCCc2ccccc2)CCN(CCOC(c2ccccc2)c2ccccc2)C1,,,CHEMBL1129408,J Med Chem,1996.0,,CHEMBL143039,,CHEMBL143039,,0,http://www.openphacts.org/units/Nanomolar,277172,,1,0,,,IC50,nM,,,CHEMBL287,Homo sapiens,Sigma opioid receptor,9606,,,IC50,nM,UO_0000065,,
,,1179356,[],CHEMBL846484,Inhibition of specific binding of [125I]PIPAG to sigma receptor in Guinea pig brain membranes,B,,,BAO_0000190,BAO_0000249,cell membrane format,OC(CCCN1CCN(c2ncc(F)cn2)CC1)c1ccc(F)cc1,,,CHEMBL1125550,J Med Chem,1992.0,"{'bei': '20.52', 'le': '0.39', 'lle': '4.76', 'sei': '13.62'}",CHEMBL60859,BMY-14802,CHEMBL60859,7.15,0,http://www.openphacts.org/units/Nanomolar,276391,=,1,1,=,,IC50,nM,,71.0,CHEMBL287,Homo sapiens,Sigma opioid receptor,9606,,,IC50,nM,UO_0000065,,71.0
,,1179357,[],CHEMBL846625,Inhibition of specific binding of [3H]DTG to sigma receptor in Guinea pig brain membranes,B,,,BAO_0000190,BAO_0000249,cell membrane format,OC(CCCN1CCN(c2ncc(F)cn2)CC1)c1ccc(F)cc1,,,CHEMBL1125550,J Med Chem,1992.0,"{'bei': '19.86', 'le': '0.38', 'lle': '4.53', 'sei': '13.19'}",CHEMBL60859,BMY-14802,CHEMBL60859,6.92,0,http://www.openphacts.org/units/Nanomolar,276391,=,1,1,=,,IC50,nM,,120.0,CHEMBL287,Homo sapiens,Sigma opioid receptor,9606,,,IC50,nM,UO_0000065,,120.0
,Not done,1181625,[],CHEMBL847753,Compound was tested for binding affinity against sigma receptor using radioligand ([3H](+)-pentazocine) binding assay;n/d= not done,B,,,BAO_0000190,BAO_0000357,single protein format,CC(C)(CN)CNCCOC(c1ccccc1)c1ccccc1,,,CHEMBL1129408,J Med Chem,1996.0,,CHEMBL141882,,CHEMBL141882,,0,http://www.openphacts.org/units/Nanomolar,277191,,1,0,,,IC50,nM,,,CHEMBL287,Homo sapiens,Sigma opioid receptor,9606,,,IC50,nM,UO_0000065,,
,,1182849,[],CHEMBL805753,The compound was tested for affinity towards sigma-3 receptor,B,,,BAO_0000190,BAO_0000357,single protein format,O=C(CCCN1CCC(O)(c2ccc(Cl)cc2)CC1)c1ccc(F)cc1,,,CHEMBL1127786,J Med Chem,1994.0,"{'bei': '17.75', 'le': '0.35', 'lle': '2.24', 'sei': '16.45'}",CHEMBL54,HALOPERIDOL,CHEMBL54,6.67,0,http://www.openphacts.org/units/Nanomolar,253507,=,1,1,=,,IC50,nM,,213.8,CHEMBL287,Homo sapiens,Sigma opioid receptor,9606,,,Log IC50,,UO_0000065,,-6.67
,,1182922,[],CHEMBL847751,Binding affinity against sigma receptor using radioligand ([3H](+)-pentazocine) binding assay,B,,,BAO_0000190,BAO_0000357,single protein format,c1ccc(CCCN2CCCN(CCOC(c3ccccc3)c3ccccc3)CC2)cc1,,,CHEMBL1129408,J Med Chem,1996.0,"{'bei': '17.70', 'le': '0.32', 'lle': '2.16', 'sei': '48.28'}",CHEMBL142953,,CHEMBL142953,7.58,0,http://www.openphacts.org/units/Nanomolar,277193,=,1,1,=,,IC50,nM,,26.0,CHEMBL287,Homo sapiens,Sigma opioid receptor,9606,,,IC50,nM,UO_0000065,,26.0
,Not done,1182927,[],CHEMBL847753,Compound was tested for binding affinity against sigma receptor using radioligand ([3H](+)-pentazocine) binding assay;n/d= not done,B,,,BAO_0000190,BAO_0000357,single protein format,CC(C)(CNCCCc1ccccc1)CNCCOC(c1ccccc1)c1ccccc1,,,CHEMBL1129408,J Med Chem,1996.0,,CHEMBL356790,,CHEMBL356790,,0,http://www.openphacts.org/units/Nanomolar,277190,,1,0,,,IC50,nM,,,CHEMBL287,Homo sapiens,Sigma opioid receptor,9606,,,IC50,nM,UO_0000065,,
,,1190250,[],CHEMBL804880,Displacement of [3H]DTG from sigma opioid receptor of homogenized guinea pig whole brain,B,,,BAO_0000190,BAO_0000019,assay format,COc1ccc(/N=C(\N)NC23CC4CC(CC(C4)C2)C3)c(C)c1,,,CHEMBL1125262,J Med Chem,1991.0,"{'bei': '26.02', 'le': '0.48', 'lle': '4.64', 'sei': '13.67'}",CHEMBL55873,,CHEMBL55873,8.15,0,http://www.openphacts.org/units/Nanomolar,93138,=,1,1,=,,IC50,nM,,7.0,CHEMBL287,Homo sapiens,Sigma opioid receptor,9606,,,IC50,nM,UO_0000065,,7.0
,Not Determined,1190251,[],CHEMBL804881,In vitro affinity to bind competitively with sigma opioid receptor in the homogenized guinea pig whole brain using [3H]DTG as radioligand; ND- Not determined,B,,,BAO_0000190,BAO_0000019,assay format,N/C(=N\C12CC3CC(CC(C3)C1)C2)Nc1ccc(O)cc1,,,CHEMBL1125262,J Med Chem,1991.0,,CHEMBL55010,,CHEMBL55010,,0,http://www.openphacts.org/units/Nanomolar,93143,,1,0,,,IC50,nM,,,CHEMBL287,Homo sapiens,Sigma opioid receptor,9606,,,IC50,nM,UO_0000065,,
,,1191500,[],CHEMBL804880,Displacement of [3H]DTG from sigma opioid receptor of homogenized guinea pig whole brain,B,,,BAO_0000190,BAO_0000019,assay format,CCCN1CCCC(c2cccc(O)c2)C1,,,CHEMBL1125262,J Med Chem,1991.0,"{'bei': '32.46', 'le': '0.61', 'lle': '4.14', 'sei': '30.33'}",CHEMBL276500,,CHEMBL276500,7.12,0,http://www.openphacts.org/units/Nanomolar,93148,=,1,1,=,,IC50,nM,,76.0,CHEMBL287,Homo sapiens,Sigma opioid receptor,9606,,,IC50,nM,UO_0000065,,76.0
,,1193968,[],CHEMBL804880,Displacement of [3H]DTG from sigma opioid receptor of homogenized guinea pig whole brain,B,,,BAO_0000190,BAO_0000019,assay format,N=C(Nc1ccccc1F)NC12CC3CC(CC(C3)C1)C2,,,CHEMBL1125262,J Med Chem,1991.0,"{'bei': '28.17', 'le': '0.53', 'lle': '4.37', 'sei': '16.90'}",CHEMBL293059,,CHEMBL293059,8.10,0,http://www.openphacts.org/units/Nanomolar,93147,=,1,1,=,,IC50,nM,,8.0,CHEMBL287,Homo sapiens,Sigma opioid receptor,9606,,,IC50,nM,UO_0000065,,8.0
,,1200444,[],CHEMBL804880,Displacement of [3H]DTG from sigma opioid receptor of homogenized guinea pig whole brain,B,,,BAO_0000190,BAO_0000019,assay format,Cc1cc(F)ccc1/N=C(\N)NC12CC3CC(CC(C3)C1)C2,,,CHEMBL1125262,J Med Chem,1991.0,"{'bei': '28.18', 'le': '0.53', 'lle': '4.85', 'sei': '16.85'}",CHEMBL442356,,CHEMBL442356,8.49,0,http://www.openphacts.org/units/Nanomolar,93144,=,1,1,=,,IC50,nM,,3.2,CHEMBL287,Homo sapiens,Sigma opioid receptor,9606,,,IC50,nM,UO_0000065,,3.2
,,1200445,[],CHEMBL804880,Displacement of [3H]DTG from sigma opioid receptor of homogenized guinea pig whole brain,B,,,BAO_0000190,BAO_0000019,assay format,N=C(Nc1ccc(I)cc1)NC12CC3CC(CC(C3)C1)C2,,,CHEMBL1125262,J Med Chem,1991.0,"{'bei': '21.64', 'le': '0.56', 'lle': '4.35', 'sei': '17.85'}",CHEMBL299499,,CHEMBL299499,8.55,0,http://www.openphacts.org/units/Nanomolar,93139,=,1,1,=,,IC50,nM,,2.8,CHEMBL287,Homo sapiens,Sigma opioid receptor,9606,,,IC50,nM,UO_0000065,,2.8
,,1201714,[],CHEMBL804880,Displacement of [3H]DTG from sigma opioid receptor of homogenized guinea pig whole brain,B,,,BAO_0000190,BAO_0000019,assay format,COc1ccccc1/N=C(\N)NC12CC3CC(CC(C3)C1)C2,,,CHEMBL1125262,J Med Chem,1991.0,"{'bei': '25.95', 'le': '0.48', 'lle': '4.57', 'sei': '13.03'}",CHEMBL301623,,CHEMBL301623,7.77,0,http://www.openphacts.org/units/Nanomolar,93136,=,1,1,=,,IC50,nM,,17.0,CHEMBL287,Homo sapiens,Sigma opioid receptor,9606,,,IC50,nM,UO_0000065,,17.0
,,1208466,[],CHEMBL804880,Displacement of [3H]DTG from sigma opioid receptor of homogenized guinea pig whole brain,B,,,BAO_0000190,BAO_0000019,assay format,N=C(Nc1ccccc1I)NC12CC3CC(CC(C3)C1)C2,,,CHEMBL1125262,J Med Chem,1991.0,"{'bei': '20.76', 'le': '0.53', 'lle': '4.01', 'sei': '17.13'}",CHEMBL55970,,CHEMBL55970,8.21,0,http://www.openphacts.org/units/Nanomolar,93141,=,1,1,=,,IC50,nM,,6.2,CHEMBL287,Homo sapiens,Sigma opioid receptor,9606,,,IC50,nM,UO_0000065,,6.2
,,1209711,[],CHEMBL804880,Displacement of [3H]DTG from sigma opioid receptor of homogenized guinea pig whole brain,B,,,BAO_0000190,BAO_0000019,assay format,COc1ccc(NC(=N)NC23CC4CC(CC(C4)C2)C3)cc1,,,CHEMBL1125262,J Med Chem,1991.0,"{'bei': '26.72', 'le': '0.50', 'lle': '4.40', 'sei': '14.00'}",CHEMBL292668,,CHEMBL292668,8.00,0,http://www.openphacts.org/units/Nanomolar,93150,=,1,1,=,,IC50,nM,,10.0,CHEMBL287,Homo sapiens,Sigma opioid receptor,9606,,,IC50,nM,UO_0000065,,10.0
,,1213724,[],CHEMBL804880,Displacement of [3H]DTG from sigma opioid receptor of homogenized guinea pig whole brain,B,,,BAO_0000190,BAO_0000019,assay format,Cc1ccccc1NC(=N)Nc1ccccc1C,,,CHEMBL1125262,J Med Chem,1991.0,"{'bei': '31.56', 'le': '0.57', 'lle': '3.79', 'sei': '15.76'}",CHEMBL282433,DITOLYLGUANIDINE,CHEMBL282433,7.55,0,http://www.openphacts.org/units/Nanomolar,93149,=,1,1,=,,IC50,nM,,28.0,CHEMBL287,Homo sapiens,Sigma opioid receptor,9606,,,IC50,nM,UO_0000065,,28.0
,,1216394,[],CHEMBL804880,Displacement of [3H]DTG from sigma opioid receptor of homogenized guinea pig whole brain,B,,,BAO_0000190,BAO_0000019,assay format,N=C(Nc1ccc(F)cc1)NC12CC3CC(CC(C3)C1)C2,,,CHEMBL1125262,J Med Chem,1991.0,"{'bei': '28.00', 'le': '0.52', 'lle': '4.32', 'sei': '16.79'}",CHEMBL292450,,CHEMBL292450,8.05,0,http://www.openphacts.org/units/Nanomolar,93145,=,1,1,=,,IC50,nM,,9.0,CHEMBL287,Homo sapiens,Sigma opioid receptor,9606,,,IC50,nM,UO_0000065,,9.0
,Not Determined,1216395,[],CHEMBL804881,In vitro affinity to bind competitively with sigma opioid receptor in the homogenized guinea pig whole brain using [3H]DTG as radioligand; ND- Not determined,B,,,BAO_0000190,BAO_0000019,assay format,Cc1cc(O)ccc1/N=C(\N)NC12CC3CC(CC(C3)C1)C2,,,CHEMBL1125262,J Med Chem,1991.0,,CHEMBL53380,,CHEMBL53380,,0,http://www.openphacts.org/units/Nanomolar,93142,,1,0,,,IC50,nM,,,CHEMBL287,Homo sapiens,Sigma opioid receptor,9606,,,IC50,nM,UO_0000065,,
,,1217647,[],CHEMBL804880,Displacement of [3H]DTG from sigma opioid receptor of homogenized guinea pig whole brain,B,,,BAO_0000190,BAO_0000019,assay format,COc1cccc(NC(=N)NC23CC4CC(CC(C4)C2)C3)c1,,,CHEMBL1125262,J Med Chem,1991.0,"{'bei': '27.24', 'le': '0.51', 'lle': '4.55', 'sei': '14.27'}",CHEMBL54407,,CHEMBL54407,8.15,0,http://www.openphacts.org/units/Nanomolar,93137,=,1,1,=,,IC50,nM,,7.0,CHEMBL287,Homo sapiens,Sigma opioid receptor,9606,,,IC50,nM,UO_0000065,,7.0
,,1217648,[],CHEMBL804880,Displacement of [3H]DTG from sigma opioid receptor of homogenized guinea pig whole brain,B,,,BAO_0000190,BAO_0000019,assay format,N=C(Nc1cccc(F)c1)NC12CC3CC(CC(C3)C1)C2,,,CHEMBL1125262,J Med Chem,1991.0,"{'bei': '27.44', 'le': '0.51', 'lle': '4.16', 'sei': '16.46'}",CHEMBL413257,,CHEMBL413257,7.89,0,http://www.openphacts.org/units/Nanomolar,93146,=,1,1,=,,IC50,nM,,13.0,CHEMBL287,Homo sapiens,Sigma opioid receptor,9606,,,IC50,nM,UO_0000065,,13.0
,,1221649,[],CHEMBL804880,Displacement of [3H]DTG from sigma opioid receptor of homogenized guinea pig whole brain,B,,,BAO_0000190,BAO_0000019,assay format,O=C(CCCN1CCC(O)(c2ccc(Cl)cc2)CC1)c1ccc(F)cc1,,,CHEMBL1125262,J Med Chem,1991.0,"{'bei': '22.08', 'le': '0.44', 'lle': '3.87', 'sei': '20.48'}",CHEMBL54,HALOPERIDOL,CHEMBL54,8.30,0,http://www.openphacts.org/units/Nanomolar,93135,=,1,1,=,,IC50,nM,,5.0,CHEMBL287,Homo sapiens,Sigma opioid receptor,9606,,,IC50,nM,UO_0000065,,5.0
,,1224225,[],CHEMBL804880,Displacement of [3H]DTG from sigma opioid receptor of homogenized guinea pig whole brain,B,,,BAO_0000190,BAO_0000019,assay format,N=C(Nc1cccc(I)c1)NC12CC3CC(CC(C3)C1)C2,,,CHEMBL1125262,J Med Chem,1991.0,"{'bei': '20.48', 'le': '0.53', 'lle': '3.90', 'sei': '16.90'}",CHEMBL55769,,CHEMBL55769,8.10,0,http://www.openphacts.org/units/Nanomolar,93140,=,1,1,=,,IC50,nM,,8.0,CHEMBL287,Homo sapiens,Sigma opioid receptor,9606,,,IC50,nM,UO_0000065,,8.0
,,1266753,[],CHEMBL803916,Binding affinity against sigma sites in guinea pig membrane using [3H]DTG as the radioligand,B,,,BAO_0000190,BAO_0000249,cell membrane format,Fc1ccc2[nH]c3c(c2c1)C1CCC(C3)N1,,,CHEMBL1126584,J Med Chem,1993.0,"{'bei': '26.97', 'le': '0.50', 'lle': '3.17', 'sei': '20.96'}",CHEMBL331006,,CHEMBL331006,5.83,0,http://www.openphacts.org/units/Nanomolar,223113,=,1,1,=,,IC50,nM,,1473.0,CHEMBL287,Homo sapiens,Sigma opioid receptor,9606,,,IC50,nM,UO_0000065,,1473.0
,,1266754,[],CHEMBL803754,Binding affinity against sigma sites in guinea pig membrane using [3H](+)-3-PPP as the radioligand,B,,,BAO_0000190,BAO_0000249,cell membrane format,Fc1ccc2[nH]c3c(c2c1)C1CCC(C3)N1,,,CHEMBL1126584,J Med Chem,1993.0,"{'bei': '27.36', 'le': '0.51', 'lle': '3.26', 'sei': '21.27'}",CHEMBL331006,,CHEMBL331006,5.92,0,http://www.openphacts.org/units/Nanomolar,223113,=,1,1,=,,IC50,nM,,1212.0,CHEMBL287,Homo sapiens,Sigma opioid receptor,9606,,,IC50,nM,UO_0000065,,1212.0
,,1266756,[],CHEMBL803916,Binding affinity against sigma sites in guinea pig membrane using [3H]DTG as the radioligand,B,,,BAO_0000190,BAO_0000249,cell membrane format,O=C1c2ccccc2C(=O)N1CCN1C2CCC1c1c([nH]c3ccccc13)C2,,,CHEMBL1126584,J Med Chem,1993.0,"{'bei': '13.71', 'le': '0.25', 'lle': '1.56', 'sei': '9.03'}",CHEMBL119698,,CHEMBL119698,5.09,0,http://www.openphacts.org/units/Nanomolar,223140,=,1,1,=,,IC50,nM,,8085.0,CHEMBL287,Homo sapiens,Sigma opioid receptor,9606,,,IC50,nM,UO_0000065,,8085.0
,,1266757,[],CHEMBL803754,Binding affinity against sigma sites in guinea pig membrane using [3H](+)-3-PPP as the radioligand,B,,,BAO_0000190,BAO_0000249,cell membrane format,O=C1c2ccccc2C(=O)N1CCN1C2CCC1c1c([nH]c3ccccc13)C2,,,CHEMBL1126584,J Med Chem,1993.0,,CHEMBL119698,,CHEMBL119698,,0,http://www.openphacts.org/units/Nanomolar,223140,>,1,1,>,,IC50,nM,,10000.0,CHEMBL287,Homo sapiens,Sigma opioid receptor,9606,,,IC50,nM,UO_0000065,,10000.0
,,1268262,[],CHEMBL803916,Binding affinity against sigma sites in guinea pig membrane using [3H]DTG as the radioligand,B,,,BAO_0000190,BAO_0000249,cell membrane format,c1ccc(OCCCCN2C3CCC2c2c([nH]c4ccccc24)C3)cc1,,,CHEMBL1126584,J Med Chem,1993.0,"{'bei': '20.36', 'le': '0.37', 'lle': '1.97', 'sei': '24.97'}",CHEMBL119047,,CHEMBL119047,7.06,0,http://www.openphacts.org/units/Nanomolar,223150,=,1,1,=,,IC50,nM,,88.0,CHEMBL287,Homo sapiens,Sigma opioid receptor,9606,,,IC50,nM,UO_0000065,,88.0
,,1268263,[],CHEMBL803754,Binding affinity against sigma sites in guinea pig membrane using [3H](+)-3-PPP as the radioligand,B,,,BAO_0000190,BAO_0000249,cell membrane format,c1ccc(OCCCCN2C3CCC2c2c([nH]c4ccccc24)C3)cc1,,,CHEMBL1126584,J Med Chem,1993.0,"{'bei': '19.30', 'le': '0.35', 'lle': '1.60', 'sei': '23.67'}",CHEMBL119047,,CHEMBL119047,6.69,0,http://www.openphacts.org/units/Nanomolar,223150,=,1,1,=,,IC50,nM,,205.0,CHEMBL287,Homo sapiens,Sigma opioid receptor,9606,,,IC50,nM,UO_0000065,,205.0
,,1268265,[],CHEMBL803916,Binding affinity against sigma sites in guinea pig membrane using [3H]DTG as the radioligand,B,,,BAO_0000190,BAO_0000249,cell membrane format,CC(C)n1c2c(c3ccccc31)C1CCC(C2)N1CCCCc1ccccc1,,,CHEMBL1126584,J Med Chem,1993.0,"{'bei': '17.81', 'le': '0.32', 'lle': '0.33', 'sei': '81.23'}",CHEMBL119889,,CHEMBL119889,6.64,0,http://www.openphacts.org/units/Nanomolar,223148,=,1,1,=,,IC50,nM,,231.0,CHEMBL287,Homo sapiens,Sigma opioid receptor,9606,,,IC50,nM,UO_0000065,,231.0
,,1268266,[],CHEMBL803754,Binding affinity against sigma sites in guinea pig membrane using [3H](+)-3-PPP as the radioligand,B,,,BAO_0000190,BAO_0000249,cell membrane format,CC(C)n1c2c(c3ccccc31)C1CCC(C2)N1CCCCc1ccccc1,,,CHEMBL1126584,J Med Chem,1993.0,"{'bei': '16.51', 'le': '0.30', 'lle': '-0.16', 'sei': '75.30'}",CHEMBL119889,,CHEMBL119889,6.15,0,http://www.openphacts.org/units/Nanomolar,223148,=,1,1,=,,IC50,nM,,705.0,CHEMBL287,Homo sapiens,Sigma opioid receptor,9606,,,IC50,nM,UO_0000065,,705.0
,,1268268,[],CHEMBL803916,Binding affinity against sigma sites in guinea pig membrane using [3H]DTG as the radioligand,B,,,BAO_0000190,BAO_0000249,cell membrane format,C(=C/c1ccccc1)\CN1C2CCC1c1c([nH]c3ccccc13)C2,,,CHEMBL1126584,J Med Chem,1993.0,"{'bei': '21.87', 'le': '0.39', 'lle': '1.94', 'sei': '36.13'}",CHEMBL119485,,CHEMBL119485,6.88,0,http://www.openphacts.org/units/Nanomolar,223133,=,1,1,=,,IC50,nM,,133.0,CHEMBL287,Homo sapiens,Sigma opioid receptor,9606,,,IC50,nM,UO_0000065,,133.0
,,1268269,[],CHEMBL803754,Binding affinity against sigma sites in guinea pig membrane using [3H](+)-3-PPP as the radioligand,B,,,BAO_0000190,BAO_0000249,cell membrane format,C(=C/c1ccccc1)\CN1C2CCC1c1c([nH]c3ccccc13)C2,,,CHEMBL1126584,J Med Chem,1993.0,"{'bei': '19.99', 'le': '0.36', 'lle': '1.35', 'sei': '33.03'}",CHEMBL119485,,CHEMBL119485,6.29,0,http://www.openphacts.org/units/Nanomolar,223133,=,1,1,=,,IC50,nM,,517.0,CHEMBL287,Homo sapiens,Sigma opioid receptor,9606,,,IC50,nM,UO_0000065,,517.0
,,1269539,[],CHEMBL803916,Binding affinity against sigma sites in guinea pig membrane using [3H]DTG as the radioligand,B,,,BAO_0000190,BAO_0000249,cell membrane format,O=C1CC2(CCCC2)CC(=O)N1CCCCN1C2CCC1c1c([nH]c3ccccc13)C2,,,CHEMBL1126584,J Med Chem,1993.0,"{'bei': '17.32', 'le': '0.32', 'lle': '2.55', 'sei': '12.88'}",CHEMBL285203,,CHEMBL285203,7.27,0,http://www.openphacts.org/units/Nanomolar,223141,=,1,1,=,,IC50,nM,,54.0,CHEMBL287,Homo sapiens,Sigma opioid receptor,9606,,,IC50,nM,UO_0000065,,54.0
,,1269540,[],CHEMBL803754,Binding affinity against sigma sites in guinea pig membrane using [3H](+)-3-PPP as the radioligand,B,,,BAO_0000190,BAO_0000249,cell membrane format,O=C1CC2(CCCC2)CC(=O)N1CCCCN1C2CCC1c1c([nH]c3ccccc13)C2,,,CHEMBL1126584,J Med Chem,1993.0,"{'bei': '14.31', 'le': '0.26', 'lle': '1.29', 'sei': '10.65'}",CHEMBL285203,,CHEMBL285203,6.00,0,http://www.openphacts.org/units/Nanomolar,223141,=,1,1,=,,IC50,nM,,988.0,CHEMBL287,Homo sapiens,Sigma opioid receptor,9606,,,IC50,nM,UO_0000065,,988.0
,,1271090,[],CHEMBL803916,Binding affinity against sigma sites in guinea pig membrane using [3H]DTG as the radioligand,B,,,BAO_0000190,BAO_0000249,cell membrane format,c1coc(CCCCN2C3CCC2c2c([nH]c4ccccc24)C3)c1,,,CHEMBL1126584,J Med Chem,1993.0,"{'bei': '23.57', 'le': '0.43', 'lle': '2.70', 'sei': '23.48'}",CHEMBL117898,,CHEMBL117898,7.55,0,http://www.openphacts.org/units/Nanomolar,223143,=,1,1,=,,IC50,nM,,28.0,CHEMBL287,Homo sapiens,Sigma opioid receptor,9606,,,IC50,nM,UO_0000065,,28.0
,,1271091,[],CHEMBL803754,Binding affinity against sigma sites in guinea pig membrane using [3H](+)-3-PPP as the radioligand,B,,,BAO_0000190,BAO_0000249,cell membrane format,c1coc(CCCCN2C3CCC2c2c([nH]c4ccccc24)C3)c1,,,CHEMBL1126584,J Med Chem,1993.0,"{'bei': '21.78', 'le': '0.40', 'lle': '2.13', 'sei': '21.69'}",CHEMBL117898,,CHEMBL117898,6.98,0,http://www.openphacts.org/units/Nanomolar,223143,=,1,1,=,,IC50,nM,,105.0,CHEMBL287,Homo sapiens,Sigma opioid receptor,9606,,,IC50,nM,UO_0000065,,105.0
,,1272195,[],CHEMBL803916,Binding affinity against sigma sites in guinea pig membrane using [3H]DTG as the radioligand,B,,,BAO_0000190,BAO_0000249,cell membrane format,c1ccc(CCCN2C3CCC2c2c([nH]c4ccccc24)C3)cc1,,,CHEMBL1126584,J Med Chem,1993.0,"{'bei': '22.41', 'le': '0.40', 'lle': '2.23', 'sei': '37.26'}",CHEMBL333840,,CHEMBL333840,7.09,0,http://www.openphacts.org/units/Nanomolar,223125,=,1,1,=,,IC50,nM,,81.0,CHEMBL287,Homo sapiens,Sigma opioid receptor,9606,,,IC50,nM,UO_0000065,,81.0
,,1272196,[],CHEMBL803754,Binding affinity against sigma sites in guinea pig membrane using [3H](+)-3-PPP as the radioligand,B,,,BAO_0000190,BAO_0000249,cell membrane format,c1ccc(CCCN2C3CCC2c2c([nH]c4ccccc24)C3)cc1,,,CHEMBL1126584,J Med Chem,1993.0,"{'bei': '20.33', 'le': '0.37', 'lle': '1.57', 'sei': '33.81'}",CHEMBL333840,,CHEMBL333840,6.43,0,http://www.openphacts.org/units/Nanomolar,223125,=,1,1,=,,IC50,nM,,368.0,CHEMBL287,Homo sapiens,Sigma opioid receptor,9606,,,IC50,nM,UO_0000065,,368.0
,,1272198,[],CHEMBL803916,Binding affinity against sigma sites in guinea pig membrane using [3H]DTG as the radioligand,B,,,BAO_0000190,BAO_0000249,cell membrane format,Fc1ccc(OCCCN2C3CCC2c2c([nH]c4ccccc24)C3)cc1,,,CHEMBL1126584,J Med Chem,1993.0,"{'bei': '20.72', 'le': '0.38', 'lle': '2.42', 'sei': '25.69'}",CHEMBL119811,,CHEMBL119811,7.26,0,http://www.openphacts.org/units/Nanomolar,223151,=,1,1,=,,IC50,nM,,55.0,CHEMBL287,Homo sapiens,Sigma opioid receptor,9606,,,IC50,nM,UO_0000065,,55.0
,,1272199,[],CHEMBL803754,Binding affinity against sigma sites in guinea pig membrane using [3H](+)-3-PPP as the radioligand,B,,,BAO_0000190,BAO_0000249,cell membrane format,Fc1ccc(OCCCN2C3CCC2c2c([nH]c4ccccc24)C3)cc1,,,CHEMBL1126584,J Med Chem,1993.0,"{'bei': '19.49', 'le': '0.36', 'lle': '1.99', 'sei': '24.17'}",CHEMBL119811,,CHEMBL119811,6.83,0,http://www.openphacts.org/units/Nanomolar,223151,=,1,1,=,,IC50,nM,,148.0,CHEMBL287,Homo sapiens,Sigma opioid receptor,9606,,,IC50,nM,UO_0000065,,148.0
,,1272201,[],CHEMBL803916,Binding affinity against sigma sites in guinea pig membrane using [3H]DTG as the radioligand,B,,,BAO_0000190,BAO_0000249,cell membrane format,c1ccc(CCCCN2C3CCC2c2c(n(Cc4ccccc4)c4ccccc24)C3)cc1,,,CHEMBL1126584,J Med Chem,1993.0,"{'bei': '15.63', 'le': '0.28', 'lle': '-0.20', 'sei': '80.46'}",CHEMBL331500,,CHEMBL331500,6.57,0,http://www.openphacts.org/units/Nanomolar,223146,=,1,1,=,,IC50,nM,,267.0,CHEMBL287,Homo sapiens,Sigma opioid receptor,9606,,,IC50,nM,UO_0000065,,267.0
,,1272202,[],CHEMBL803754,Binding affinity against sigma sites in guinea pig membrane using [3H](+)-3-PPP as the radioligand,B,,,BAO_0000190,BAO_0000249,cell membrane format,c1ccc(CCCCN2C3CCC2c2c(n(Cc4ccccc4)c4ccccc24)C3)cc1,,,CHEMBL1126584,J Med Chem,1993.0,"{'bei': '15.22', 'le': '0.27', 'lle': '-0.37', 'sei': '78.36'}",CHEMBL331500,,CHEMBL331500,6.40,0,http://www.openphacts.org/units/Nanomolar,223146,=,1,1,=,,IC50,nM,,396.0,CHEMBL287,Homo sapiens,Sigma opioid receptor,9606,,,IC50,nM,UO_0000065,,396.0
,,1272204,[],CHEMBL803916,Binding affinity against sigma sites in guinea pig membrane using [3H]DTG as the radioligand,B,,,BAO_0000190,BAO_0000249,cell membrane format,c1ccc2c3c([nH]c2c1)CC1CCC3N1CCCCc1nccs1,,,CHEMBL1126584,J Med Chem,1993.0,"{'bei': '21.28', 'le': '0.41', 'lle': '2.47', 'sei': '22.50'}",CHEMBL115582,,CHEMBL115582,7.18,0,http://www.openphacts.org/units/Nanomolar,223142,=,1,1,=,,IC50,nM,,66.0,CHEMBL287,Homo sapiens,Sigma opioid receptor,9606,,,IC50,nM,UO_0000065,,66.0
,,1272205,[],CHEMBL803754,Binding affinity against sigma sites in guinea pig membrane using [3H](+)-3-PPP as the radioligand,B,,,BAO_0000190,BAO_0000249,cell membrane format,c1ccc2c3c([nH]c2c1)CC1CCC3N1CCCCc1nccs1,,,CHEMBL1126584,J Med Chem,1993.0,"{'bei': '20.35', 'le': '0.39', 'lle': '2.16', 'sei': '21.51'}",CHEMBL115582,,CHEMBL115582,6.87,0,http://www.openphacts.org/units/Nanomolar,223142,=,1,1,=,,IC50,nM,,136.0,CHEMBL287,Homo sapiens,Sigma opioid receptor,9606,,,IC50,nM,UO_0000065,,136.0
,,1272207,[],CHEMBL803916,Binding affinity against sigma sites in guinea pig membrane using [3H]DTG as the radioligand,B,,,BAO_0000190,BAO_0000249,cell membrane format,O=C1c2ccccc2C(=O)N1CCCN1C2CCC1c1c([nH]c3ccc(F)cc13)C2,,,CHEMBL1126584,J Med Chem,1993.0,"{'bei': '15.06', 'le': '0.28', 'lle': '2.03', 'sei': '10.77'}",CHEMBL119725,,CHEMBL119725,6.08,0,http://www.openphacts.org/units/Nanomolar,223138,=,1,1,=,,IC50,nM,,836.0,CHEMBL287,Homo sapiens,Sigma opioid receptor,9606,,,IC50,nM,UO_0000065,,836.0
,,1272208,[],CHEMBL803754,Binding affinity against sigma sites in guinea pig membrane using [3H](+)-3-PPP as the radioligand,B,,,BAO_0000190,BAO_0000249,cell membrane format,O=C1c2ccccc2C(=O)N1CCCN1C2CCC1c1c([nH]c3ccc(F)cc13)C2,,,CHEMBL1126584,J Med Chem,1993.0,"{'bei': '13.58', 'le': '0.25', 'lle': '1.43', 'sei': '9.71'}",CHEMBL119725,,CHEMBL119725,5.48,0,http://www.openphacts.org/units/Nanomolar,223138,=,1,1,=,,IC50,nM,,3332.0,CHEMBL287,Homo sapiens,Sigma opioid receptor,9606,,,IC50,nM,UO_0000065,,3332.0
,,1273390,[],CHEMBL803916,Binding affinity against sigma sites in guinea pig membrane using [3H]DTG as the radioligand,B,,,BAO_0000190,BAO_0000249,cell membrane format,c1coc(CCCCN2C3CCC2c2c([nH]c4ccccc24)C3)c1,,,CHEMBL1126584,J Med Chem,1993.0,"{'bei': '22.90', 'le': '0.42', 'lle': '2.49', 'sei': '22.81'}",CHEMBL117898,,CHEMBL117898,7.34,0,http://www.openphacts.org/units/Nanomolar,223155,=,1,1,=,,IC50,nM,,46.0,CHEMBL287,Homo sapiens,Sigma opioid receptor,9606,,,IC50,nM,UO_0000065,,46.0
,,1273391,[],CHEMBL803754,Binding affinity against sigma sites in guinea pig membrane using [3H](+)-3-PPP as the radioligand,B,,,BAO_0000190,BAO_0000249,cell membrane format,c1coc(CCCCN2C3CCC2c2c([nH]c4ccccc24)C3)c1,,,CHEMBL1126584,J Med Chem,1993.0,"{'bei': '19.71', 'le': '0.36', 'lle': '1.47', 'sei': '19.64'}",CHEMBL117898,,CHEMBL117898,6.32,0,http://www.openphacts.org/units/Nanomolar,223155,=,1,1,=,,IC50,nM,,482.0,CHEMBL287,Homo sapiens,Sigma opioid receptor,9606,,,IC50,nM,UO_0000065,,482.0
,,1276088,[],CHEMBL803916,Binding affinity against sigma sites in guinea pig membrane using [3H]DTG as the radioligand,B,,,BAO_0000190,BAO_0000249,cell membrane format,CCN1C2CCC1c1c([nH]c3ccccc13)C2,,,CHEMBL1126584,J Med Chem,1993.0,"{'bei': '24.07', 'le': '0.44', 'lle': '2.20', 'sei': '28.63'}",CHEMBL117695,,CHEMBL117695,5.45,0,http://www.openphacts.org/units/Nanomolar,223116,=,1,1,=,,IC50,nM,,3560.0,CHEMBL287,Homo sapiens,Sigma opioid receptor,9606,,,IC50,nM,UO_0000065,,3560.0
,,1276089,[],CHEMBL803754,Binding affinity against sigma sites in guinea pig membrane using [3H](+)-3-PPP as the radioligand,B,,,BAO_0000190,BAO_0000249,cell membrane format,CCN1C2CCC1c1c([nH]c3ccccc13)C2,,,CHEMBL1126584,J Med Chem,1993.0,"{'bei': '23.93', 'le': '0.44', 'lle': '2.17', 'sei': '28.46'}",CHEMBL117695,,CHEMBL117695,5.42,0,http://www.openphacts.org/units/Nanomolar,223116,=,1,1,=,,IC50,nM,,3840.0,CHEMBL287,Homo sapiens,Sigma opioid receptor,9606,,,IC50,nM,UO_0000065,,3840.0
,,1277544,[],CHEMBL803916,Binding affinity against sigma sites in guinea pig membrane using [3H]DTG as the radioligand,B,,,BAO_0000190,BAO_0000249,cell membrane format,c1ccc(OCCN2C3CCC2c2c([nH]c4ccccc24)C3)cc1,,,CHEMBL1126584,J Med Chem,1993.0,"{'bei': '21.85', 'le': '0.40', 'lle': '2.65', 'sei': '24.62'}",CHEMBL332593,,CHEMBL332593,6.96,0,http://www.openphacts.org/units/Nanomolar,223121,=,1,1,=,,IC50,nM,,110.0,CHEMBL287,Homo sapiens,Sigma opioid receptor,9606,,,IC50,nM,UO_0000065,,110.0
,,1277545,[],CHEMBL803754,Binding affinity against sigma sites in guinea pig membrane using [3H](+)-3-PPP as the radioligand,B,,,BAO_0000190,BAO_0000249,cell membrane format,c1ccc(OCCN2C3CCC2c2c([nH]c4ccccc24)C3)cc1,,,CHEMBL1126584,J Med Chem,1993.0,"{'bei': '19.70', 'le': '0.36', 'lle': '1.96', 'sei': '22.20'}",CHEMBL332593,,CHEMBL332593,6.27,0,http://www.openphacts.org/units/Nanomolar,223121,=,1,1,=,,IC50,nM,,534.0,CHEMBL287,Homo sapiens,Sigma opioid receptor,9606,,,IC50,nM,UO_0000065,,534.0
,,1278782,[],CHEMBL803916,Binding affinity against sigma sites in guinea pig membrane using [3H]DTG as the radioligand,B,,,BAO_0000190,BAO_0000249,cell membrane format,Clc1ccc(OCCN2C3CCC2c2c([nH]c4ccccc24)C3)cc1Cl,,,CHEMBL1126584,J Med Chem,1993.0,"{'bei': '16.52', 'le': '0.34', 'lle': '0.78', 'sei': '22.64'}",CHEMBL118289,,CHEMBL118289,6.40,0,http://www.openphacts.org/units/Nanomolar,223119,=,1,1,=,,IC50,nM,,400.0,CHEMBL287,Homo sapiens,Sigma opioid receptor,9606,,,IC50,nM,UO_0000065,,400.0
,,1278783,[],CHEMBL803754,Binding affinity against sigma sites in guinea pig membrane using [3H](+)-3-PPP as the radioligand,B,,,BAO_0000190,BAO_0000249,cell membrane format,Clc1ccc(OCCN2C3CCC2c2c([nH]c4ccccc24)C3)cc1Cl,,,CHEMBL1126584,J Med Chem,1993.0,"{'bei': '15.77', 'le': '0.32', 'lle': '0.49', 'sei': '21.61'}",CHEMBL118289,,CHEMBL118289,6.11,0,http://www.openphacts.org/units/Nanomolar,223119,=,1,1,=,,IC50,nM,,782.0,CHEMBL287,Homo sapiens,Sigma opioid receptor,9606,,,IC50,nM,UO_0000065,,782.0
,,1279998,[],CHEMBL803916,Binding affinity against sigma sites in guinea pig membrane using [3H]DTG as the radioligand,B,,,BAO_0000190,BAO_0000249,cell membrane format,CN(CCc1ccc(Cl)c(Cl)c1)CCN1C2CCC1c1c([nH]c3ccccc13)C2,,,CHEMBL1126584,J Med Chem,1993.0,"{'bei': '14.69', 'le': '0.30', 'lle': '0.58', 'sei': '28.26'}",CHEMBL116710,,CHEMBL116710,6.29,0,http://www.openphacts.org/units/Nanomolar,223135,=,1,1,=,,IC50,nM,,509.0,CHEMBL287,Homo sapiens,Sigma opioid receptor,9606,,,IC50,nM,UO_0000065,,509.0
,,1279999,[],CHEMBL803754,Binding affinity against sigma sites in guinea pig membrane using [3H](+)-3-PPP as the radioligand,B,,,BAO_0000190,BAO_0000249,cell membrane format,CN(CCc1ccc(Cl)c(Cl)c1)CCN1C2CCC1c1c([nH]c3ccccc13)C2,,,CHEMBL1126584,J Med Chem,1993.0,"{'bei': '14.76', 'le': '0.30', 'lle': '0.61', 'sei': '28.40'}",CHEMBL116710,,CHEMBL116710,6.32,0,http://www.openphacts.org/units/Nanomolar,223135,=,1,1,=,,IC50,nM,,474.0,CHEMBL287,Homo sapiens,Sigma opioid receptor,9606,,,IC50,nM,UO_0000065,,474.0
,,1280001,[],CHEMBL803916,Binding affinity against sigma sites in guinea pig membrane using [3H]DTG as the radioligand,B,,,BAO_0000190,BAO_0000249,cell membrane format,Clc1ccc(CCN2C3CCC2c2c([nH]c4ccccc24)C3)cc1Cl,,,CHEMBL1126584,J Med Chem,1993.0,"{'bei': '16.57', 'le': '0.34', 'lle': '0.37', 'sei': '32.34'}",CHEMBL325619,,CHEMBL325619,6.15,0,http://www.openphacts.org/units/Nanomolar,223128,=,1,1,=,,IC50,nM,,702.0,CHEMBL287,Homo sapiens,Sigma opioid receptor,9606,,,IC50,nM,UO_0000065,,702.0
,,1280002,[],CHEMBL803754,Binding affinity against sigma sites in guinea pig membrane using [3H](+)-3-PPP as the radioligand,B,,,BAO_0000190,BAO_0000249,cell membrane format,Clc1ccc(CCN2C3CCC2c2c([nH]c4ccccc24)C3)cc1Cl,,,CHEMBL1126584,J Med Chem,1993.0,,CHEMBL325619,,CHEMBL325619,,0,http://www.openphacts.org/units/Nanomolar,223128,>,1,1,>,,IC50,nM,,10000.0,CHEMBL287,Homo sapiens,Sigma opioid receptor,9606,,,IC50,nM,UO_0000065,,10000.0
,,1281168,[],CHEMBL803916,Binding affinity against sigma sites in guinea pig membrane using [3H]DTG as the radioligand,B,,,BAO_0000190,BAO_0000249,cell membrane format,c1coc(CCCCN2C3CCC2c2c([nH]c4ccccc24)C3)c1,,,CHEMBL1126584,J Med Chem,1993.0,"{'bei': '23.57', 'le': '0.43', 'lle': '2.70', 'sei': '23.48'}",CHEMBL117898,,CHEMBL117898,7.55,0,http://www.openphacts.org/units/Nanomolar,223153,=,1,1,=,,IC50,nM,,28.0,CHEMBL287,Homo sapiens,Sigma opioid receptor,9606,,,IC50,nM,UO_0000065,,28.0
,,1281169,[],CHEMBL803754,Binding affinity against sigma sites in guinea pig membrane using [3H](+)-3-PPP as the radioligand,B,,,BAO_0000190,BAO_0000249,cell membrane format,c1coc(CCCCN2C3CCC2c2c([nH]c4ccccc24)C3)c1,,,CHEMBL1126584,J Med Chem,1993.0,"{'bei': '21.78', 'le': '0.40', 'lle': '2.13', 'sei': '21.69'}",CHEMBL117898,,CHEMBL117898,6.98,0,http://www.openphacts.org/units/Nanomolar,223153,=,1,1,=,,IC50,nM,,105.0,CHEMBL287,Homo sapiens,Sigma opioid receptor,9606,,,IC50,nM,UO_0000065,,105.0
,,1288816,[],CHEMBL803916,Binding affinity against sigma sites in guinea pig membrane using [3H]DTG as the radioligand,B,,,BAO_0000190,BAO_0000249,cell membrane format,CC/C=C/N1C2CCC1c1c([nH]c3ccccc13)C2,,,CHEMBL1126584,J Med Chem,1993.0,"{'bei': '24.43', 'le': '0.44', 'lle': '2.02', 'sei': '32.40'}",CHEMBL325845,,CHEMBL325845,6.17,0,http://www.openphacts.org/units/Nanomolar,223117,=,1,1,=,,IC50,nM,,683.0,CHEMBL287,Homo sapiens,Sigma opioid receptor,9606,,,IC50,nM,UO_0000065,,683.0
,,1288817,[],CHEMBL803754,Binding affinity against sigma sites in guinea pig membrane using [3H](+)-3-PPP as the radioligand,B,,,BAO_0000190,BAO_0000249,cell membrane format,CC/C=C/N1C2CCC1c1c([nH]c3ccccc13)C2,,,CHEMBL1126584,J Med Chem,1993.0,"{'bei': '22.80', 'le': '0.41', 'lle': '1.60', 'sei': '30.24'}",CHEMBL325845,,CHEMBL325845,5.75,0,http://www.openphacts.org/units/Nanomolar,223117,=,1,1,=,,IC50,nM,,1763.0,CHEMBL287,Homo sapiens,Sigma opioid receptor,9606,,,IC50,nM,UO_0000065,,1763.0
,,1288819,[],CHEMBL803916,Binding affinity against sigma sites in guinea pig membrane using [3H]DTG as the radioligand,B,,,BAO_0000190,BAO_0000249,cell membrane format,c1coc(CCCCN2C3CCC2c2c([nH]c4ccccc24)C3)c1,,,CHEMBL1126584,J Med Chem,1993.0,"{'bei': '21.13', 'le': '0.39', 'lle': '1.92', 'sei': '21.04'}",CHEMBL117898,,CHEMBL117898,6.77,0,http://www.openphacts.org/units/Nanomolar,223154,=,1,1,=,,IC50,nM,,170.0,CHEMBL287,Homo sapiens,Sigma opioid receptor,9606,,,IC50,nM,UO_0000065,,170.0
,,1288820,[],CHEMBL803754,Binding affinity against sigma sites in guinea pig membrane using [3H](+)-3-PPP as the radioligand,B,,,BAO_0000190,BAO_0000249,cell membrane format,c1coc(CCCCN2C3CCC2c2c([nH]c4ccccc24)C3)c1,,,CHEMBL1126584,J Med Chem,1993.0,"{'bei': '21.74', 'le': '0.40', 'lle': '2.12', 'sei': '21.66'}",CHEMBL117898,,CHEMBL117898,6.97,0,http://www.openphacts.org/units/Nanomolar,223154,=,1,1,=,,IC50,nM,,108.0,CHEMBL287,Homo sapiens,Sigma opioid receptor,9606,,,IC50,nM,UO_0000065,,108.0
,,1290117,[],CHEMBL803916,Binding affinity against sigma sites in guinea pig membrane using [3H]DTG as the radioligand,B,,,BAO_0000190,BAO_0000249,cell membrane format,c1ccc(OCCCN2C3CCC2c2c([nH]c4ccccc24)C3)cc1,,,CHEMBL1126584,J Med Chem,1993.0,"{'bei': '20.69', 'le': '0.38', 'lle': '2.18', 'sei': '24.34'}",CHEMBL119048,,CHEMBL119048,6.88,0,http://www.openphacts.org/units/Nanomolar,223152,=,1,1,=,,IC50,nM,,132.0,CHEMBL287,Homo sapiens,Sigma opioid receptor,9606,,,IC50,nM,UO_0000065,,132.0
,,1290118,[],CHEMBL803754,Binding affinity against sigma sites in guinea pig membrane using [3H](+)-3-PPP as the radioligand,B,,,BAO_0000190,BAO_0000249,cell membrane format,c1ccc(OCCCN2C3CCC2c2c([nH]c4ccccc24)C3)cc1,,,CHEMBL1126584,J Med Chem,1993.0,"{'bei': '19.80', 'le': '0.36', 'lle': '1.88', 'sei': '23.29'}",CHEMBL119048,,CHEMBL119048,6.58,0,http://www.openphacts.org/units/Nanomolar,223152,=,1,1,=,,IC50,nM,,262.0,CHEMBL287,Homo sapiens,Sigma opioid receptor,9606,,,IC50,nM,UO_0000065,,262.0
,,1290120,[],CHEMBL803916,Binding affinity against sigma sites in guinea pig membrane using [3H]DTG as the radioligand,B,,,BAO_0000190,BAO_0000249,cell membrane format,Fc1ccc2[nH]c3c(c2c1)C1CCC(C3)N1Cc1ccccc1I,,,CHEMBL1126584,J Med Chem,1993.0,"{'bei': '12.76', 'le': '0.31', 'lle': '0.35', 'sei': '28.99'}",CHEMBL323910,,CHEMBL323910,5.52,0,http://www.openphacts.org/units/Nanomolar,223131,=,1,1,=,,IC50,nM,,3044.0,CHEMBL287,Homo sapiens,Sigma opioid receptor,9606,,,IC50,nM,UO_0000065,,3044.0
,,1290121,[],CHEMBL803754,Binding affinity against sigma sites in guinea pig membrane using [3H](+)-3-PPP as the radioligand,B,,,BAO_0000190,BAO_0000249,cell membrane format,Fc1ccc2[nH]c3c(c2c1)C1CCC(C3)N1Cc1ccccc1I,,,CHEMBL1126584,J Med Chem,1993.0,,CHEMBL323910,,CHEMBL323910,,0,http://www.openphacts.org/units/Nanomolar,223131,>,1,1,>,,IC50,nM,,10000.0,CHEMBL287,Homo sapiens,Sigma opioid receptor,9606,,,IC50,nM,UO_0000065,,10000.0
,,1291453,[],CHEMBL803916,Binding affinity against sigma sites in guinea pig membrane using [3H]DTG as the radioligand,B,,,BAO_0000190,BAO_0000249,cell membrane format,CN(CCN1C2CCC1c1c([nH]c3ccccc13)C2)C(=O)Cc1ccc(Cl)c(Cl)c1,,,CHEMBL1126584,J Med Chem,1993.0,"{'bei': '13.09', 'le': '0.26', 'lle': '0.55', 'sei': '14.72'}",CHEMBL117748,,CHEMBL117748,5.79,0,http://www.openphacts.org/units/Nanomolar,223136,=,1,1,=,,IC50,nM,,1612.0,CHEMBL287,Homo sapiens,Sigma opioid receptor,9606,,,IC50,nM,UO_0000065,,1612.0
,,1291454,[],CHEMBL803754,Binding affinity against sigma sites in guinea pig membrane using [3H](+)-3-PPP as the radioligand,B,,,BAO_0000190,BAO_0000249,cell membrane format,CN(CCN1C2CCC1c1c([nH]c3ccccc13)C2)C(=O)Cc1ccc(Cl)c(Cl)c1,,,CHEMBL1126584,J Med Chem,1993.0,,CHEMBL117748,,CHEMBL117748,,0,http://www.openphacts.org/units/Nanomolar,223136,>,1,1,>,,IC50,nM,,10000.0,CHEMBL287,Homo sapiens,Sigma opioid receptor,9606,,,IC50,nM,UO_0000065,,10000.0
,,1291456,[],CHEMBL803916,Binding affinity against sigma sites in guinea pig membrane using [3H]DTG as the radioligand,B,,,BAO_0000190,BAO_0000249,cell membrane format,c1ccc(CCN2C3CCC2c2c(n(Cc4ccccc4)c4ccccc24)C3)cc1,,,CHEMBL1126584,J Med Chem,1993.0,"{'bei': '16.09', 'le': '0.29', 'lle': '0.33', 'sei': '77.32'}",CHEMBL118665,,CHEMBL118665,6.32,0,http://www.openphacts.org/units/Nanomolar,223129,=,1,1,=,,IC50,nM,,482.0,CHEMBL287,Homo sapiens,Sigma opioid receptor,9606,,,IC50,nM,UO_0000065,,482.0
,,1291457,[],CHEMBL803754,Binding affinity against sigma sites in guinea pig membrane using [3H](+)-3-PPP as the radioligand,B,,,BAO_0000190,BAO_0000249,cell membrane format,c1ccc(CCN2C3CCC2c2c(n(Cc4ccccc4)c4ccccc24)C3)cc1,,,CHEMBL1126584,J Med Chem,1993.0,"{'bei': '16.08', 'le': '0.29', 'lle': '0.32', 'sei': '77.26'}",CHEMBL118665,,CHEMBL118665,6.31,0,http://www.openphacts.org/units/Nanomolar,223129,=,1,1,=,,IC50,nM,,487.0,CHEMBL287,Homo sapiens,Sigma opioid receptor,9606,,,IC50,nM,UO_0000065,,487.0
,,1292787,[],CHEMBL803916,Binding affinity against sigma sites in guinea pig membrane using [3H]DTG as the radioligand,B,,,BAO_0000190,BAO_0000249,cell membrane format,c1ccc(CN2C3CCC2c2c([nH]c4ccccc24)C3)cc1,,,CHEMBL1126584,J Med Chem,1993.0,"{'bei': '22.41', 'le': '0.40', 'lle': '2.03', 'sei': '33.96'}",CHEMBL118288,,CHEMBL118288,6.46,0,http://www.openphacts.org/units/Nanomolar,223127,=,1,1,=,,IC50,nM,,345.0,CHEMBL287,Homo sapiens,Sigma opioid receptor,9606,,,IC50,nM,UO_0000065,,345.0
,,1292788,[],CHEMBL803754,Binding affinity against sigma sites in guinea pig membrane using [3H](+)-3-PPP as the radioligand,B,,,BAO_0000190,BAO_0000249,cell membrane format,c1ccc(CN2C3CCC2c2c([nH]c4ccccc24)C3)cc1,,,CHEMBL1126584,J Med Chem,1993.0,"{'bei': '19.28', 'le': '0.35', 'lle': '1.13', 'sei': '29.22'}",CHEMBL118288,,CHEMBL118288,5.56,0,http://www.openphacts.org/units/Nanomolar,223127,=,1,1,=,,IC50,nM,,2750.0,CHEMBL287,Homo sapiens,Sigma opioid receptor,9606,,,IC50,nM,UO_0000065,,2750.0
,,1292790,[],CHEMBL803916,Binding affinity against sigma sites in guinea pig membrane using [3H]DTG as the radioligand,B,,,BAO_0000190,BAO_0000249,cell membrane format,c1ccc(C(CCN2C3CCC2c2c([nH]c4ccccc24)C3)c2ccccc2)cc1,,,CHEMBL1126584,J Med Chem,1993.0,"{'bei': '14.85', 'le': '0.27', 'lle': '-0.62', 'sei': '30.63'}",CHEMBL331611,,CHEMBL331611,5.83,0,http://www.openphacts.org/units/Nanomolar,223132,=,1,1,=,,IC50,nM,,1483.0,CHEMBL287,Homo sapiens,Sigma opioid receptor,9606,,,IC50,nM,UO_0000065,,1483.0
,,1292791,[],CHEMBL803754,Binding affinity against sigma sites in guinea pig membrane using [3H](+)-3-PPP as the radioligand,B,,,BAO_0000190,BAO_0000249,cell membrane format,c1ccc(C(CCN2C3CCC2c2c([nH]c4ccccc24)C3)c2ccccc2)cc1,,,CHEMBL1126584,J Med Chem,1993.0,"{'bei': '13.75', 'le': '0.25', 'lle': '-1.05', 'sei': '28.36'}",CHEMBL331611,,CHEMBL331611,5.40,0,http://www.openphacts.org/units/Nanomolar,223132,=,1,1,=,,IC50,nM,,4007.0,CHEMBL287,Homo sapiens,Sigma opioid receptor,9606,,,IC50,nM,UO_0000065,,4007.0
,,1294072,[],CHEMBL803916,Binding affinity against sigma sites in guinea pig membrane using [3H]DTG as the radioligand,B,,,BAO_0000190,BAO_0000249,cell membrane format,CCCN1C2CCC1c1c([nH]c3ccccc13)C2,,,CHEMBL1126584,J Med Chem,1993.0,"{'bei': '24.82', 'le': '0.45', 'lle': '2.32', 'sei': '31.35'}",CHEMBL119495,,CHEMBL119495,5.96,0,http://www.openphacts.org/units/Nanomolar,223158,=,1,1,=,,IC50,nM,,1084.0,CHEMBL287,Homo sapiens,Sigma opioid receptor,9606,,,IC50,nM,UO_0000065,,1084.0
,,1294073,[],CHEMBL803754,Binding affinity against sigma sites in guinea pig membrane using [3H](+)-3-PPP as the radioligand,B,,,BAO_0000190,BAO_0000249,cell membrane format,CCCN1C2CCC1c1c([nH]c3ccccc13)C2,,,CHEMBL1126584,J Med Chem,1993.0,"{'bei': '24.52', 'le': '0.45', 'lle': '2.25', 'sei': '30.97'}",CHEMBL119495,,CHEMBL119495,5.89,0,http://www.openphacts.org/units/Nanomolar,223158,=,1,1,=,,IC50,nM,,1276.0,CHEMBL287,Homo sapiens,Sigma opioid receptor,9606,,,IC50,nM,UO_0000065,,1276.0
,,1294075,[],CHEMBL803916,Binding affinity against sigma sites in guinea pig membrane using [3H]DTG as the radioligand,B,,,BAO_0000190,BAO_0000249,cell membrane format,c1ccc(CCCCCN2C3CCC2c2c([nH]c4ccccc24)C3)cc1,,,CHEMBL1126584,J Med Chem,1993.0,"{'bei': '20.23', 'le': '0.37', 'lle': '1.33', 'sei': '36.63'}",CHEMBL332035,,CHEMBL332035,6.97,0,http://www.openphacts.org/units/Nanomolar,223123,=,1,1,=,,IC50,nM,,107.0,CHEMBL287,Homo sapiens,Sigma opioid receptor,9606,,,IC50,nM,UO_0000065,,107.0
,,1294076,[],CHEMBL803754,Binding affinity against sigma sites in guinea pig membrane using [3H](+)-3-PPP as the radioligand,B,,,BAO_0000190,BAO_0000249,cell membrane format,c1ccc(CCCCCN2C3CCC2c2c([nH]c4ccccc24)C3)cc1,,,CHEMBL1126584,J Med Chem,1993.0,"{'bei': '18.75', 'le': '0.34', 'lle': '0.82', 'sei': '33.94'}",CHEMBL332035,,CHEMBL332035,6.46,0,http://www.openphacts.org/units/Nanomolar,223123,=,1,1,=,,IC50,nM,,348.0,CHEMBL287,Homo sapiens,Sigma opioid receptor,9606,,,IC50,nM,UO_0000065,,348.0
,,1294078,[],CHEMBL803916,Binding affinity against sigma sites in guinea pig membrane using [3H]DTG as the radioligand,B,,,BAO_0000190,BAO_0000249,cell membrane format,Fc1ccc2[nH]c3c(c2c1)C1CCC(C3)N1CCCN1Cc2ccccc2C1,,,CHEMBL1126584,J Med Chem,1993.0,"{'bei': '19.35', 'le': '0.35', 'lle': '2.50', 'sei': '32.63'}",CHEMBL116711,,CHEMBL116711,7.27,0,http://www.openphacts.org/units/Nanomolar,223137,=,1,1,=,,IC50,nM,,54.0,CHEMBL287,Homo sapiens,Sigma opioid receptor,9606,,,IC50,nM,UO_0000065,,54.0
,,1294079,[],CHEMBL803754,Binding affinity against sigma sites in guinea pig membrane using [3H](+)-3-PPP as the radioligand,B,,,BAO_0000190,BAO_0000249,cell membrane format,Fc1ccc2[nH]c3c(c2c1)C1CCC(C3)N1CCCN1Cc2ccccc2C1,,,CHEMBL1126584,J Med Chem,1993.0,"{'bei': '18.96', 'le': '0.35', 'lle': '2.35', 'sei': '31.97'}",CHEMBL116711,,CHEMBL116711,7.12,0,http://www.openphacts.org/units/Nanomolar,223137,=,1,1,=,,IC50,nM,,76.0,CHEMBL287,Homo sapiens,Sigma opioid receptor,9606,,,IC50,nM,UO_0000065,,76.0
,,1295524,[],CHEMBL803916,Binding affinity against sigma sites in guinea pig membrane using [3H]DTG as the radioligand,B,,,BAO_0000190,BAO_0000249,cell membrane format,OCCCN1C2CCC1c1c([nH]c3ccc(F)cc13)C2,,,CHEMBL1126584,J Med Chem,1993.0,"{'bei': '23.69', 'le': '0.44', 'lle': '3.75', 'sei': '16.55'}",CHEMBL119409,,CHEMBL119409,6.50,0,http://www.openphacts.org/units/Nanomolar,223157,=,1,1,=,,IC50,nM,,317.0,CHEMBL287,Homo sapiens,Sigma opioid receptor,9606,,,IC50,nM,UO_0000065,,317.0
,,1295525,[],CHEMBL803754,Binding affinity against sigma sites in guinea pig membrane using [3H](+)-3-PPP as the radioligand,B,,,BAO_0000190,BAO_0000249,cell membrane format,OCCCN1C2CCC1c1c([nH]c3ccc(F)cc13)C2,,,CHEMBL1126584,J Med Chem,1993.0,"{'bei': '21.36', 'le': '0.40', 'lle': '3.11', 'sei': '14.92'}",CHEMBL119409,,CHEMBL119409,5.86,0,http://www.openphacts.org/units/Nanomolar,223157,=,1,1,=,,IC50,nM,,1382.0,CHEMBL287,Homo sapiens,Sigma opioid receptor,9606,,,IC50,nM,UO_0000065,,1382.0
,,1295527,[],CHEMBL803916,Binding affinity against sigma sites in guinea pig membrane using [3H]DTG as the radioligand,B,,,BAO_0000190,BAO_0000249,cell membrane format,c1ccc(CCN2C3CCC2c2c([nH]c4ccccc24)C3)cc1,,,CHEMBL1126584,J Med Chem,1993.0,"{'bei': '21.93', 'le': '0.39', 'lle': '2.16', 'sei': '34.84'}",CHEMBL119804,,CHEMBL119804,6.63,0,http://www.openphacts.org/units/Nanomolar,223126,=,1,1,=,,IC50,nM,,234.0,CHEMBL287,Homo sapiens,Sigma opioid receptor,9606,,,IC50,nM,UO_0000065,,234.0
,,1295528,[],CHEMBL803754,Binding affinity against sigma sites in guinea pig membrane using [3H](+)-3-PPP as the radioligand,B,,,BAO_0000190,BAO_0000249,cell membrane format,c1ccc(CCN2C3CCC2c2c([nH]c4ccccc24)C3)cc1,,,CHEMBL1126584,J Med Chem,1993.0,"{'bei': '19.49', 'le': '0.35', 'lle': '1.42', 'sei': '30.97'}",CHEMBL119804,,CHEMBL119804,5.89,0,http://www.openphacts.org/units/Nanomolar,223126,=,1,1,=,,IC50,nM,,1280.0,CHEMBL287,Homo sapiens,Sigma opioid receptor,9606,,,IC50,nM,UO_0000065,,1280.0
,,1295530,[],CHEMBL803916,Binding affinity against sigma sites in guinea pig membrane using [3H]DTG as the radioligand,B,,,BAO_0000190,BAO_0000249,cell membrane format,Fc1ccc2[nH]c3c(c2c1)C1CCC(C3)N1CCCc1cccnc1,,,CHEMBL1126584,J Med Chem,1993.0,"{'bei': '21.93', 'le': '0.40', 'lle': '2.96', 'sei': '23.05'}",CHEMBL325168,,CHEMBL325168,7.36,0,http://www.openphacts.org/units/Nanomolar,223130,=,1,1,=,,IC50,nM,,44.0,CHEMBL287,Homo sapiens,Sigma opioid receptor,9606,,,IC50,nM,UO_0000065,,44.0
,,1295531,[],CHEMBL803754,Binding affinity against sigma sites in guinea pig membrane using [3H](+)-3-PPP as the radioligand,B,,,BAO_0000190,BAO_0000249,cell membrane format,Fc1ccc2[nH]c3c(c2c1)C1CCC(C3)N1CCCc1cccnc1,,,CHEMBL1126584,J Med Chem,1993.0,"{'bei': '20.70', 'le': '0.38', 'lle': '2.54', 'sei': '21.75'}",CHEMBL325168,,CHEMBL325168,6.94,0,http://www.openphacts.org/units/Nanomolar,223130,=,1,1,=,,IC50,nM,,114.0,CHEMBL287,Homo sapiens,Sigma opioid receptor,9606,,,IC50,nM,UO_0000065,,114.0
,,1296911,[],CHEMBL803916,Binding affinity against sigma sites in guinea pig membrane using [3H]DTG as the radioligand,B,,,BAO_0000190,BAO_0000249,cell membrane format,Fc1ccc2[nH]c3c(c2c1)C1CCC(C3)N1CCCCc1ccccc1,,,CHEMBL1126584,J Med Chem,1993.0,"{'bei': '21.29', 'le': '0.39', 'lle': '2.03', 'sei': '38.99'}",CHEMBL35711,,CHEMBL35711,7.42,0,http://www.openphacts.org/units/Nanomolar,223122,=,1,1,=,,IC50,nM,,38.0,CHEMBL287,Homo sapiens,Sigma opioid receptor,9606,,,IC50,nM,UO_0000065,,38.0
,,1296912,[],CHEMBL803754,Binding affinity against sigma sites in guinea pig membrane using [3H](+)-3-PPP as the radioligand,B,,,BAO_0000190,BAO_0000249,cell membrane format,Fc1ccc2[nH]c3c(c2c1)C1CCC(C3)N1CCCCc1ccccc1,,,CHEMBL1126584,J Med Chem,1993.0,"{'bei': '19.37', 'le': '0.35', 'lle': '1.36', 'sei': '35.47'}",CHEMBL35711,,CHEMBL35711,6.75,0,http://www.openphacts.org/units/Nanomolar,223122,=,1,1,=,,IC50,nM,,178.0,CHEMBL287,Homo sapiens,Sigma opioid receptor,9606,,,IC50,nM,UO_0000065,,178.0
,,1296914,[],CHEMBL803916,Binding affinity against sigma sites in guinea pig membrane using [3H]DTG as the radioligand,B,,,BAO_0000190,BAO_0000249,cell membrane format,c1ccc2c(c1)CN(CCN1C3CCC1c1c([nH]c4ccccc14)C3)C2,,,CHEMBL1126584,J Med Chem,1993.0,"{'bei': '19.95', 'le': '0.36', 'lle': '2.60', 'sei': '30.76'}",CHEMBL116207,,CHEMBL116207,6.85,0,http://www.openphacts.org/units/Nanomolar,223139,=,1,1,=,,IC50,nM,,141.0,CHEMBL287,Homo sapiens,Sigma opioid receptor,9606,,,IC50,nM,UO_0000065,,141.0
,,1296915,[],CHEMBL803754,Binding affinity against sigma sites in guinea pig membrane using [3H](+)-3-PPP as the radioligand,B,,,BAO_0000190,BAO_0000249,cell membrane format,c1ccc2c(c1)CN(CCN1C3CCC1c1c([nH]c4ccccc14)C3)C2,,,CHEMBL1126584,J Med Chem,1993.0,"{'bei': '20.59', 'le': '0.37', 'lle': '2.82', 'sei': '31.75'}",CHEMBL116207,,CHEMBL116207,7.07,0,http://www.openphacts.org/units/Nanomolar,223139,=,1,1,=,,IC50,nM,,85.0,CHEMBL287,Homo sapiens,Sigma opioid receptor,9606,,,IC50,nM,UO_0000065,,85.0
,,1298345,[],CHEMBL803920,compound was tested for binding affinity against sigma sites in guinea pig membrane using [3H]- DTG as the radioligand,B,,,BAO_0000190,BAO_0000249,cell membrane format,c1ccc2c3c([nH]c2c1)CC1CCC3N1,,,CHEMBL1126584,J Med Chem,1993.0,"{'bei': '26.74', 'le': '0.48', 'lle': '2.78', 'sei': '19.05'}",CHEMBL285541,,CHEMBL285541,5.30,0,http://www.openphacts.org/units/Nanomolar,223112,=,1,1,=,,IC50,nM,,5000.0,CHEMBL287,Homo sapiens,Sigma opioid receptor,9606,,,IC50,nM,UO_0000065,,5000.0
,,1298346,[],CHEMBL803919,compound was tested for binding affinity against sigma sites in guinea pig membrane using [3H]- -(+) -3-PPP as the radioligand,B,,,BAO_0000190,BAO_0000249,cell membrane format,c1ccc2c3c([nH]c2c1)CC1CCC3N1,,,CHEMBL1126584,J Med Chem,1993.0,"{'bei': '27.25', 'le': '0.49', 'lle': '2.88', 'sei': '19.42'}",CHEMBL285541,,CHEMBL285541,5.40,0,http://www.openphacts.org/units/Nanomolar,223112,=,1,1,=,,IC50,nM,,3950.0,CHEMBL287,Homo sapiens,Sigma opioid receptor,9606,,,IC50,nM,UO_0000065,,3950.0
,,1299760,[],CHEMBL803916,Binding affinity against sigma sites in guinea pig membrane using [3H]DTG as the radioligand,B,,,BAO_0000190,BAO_0000249,cell membrane format,c1ccc(-n2c3c(c4ccccc42)C2CCC(C3)N2)cc1,,,CHEMBL1126584,J Med Chem,1993.0,"{'bei': '20.86', 'le': '0.37', 'lle': '1.74', 'sei': '33.74'}",CHEMBL118445,,CHEMBL118445,5.72,0,http://www.openphacts.org/units/Nanomolar,223114,=,1,1,=,,IC50,nM,,1895.0,CHEMBL287,Homo sapiens,Sigma opioid receptor,9606,,,IC50,nM,UO_0000065,,1895.0
,,1299761,[],CHEMBL803754,Binding affinity against sigma sites in guinea pig membrane using [3H](+)-3-PPP as the radioligand,B,,,BAO_0000190,BAO_0000249,cell membrane format,c1ccc(-n2c3c(c4ccccc42)C2CCC(C3)N2)cc1,,,CHEMBL1126584,J Med Chem,1993.0,"{'bei': '18.88', 'le': '0.34', 'lle': '1.20', 'sei': '30.54'}",CHEMBL118445,,CHEMBL118445,5.18,0,http://www.openphacts.org/units/Nanomolar,223114,=,1,1,=,,IC50,nM,,6605.0,CHEMBL287,Homo sapiens,Sigma opioid receptor,9606,,,IC50,nM,UO_0000065,,6605.0
,,1299763,[],CHEMBL803916,Binding affinity against sigma sites in guinea pig membrane using [3H]DTG as the radioligand,B,,,BAO_0000190,BAO_0000249,cell membrane format,Fc1ccc2[nH]c3c(c2c1)C1CCC(C3)N1Cc1ccccc1,,,CHEMBL1126584,J Med Chem,1993.0,"{'bei': '23.06', 'le': '0.42', 'lle': '2.50', 'sei': '37.13'}",CHEMBL117567,,CHEMBL117567,7.07,0,http://www.openphacts.org/units/Nanomolar,223118,=,1,1,=,,IC50,nM,,86.0,CHEMBL287,Homo sapiens,Sigma opioid receptor,9606,,,IC50,nM,UO_0000065,,86.0
,,1299764,[],CHEMBL803754,Binding affinity against sigma sites in guinea pig membrane using [3H](+)-3-PPP as the radioligand,B,,,BAO_0000190,BAO_0000249,cell membrane format,Fc1ccc2[nH]c3c(c2c1)C1CCC(C3)N1Cc1ccccc1,,,CHEMBL1126584,J Med Chem,1993.0,"{'bei': '19.72', 'le': '0.36', 'lle': '1.47', 'sei': '31.75'}",CHEMBL117567,,CHEMBL117567,6.04,0,http://www.openphacts.org/units/Nanomolar,223118,=,1,1,=,,IC50,nM,,908.0,CHEMBL287,Homo sapiens,Sigma opioid receptor,9606,,,IC50,nM,UO_0000065,,908.0
,,1299766,[],CHEMBL803916,Binding affinity against sigma sites in guinea pig membrane using [3H]DTG as the radioligand,B,,,BAO_0000190,BAO_0000249,cell membrane format,O=C(CCCN1C2CCC1c1c([nH]c3ccccc13)C2)c1ccc(F)cc1,,,CHEMBL1126584,J Med Chem,1993.0,"{'bei': '19.01', 'le': '0.35', 'lle': '1.86', 'sei': '19.08'}",CHEMBL36645,,CHEMBL36645,6.89,0,http://www.openphacts.org/units/Nanomolar,223134,=,1,1,=,,IC50,nM,,129.0,CHEMBL287,Homo sapiens,Sigma opioid receptor,9606,,,IC50,nM,UO_0000065,,129.0
,,1299767,[],CHEMBL803754,Binding affinity against sigma sites in guinea pig membrane using [3H](+)-3-PPP as the radioligand,B,,,BAO_0000190,BAO_0000249,cell membrane format,O=C(CCCN1C2CCC1c1c([nH]c3ccccc13)C2)c1ccc(F)cc1,,,CHEMBL1126584,J Med Chem,1993.0,"{'bei': '18.07', 'le': '0.33', 'lle': '1.52', 'sei': '18.14'}",CHEMBL36645,,CHEMBL36645,6.55,0,http://www.openphacts.org/units/Nanomolar,223134,=,1,1,=,,IC50,nM,,283.0,CHEMBL287,Homo sapiens,Sigma opioid receptor,9606,,,IC50,nM,UO_0000065,,283.0
,,1301075,[],CHEMBL803916,Binding affinity against sigma sites in guinea pig membrane using [3H]DTG as the radioligand,B,,,BAO_0000190,BAO_0000249,cell membrane format,CN1C2CCC1c1c([nH]c3ccccc13)C2,,,CHEMBL1126584,J Med Chem,1993.0,"{'bei': '26.27', 'le': '0.48', 'lle': '2.72', 'sei': '29.31'}",CHEMBL118276,,CHEMBL118276,5.58,0,http://www.openphacts.org/units/Nanomolar,223115,=,1,1,=,,IC50,nM,,2650.0,CHEMBL287,Homo sapiens,Sigma opioid receptor,9606,,,IC50,nM,UO_0000065,,2650.0
,,1301076,[],CHEMBL803754,Binding affinity against sigma sites in guinea pig membrane using [3H](+)-3-PPP as the radioligand,B,,,BAO_0000190,BAO_0000249,cell membrane format,CN1C2CCC1c1c([nH]c3ccccc13)C2,,,CHEMBL1126584,J Med Chem,1993.0,"{'bei': '26.84', 'le': '0.49', 'lle': '2.84', 'sei': '29.94'}",CHEMBL118276,,CHEMBL118276,5.70,0,http://www.openphacts.org/units/Nanomolar,223115,=,1,1,=,,IC50,nM,,2005.0,CHEMBL287,Homo sapiens,Sigma opioid receptor,9606,,,IC50,nM,UO_0000065,,2005.0
,,1301078,[],CHEMBL803916,Binding affinity against sigma sites in guinea pig membrane using [3H]DTG as the radioligand,B,,,BAO_0000190,BAO_0000249,cell membrane format,c1ccc(CCCCN2C3CCC2c2c([nH]c4ccccc24)C3)cc1,,,CHEMBL1126584,J Med Chem,1993.0,"{'bei': '23.00', 'le': '0.42', 'lle': '2.35', 'sei': '39.95'}",CHEMBL38130,,CHEMBL38130,7.60,0,http://www.openphacts.org/units/Nanomolar,223124,=,1,1,=,,IC50,nM,,25.0,CHEMBL287,Homo sapiens,Sigma opioid receptor,9606,,,IC50,nM,UO_0000065,,25.0
,,1301079,[],CHEMBL803754,Binding affinity against sigma sites in guinea pig membrane using [3H](+)-3-PPP as the radioligand,B,,,BAO_0000190,BAO_0000249,cell membrane format,c1ccc(CCCCN2C3CCC2c2c([nH]c4ccccc24)C3)cc1,,,CHEMBL1126584,J Med Chem,1993.0,"{'bei': '21.01', 'le': '0.38', 'lle': '1.69', 'sei': '36.48'}",CHEMBL38130,,CHEMBL38130,6.94,0,http://www.openphacts.org/units/Nanomolar,223124,=,1,1,=,,IC50,nM,,114.0,CHEMBL287,Homo sapiens,Sigma opioid receptor,9606,,,IC50,nM,UO_0000065,,114.0
,,1301081,[],CHEMBL803916,Binding affinity against sigma sites in guinea pig membrane using [3H]DTG as the radioligand,B,,,BAO_0000190,BAO_0000249,cell membrane format,c1ccc(CCCCN2C3CCC2c2c(n(-c4ccccc4)c4ccccc24)C3)cc1,,,CHEMBL1126584,J Med Chem,1993.0,"{'bei': '16.41', 'le': '0.29', 'lle': '-0.05', 'sei': '81.68'}",CHEMBL433022,,CHEMBL433022,6.67,0,http://www.openphacts.org/units/Nanomolar,223147,=,1,1,=,,IC50,nM,,212.0,CHEMBL287,Homo sapiens,Sigma opioid receptor,9606,,,IC50,nM,UO_0000065,,212.0
,,1301082,[],CHEMBL803754,Binding affinity against sigma sites in guinea pig membrane using [3H](+)-3-PPP as the radioligand,B,,,BAO_0000190,BAO_0000249,cell membrane format,c1ccc(CCCCN2C3CCC2c2c(n(-c4ccccc4)c4ccccc24)C3)cc1,,,CHEMBL1126584,J Med Chem,1993.0,"{'bei': '14.55', 'le': '0.26', 'lle': '-0.80', 'sei': '72.43'}",CHEMBL433022,,CHEMBL433022,5.92,0,http://www.openphacts.org/units/Nanomolar,223147,=,1,1,=,,IC50,nM,,1210.0,CHEMBL287,Homo sapiens,Sigma opioid receptor,9606,,,IC50,nM,UO_0000065,,1210.0
,,1301084,[],CHEMBL803916,Binding affinity against sigma sites in guinea pig membrane using [3H]DTG as the radioligand,B,,,BAO_0000190,BAO_0000249,cell membrane format,Fc1ccc2[nH]c3c(c2c1)CN(CCCc1ccncc1)CC3,,,CHEMBL1126584,J Med Chem,1993.0,"{'bei': '21.78', 'le': '0.40', 'lle': '3.05', 'sei': '21.12'}",CHEMBL442395,,CHEMBL442395,6.74,0,http://www.openphacts.org/units/Nanomolar,223156,=,1,1,=,,IC50,nM,,182.0,CHEMBL287,Homo sapiens,Sigma opioid receptor,9606,,,IC50,nM,UO_0000065,,182.0
,,1301085,[],CHEMBL803754,Binding affinity against sigma sites in guinea pig membrane using [3H](+)-3-PPP as the radioligand,B,,,BAO_0000190,BAO_0000249,cell membrane format,Fc1ccc2[nH]c3c(c2c1)CN(CCCc1ccncc1)CC3,,,CHEMBL1126584,J Med Chem,1993.0,"{'bei': '21.17', 'le': '0.39', 'lle': '2.86', 'sei': '20.52'}",CHEMBL442395,,CHEMBL442395,6.55,0,http://www.openphacts.org/units/Nanomolar,223156,=,1,1,=,,IC50,nM,,282.0,CHEMBL287,Homo sapiens,Sigma opioid receptor,9606,,,IC50,nM,UO_0000065,,282.0
,,1303820,[],CHEMBL803916,Binding affinity against sigma sites in guinea pig membrane using [3H]DTG as the radioligand,B,,,BAO_0000190,BAO_0000249,cell membrane format,Clc1ccc(OCCN2C3CCC2c2c([nH]c4ccccc24)C3)cc1,,,CHEMBL1126584,J Med Chem,1993.0,"{'bei': '18.70', 'le': '0.36', 'lle': '1.64', 'sei': '23.36'}",CHEMBL324092,,CHEMBL324092,6.60,0,http://www.openphacts.org/units/Nanomolar,223120,=,1,1,=,,IC50,nM,,251.0,CHEMBL287,Homo sapiens,Sigma opioid receptor,9606,,,IC50,nM,UO_0000065,,251.0
,,1303821,[],CHEMBL803754,Binding affinity against sigma sites in guinea pig membrane using [3H](+)-3-PPP as the radioligand,B,,,BAO_0000190,BAO_0000249,cell membrane format,Clc1ccc(OCCN2C3CCC2c2c([nH]c4ccccc24)C3)cc1,,,CHEMBL1126584,J Med Chem,1993.0,"{'bei': '15.05', 'le': '0.29', 'lle': '0.35', 'sei': '18.80'}",CHEMBL324092,,CHEMBL324092,5.31,0,http://www.openphacts.org/units/Nanomolar,223120,=,1,1,=,,IC50,nM,,4876.0,CHEMBL287,Homo sapiens,Sigma opioid receptor,9606,,,IC50,nM,UO_0000065,,4876.0
,,1305386,[],CHEMBL803916,Binding affinity against sigma sites in guinea pig membrane using [3H]DTG as the radioligand,B,,,BAO_0000190,BAO_0000249,cell membrane format,Fc1ccc(CCCCN2C3CCC2c2c([nH]c4ccccc24)C3)cc1,,,CHEMBL1126584,J Med Chem,1993.0,"{'bei': '21.33', 'le': '0.39', 'lle': '2.04', 'sei': '39.05'}",CHEMBL38152,,CHEMBL38152,7.43,0,http://www.openphacts.org/units/Nanomolar,223145,=,1,1,=,,IC50,nM,,37.0,CHEMBL287,Homo sapiens,Sigma opioid receptor,9606,,,IC50,nM,UO_0000065,,37.0
,,1305387,[],CHEMBL803754,Binding affinity against sigma sites in guinea pig membrane using [3H](+)-3-PPP as the radioligand,B,,,BAO_0000190,BAO_0000249,cell membrane format,Fc1ccc(CCCCN2C3CCC2c2c([nH]c4ccccc24)C3)cc1,,,CHEMBL1126584,J Med Chem,1993.0,"{'bei': '20.00', 'le': '0.37', 'lle': '1.58', 'sei': '36.63'}",CHEMBL38152,,CHEMBL38152,6.97,0,http://www.openphacts.org/units/Nanomolar,223145,=,1,1,=,,IC50,nM,,107.0,CHEMBL287,Homo sapiens,Sigma opioid receptor,9606,,,IC50,nM,UO_0000065,,107.0
,,1305612,[],CHEMBL810652,Inhibition of [3H]- pentazocine binding against guinea pig brain Sigma opioid receptor type 1,B,,,BAO_0000190,BAO_0000019,assay format,O=C1COc2cc(CN3CCN(c4ccc(Cl)cc4)CC3)ccc2N1,,,CHEMBL1132537,J Med Chem,1999.0,"{'bei': '18.29', 'le': '0.36', 'lle': '3.56', 'sei': '14.61'}",CHEMBL346389,,CHEMBL346389,6.54,0,http://www.openphacts.org/units/Nanomolar,290541,=,1,1,=,,IC50,nM,,285.0,CHEMBL287,Homo sapiens,Sigma opioid receptor,9606,,,IC50,nM,UO_0000065,,285.0
,,1306851,[],CHEMBL803916,Binding affinity against sigma sites in guinea pig membrane using [3H]DTG as the radioligand,B,,,BAO_0000190,BAO_0000249,cell membrane format,Cn1c2c(c3ccccc31)C1CCC(C2)N1CCCCc1ccccc1,,,CHEMBL1126584,J Med Chem,1993.0,"{'bei': '20.13', 'le': '0.36', 'lle': '1.68', 'sei': '84.89'}",CHEMBL119075,,CHEMBL119075,6.94,0,http://www.openphacts.org/units/Nanomolar,223149,=,1,1,=,,IC50,nM,,116.0,CHEMBL287,Homo sapiens,Sigma opioid receptor,9606,,,IC50,nM,UO_0000065,,116.0
,,1306852,[],CHEMBL803754,Binding affinity against sigma sites in guinea pig membrane using [3H](+)-3-PPP as the radioligand,B,,,BAO_0000190,BAO_0000249,cell membrane format,Cn1c2c(c3ccccc31)C1CCC(C2)N1CCCCc1ccccc1,,,CHEMBL1126584,J Med Chem,1993.0,"{'bei': '19.02', 'le': '0.34', 'lle': '1.29', 'sei': '80.19'}",CHEMBL119075,,CHEMBL119075,6.55,0,http://www.openphacts.org/units/Nanomolar,223149,=,1,1,=,,IC50,nM,,281.0,CHEMBL287,Homo sapiens,Sigma opioid receptor,9606,,,IC50,nM,UO_0000065,,281.0
,,1308095,[],CHEMBL803916,Binding affinity against sigma sites in guinea pig membrane using [3H]DTG as the radioligand,B,,,BAO_0000190,BAO_0000249,cell membrane format,c1csc(CCCCN2C3CCC2c2c([nH]c4ccccc24)C3)c1,,,CHEMBL1126584,J Med Chem,1993.0,"{'bei': '22.82', 'le': '0.44', 'lle': '2.37', 'sei': '40.35'}",CHEMBL119867,,CHEMBL119867,7.68,0,http://www.openphacts.org/units/Nanomolar,223144,=,1,1,=,,IC50,nM,,21.0,CHEMBL287,Homo sapiens,Sigma opioid receptor,9606,,,IC50,nM,UO_0000065,,21.0
,,1308096,[],CHEMBL803754,Binding affinity against sigma sites in guinea pig membrane using [3H](+)-3-PPP as the radioligand,B,,,BAO_0000190,BAO_0000249,cell membrane format,c1csc(CCCCN2C3CCC2c2c([nH]c4ccccc24)C3)c1,,,CHEMBL1126584,J Med Chem,1993.0,"{'bei': '20.83', 'le': '0.40', 'lle': '1.70', 'sei': '36.83'}",CHEMBL119867,,CHEMBL119867,7.01,0,http://www.openphacts.org/units/Nanomolar,223144,=,1,1,=,,IC50,nM,,98.0,CHEMBL287,Homo sapiens,Sigma opioid receptor,9606,,,IC50,nM,UO_0000065,,98.0
,,1602149,[],CHEMBL881479,Inhibitory activity against opioid receptor sigma 1 in guinea pig cerebral cortex using [3H](+)-pentazocine as radio ligand at pH 7.5 for 150 min at 22 degree C ,B,,,BAO_0000190,BAO_0000221,tissue-based format,O=C(CCCN1CCC(O)(c2ccc(Cl)cc2)CC1)c1ccc(F)cc1,,,CHEMBL1140401,Bioorg Med Chem Lett,2005.0,"{'bei': '23.09', 'le': '0.46', 'lle': '4.25', 'sei': '21.41'}",CHEMBL54,HALOPERIDOL,CHEMBL54,8.68,0,http://www.openphacts.org/units/Nanomolar,400673,=,1,1,=,,IC50,nM,,2.1,CHEMBL287,Homo sapiens,Sigma opioid receptor,9606,,,IC50,nM,UO_0000065,,2.1
,,1602152,[],CHEMBL881479,Inhibitory activity against opioid receptor sigma 1 in guinea pig cerebral cortex using [3H](+)-pentazocine as radio ligand at pH 7.5 for 150 min at 22 degree C ,B,,,BAO_0000190,BAO_0000221,tissue-based format,O=C1[C@@H]2Cc3ccccc3CN2C(=O)N1CCN1CCCCC1,,,CHEMBL1140401,Bioorg Med Chem Lett,2005.0,"{'bei': '24.88', 'le': '0.46', 'lle': '5.94', 'sei': '17.77'}",CHEMBL371741,,CHEMBL371741,7.80,1,http://www.openphacts.org/units/Nanomolar,400674,=,1,1,=,,IC50,nM,,16.0,CHEMBL287,Homo sapiens,Sigma opioid receptor,9606,,,IC50,nM,UO_0000065,,16.0
,,1602155,[],CHEMBL881479,Inhibitory activity against opioid receptor sigma 1 in guinea pig cerebral cortex using [3H](+)-pentazocine as radio ligand at pH 7.5 for 150 min at 22 degree C ,B,,,BAO_0000190,BAO_0000221,tissue-based format,CN1CCN(CCN2C(=O)[C@@H]3Cc4ccccc4CN3C2=O)CC1,,,CHEMBL1140401,Bioorg Med Chem Lett,2005.0,,CHEMBL195676,,CHEMBL195676,,0,http://www.openphacts.org/units/Nanomolar,400675,>,1,1,>,,IC50,nM,,100.0,CHEMBL287,Homo sapiens,Sigma opioid receptor,9606,,,IC50,nM,UO_0000065,,100.0
,,1602156,[],CHEMBL881479,Inhibitory activity against opioid receptor sigma 1 in guinea pig cerebral cortex using [3H](+)-pentazocine as radio ligand at pH 7.5 for 150 min at 22 degree C ,B,,,BAO_0000190,BAO_0000221,tissue-based format,CN(C)CCCN1CCN(CCN2C(=O)[C@@H]3Cc4ccccc4CN3C2=O)CC1,,,CHEMBL1140401,Bioorg Med Chem Lett,2005.0,,CHEMBL366163,,CHEMBL366163,,0,http://www.openphacts.org/units/Nanomolar,400676,>,1,1,>,,IC50,nM,,1000.0,CHEMBL287,Homo sapiens,Sigma opioid receptor,9606,,,IC50,nM,UO_0000065,,1000.0
,,1602157,[],CHEMBL881479,Inhibitory activity against opioid receptor sigma 1 in guinea pig cerebral cortex using [3H](+)-pentazocine as radio ligand at pH 7.5 for 150 min at 22 degree C ,B,,,BAO_0000190,BAO_0000221,tissue-based format,O=C1[C@@H]2Cc3ccccc3CN2C(=O)N1CCN1CCN(CCO)CC1,,,CHEMBL1140401,Bioorg Med Chem Lett,2005.0,,CHEMBL196385,,CHEMBL196385,,0,http://www.openphacts.org/units/Nanomolar,400677,>,1,1,>,,IC50,nM,,100.0,CHEMBL287,Homo sapiens,Sigma opioid receptor,9606,,,IC50,nM,UO_0000065,,100.0
,,1602158,[],CHEMBL881479,Inhibitory activity against opioid receptor sigma 1 in guinea pig cerebral cortex using [3H](+)-pentazocine as radio ligand at pH 7.5 for 150 min at 22 degree C ,B,,,BAO_0000190,BAO_0000221,tissue-based format,CC(C)NC(=O)CN1CCN(CCN2C(=O)[C@@H]3Cc4ccccc4CN3C2=O)CC1,,,CHEMBL1140401,Bioorg Med Chem Lett,2005.0,,CHEMBL193655,,CHEMBL193655,,0,http://www.openphacts.org/units/Nanomolar,400678,>,1,1,>,,IC50,nM,,100.0,CHEMBL287,Homo sapiens,Sigma opioid receptor,9606,,,IC50,nM,UO_0000065,,100.0
,,1602159,[],CHEMBL881479,Inhibitory activity against opioid receptor sigma 1 in guinea pig cerebral cortex using [3H](+)-pentazocine as radio ligand at pH 7.5 for 150 min at 22 degree C ,B,,,BAO_0000190,BAO_0000221,tissue-based format,O=C1[C@@H]2Cc3ccccc3CN2C(=O)N1CCCN1CCCCC1,,,CHEMBL1140401,Bioorg Med Chem Lett,2005.0,"{'bei': '23.42', 'le': '0.44', 'lle': '5.42', 'sei': '17.48'}",CHEMBL381653,,CHEMBL381653,7.67,1,http://www.openphacts.org/units/Nanomolar,400679,=,1,1,=,,IC50,nM,,21.5,CHEMBL287,Homo sapiens,Sigma opioid receptor,9606,,,IC50,nM,UO_0000065,,21.5
,,1602167,[],CHEMBL881479,Inhibitory activity against opioid receptor sigma 1 in guinea pig cerebral cortex using [3H](+)-pentazocine as radio ligand at pH 7.5 for 150 min at 22 degree C ,B,,,BAO_0000190,BAO_0000221,tissue-based format,CN1CCN(CCCN2C(=O)[C@@H]3Cc4ccccc4CN3C2=O)CC1,,,CHEMBL1140401,Bioorg Med Chem Lett,2005.0,,CHEMBL193335,,CHEMBL193335,,0,http://www.openphacts.org/units/Nanomolar,400681,>,1,1,>,,IC50,nM,,100.0,CHEMBL287,Homo sapiens,Sigma opioid receptor,9606,,,IC50,nM,UO_0000065,,100.0
,,1602168,[],CHEMBL881479,Inhibitory activity against opioid receptor sigma 1 in guinea pig cerebral cortex using [3H](+)-pentazocine as radio ligand at pH 7.5 for 150 min at 22 degree C ,B,,,BAO_0000190,BAO_0000221,tissue-based format,CN(C)CCCN1CCN(CCCN2C(=O)[C@@H]3Cc4ccccc4CN3C2=O)CC1,,,CHEMBL1140401,Bioorg Med Chem Lett,2005.0,,CHEMBL195677,,CHEMBL195677,,0,http://www.openphacts.org/units/Nanomolar,400682,>,1,1,>,,IC50,nM,,100.0,CHEMBL287,Homo sapiens,Sigma opioid receptor,9606,,,IC50,nM,UO_0000065,,100.0
,,1602169,[],CHEMBL881479,Inhibitory activity against opioid receptor sigma 1 in guinea pig cerebral cortex using [3H](+)-pentazocine as radio ligand at pH 7.5 for 150 min at 22 degree C ,B,,,BAO_0000190,BAO_0000221,tissue-based format,O=C1[C@@H]2Cc3ccccc3CN2C(=O)N1CCCN1CCN(CCO)CC1,,,CHEMBL1140401,Bioorg Med Chem Lett,2005.0,,CHEMBL193485,,CHEMBL193485,,0,http://www.openphacts.org/units/Nanomolar,400683,>,1,1,>,,IC50,nM,,100.0,CHEMBL287,Homo sapiens,Sigma opioid receptor,9606,,,IC50,nM,UO_0000065,,100.0
,,1602170,[],CHEMBL881479,Inhibitory activity against opioid receptor sigma 1 in guinea pig cerebral cortex using [3H](+)-pentazocine as radio ligand at pH 7.5 for 150 min at 22 degree C ,B,,,BAO_0000190,BAO_0000221,tissue-based format,O=C1[C@@H]2Cc3ccccc3CN2C(=O)N1CCCN1CCN(Cc2ccccc2)CC1,,,CHEMBL1140401,Bioorg Med Chem Lett,2005.0,"{'bei': '17.91', 'le': '0.33', 'lle': '4.91', 'sei': '15.91'}",CHEMBL194967,,CHEMBL194967,7.50,0,http://www.openphacts.org/units/Nanomolar,400684,=,1,1,=,,IC50,nM,,32.0,CHEMBL287,Homo sapiens,Sigma opioid receptor,9606,,,IC50,nM,UO_0000065,,32.0
,,1602171,[],CHEMBL881479,Inhibitory activity against opioid receptor sigma 1 in guinea pig cerebral cortex using [3H](+)-pentazocine as radio ligand at pH 7.5 for 150 min at 22 degree C ,B,,,BAO_0000190,BAO_0000221,tissue-based format,O=C1[C@@H]2Cc3ccccc3CN2C(=O)N1CCCN1CCN(Cc2ccc3c(c2)OCO3)CC1,,,CHEMBL1140401,Bioorg Med Chem Lett,2005.0,"{'bei': '16.48', 'le': '0.31', 'lle': '5.31', 'sei': '11.63'}",CHEMBL370739,,CHEMBL370739,7.62,0,http://www.openphacts.org/units/Nanomolar,400685,=,1,1,=,,IC50,nM,,23.8,CHEMBL287,Homo sapiens,Sigma opioid receptor,9606,,,IC50,nM,UO_0000065,,23.8
,,1602172,[],CHEMBL881479,Inhibitory activity against opioid receptor sigma 1 in guinea pig cerebral cortex using [3H](+)-pentazocine as radio ligand at pH 7.5 for 150 min at 22 degree C ,B,,,BAO_0000190,BAO_0000221,tissue-based format,O=C1[C@@H]2Cc3ccccc3CN2C(=O)N1CCCNC1CCN(Cc2ccccc2)CC1,,,CHEMBL1140401,Bioorg Med Chem Lett,2005.0,"{'bei': '16.38', 'le': '0.30', 'lle': '4.06', 'sei': '12.68'}",CHEMBL196100,,CHEMBL196100,7.08,0,http://www.openphacts.org/units/Nanomolar,400686,=,1,1,=,,IC50,nM,,82.3,CHEMBL287,Homo sapiens,Sigma opioid receptor,9606,,,IC50,nM,UO_0000065,,82.3
,,1602173,[],CHEMBL881479,Inhibitory activity against opioid receptor sigma 1 in guinea pig cerebral cortex using [3H](+)-pentazocine as radio ligand at pH 7.5 for 150 min at 22 degree C ,B,,,BAO_0000190,BAO_0000221,tissue-based format,O=C1[C@@H]2Cc3ccccc3CN2C(=O)N1CCCNCc1ccccc1,,,CHEMBL1140401,Bioorg Med Chem Lett,2005.0,"{'bei': '22.95', 'le': '0.42', 'lle': '5.46', 'sei': '15.23'}",CHEMBL196988,,CHEMBL196988,8.02,0,http://www.openphacts.org/units/Nanomolar,400687,=,1,1,=,,IC50,nM,,9.6,CHEMBL287,Homo sapiens,Sigma opioid receptor,9606,,,IC50,nM,UO_0000065,,9.6
,,1602176,[],CHEMBL881479,Inhibitory activity against opioid receptor sigma 1 in guinea pig cerebral cortex using [3H](+)-pentazocine as radio ligand at pH 7.5 for 150 min at 22 degree C ,B,,,BAO_0000190,BAO_0000221,tissue-based format,O=C1[C@@H]2Cc3ccccc3CN2C(=O)N1CCCNCCCCc1ccccc1,,,CHEMBL1140401,Bioorg Med Chem Lett,2005.0,"{'bei': '20.38', 'le': '0.38', 'lle': '4.60', 'sei': '15.15'}",CHEMBL371156,,CHEMBL371156,7.98,0,http://www.openphacts.org/units/Nanomolar,400688,=,1,1,=,,IC50,nM,,10.5,CHEMBL287,Homo sapiens,Sigma opioid receptor,9606,,,IC50,nM,UO_0000065,,10.5
,,1602181,[],CHEMBL881479,Inhibitory activity against opioid receptor sigma 1 in guinea pig cerebral cortex using [3H](+)-pentazocine as radio ligand at pH 7.5 for 150 min at 22 degree C ,B,,,BAO_0000190,BAO_0000221,tissue-based format,CN(CCN1C(=O)[C@@H]2Cc3ccccc3CN2C1=O)Cc1ccccc1,,,CHEMBL1140401,Bioorg Med Chem Lett,2005.0,"{'bei': '23.89', 'le': '0.44', 'lle': '5.84', 'sei': '19.03'}",CHEMBL196587,,CHEMBL196587,8.35,0,http://www.openphacts.org/units/Nanomolar,400689,=,1,1,=,,IC50,nM,,4.5,CHEMBL287,Homo sapiens,Sigma opioid receptor,9606,,,IC50,nM,UO_0000065,,4.5
,,1602186,[],CHEMBL881479,Inhibitory activity against opioid receptor sigma 1 in guinea pig cerebral cortex using [3H](+)-pentazocine as radio ligand at pH 7.5 for 150 min at 22 degree C ,B,,,BAO_0000190,BAO_0000221,tissue-based format,CN(CCc1ccccc1)CCN1C(=O)[C@@H]2Cc3ccccc3CN2C1=O,,,CHEMBL1140401,Bioorg Med Chem Lett,2005.0,"{'bei': '21.73', 'le': '0.40', 'lle': '5.35', 'sei': '18.01'}",CHEMBL196257,,CHEMBL196257,7.90,0,http://www.openphacts.org/units/Nanomolar,400690,=,1,1,=,,IC50,nM,,12.6,CHEMBL287,Homo sapiens,Sigma opioid receptor,9606,,,IC50,nM,UO_0000065,,12.6
,,1602196,[],CHEMBL881479,Inhibitory activity against opioid receptor sigma 1 in guinea pig cerebral cortex using [3H](+)-pentazocine as radio ligand at pH 7.5 for 150 min at 22 degree C ,B,,,BAO_0000190,BAO_0000221,tissue-based format,CN(CCCc1ccccc1)CCN1C(=O)[C@@H]2Cc3ccccc3CN2C1=O,,,CHEMBL1140401,Bioorg Med Chem Lett,2005.0,"{'bei': '20.84', 'le': '0.38', 'lle': '4.93', 'sei': '17.94'}",CHEMBL193662,,CHEMBL193662,7.87,0,http://www.openphacts.org/units/Nanomolar,400692,=,1,1,=,,IC50,nM,,13.6,CHEMBL287,Homo sapiens,Sigma opioid receptor,9606,,,IC50,nM,UO_0000065,,13.6
,,1602201,[],CHEMBL881479,Inhibitory activity against opioid receptor sigma 1 in guinea pig cerebral cortex using [3H](+)-pentazocine as radio ligand at pH 7.5 for 150 min at 22 degree C ,B,,,BAO_0000190,BAO_0000221,tissue-based format,CN(CCCCc1ccccc1)CCN1C(=O)[C@@H]2Cc3ccccc3CN2C1=O,,,CHEMBL1140401,Bioorg Med Chem Lett,2005.0,"{'bei': '21.70', 'le': '0.40', 'lle': '5.16', 'sei': '19.37'}",CHEMBL194687,,CHEMBL194687,8.49,0,http://www.openphacts.org/units/Nanomolar,400693,=,1,1,=,,IC50,nM,,3.2,CHEMBL287,Homo sapiens,Sigma opioid receptor,9606,,,IC50,nM,UO_0000065,,3.2
,,1602204,[],CHEMBL881479,Inhibitory activity against opioid receptor sigma 1 in guinea pig cerebral cortex using [3H](+)-pentazocine as radio ligand at pH 7.5 for 150 min at 22 degree C ,B,,,BAO_0000190,BAO_0000221,tissue-based format,CN(CCCCCc1ccccc1)CCN1C(=O)[C@@H]2Cc3ccccc3CN2C1=O,,,CHEMBL1140401,Bioorg Med Chem Lett,2005.0,"{'bei': '21.05', 'le': '0.39', 'lle': '4.82', 'sei': '19.47'}",CHEMBL194738,,CHEMBL194738,8.54,0,http://www.openphacts.org/units/Nanomolar,400694,=,1,1,=,,IC50,nM,,2.9,CHEMBL287,Homo sapiens,Sigma opioid receptor,9606,,,IC50,nM,UO_0000065,,2.9
,,1602207,[],CHEMBL881479,Inhibitory activity against opioid receptor sigma 1 in guinea pig cerebral cortex using [3H](+)-pentazocine as radio ligand at pH 7.5 for 150 min at 22 degree C ,B,,,BAO_0000190,BAO_0000221,tissue-based format,CN(CCCN1C(=O)[C@@H]2Cc3ccccc3CN2C1=O)Cc1ccccc1,,,CHEMBL1140401,Bioorg Med Chem Lett,2005.0,"{'bei': '23.14', 'le': '0.43', 'lle': '5.51', 'sei': '19.17'}",CHEMBL365754,,CHEMBL365754,8.41,0,http://www.openphacts.org/units/Nanomolar,400695,=,1,1,=,,IC50,nM,,3.9,CHEMBL287,Homo sapiens,Sigma opioid receptor,9606,,,IC50,nM,UO_0000065,,3.9
,,1602212,[],CHEMBL881479,Inhibitory activity against opioid receptor sigma 1 in guinea pig cerebral cortex using [3H](+)-pentazocine as radio ligand at pH 7.5 for 150 min at 22 degree C ,B,,,BAO_0000190,BAO_0000221,tissue-based format,CN(CCCN1C(=O)[C@@H]2Cc3ccccc3CN2C1=O)CCc1ccccc1,,,CHEMBL1140401,Bioorg Med Chem Lett,2005.0,"{'bei': '22.99', 'le': '0.42', 'lle': '5.74', 'sei': '19.79'}",CHEMBL365786,,CHEMBL365786,8.68,0,http://www.openphacts.org/units/Nanomolar,400696,=,1,1,=,,IC50,nM,,2.1,CHEMBL287,Homo sapiens,Sigma opioid receptor,9606,,,IC50,nM,UO_0000065,,2.1
,,1602215,[],CHEMBL881479,Inhibitory activity against opioid receptor sigma 1 in guinea pig cerebral cortex using [3H](+)-pentazocine as radio ligand at pH 7.5 for 150 min at 22 degree C ,B,,,BAO_0000190,BAO_0000221,tissue-based format,CN(CCCCN1C(=O)[C@@H]2Cc3ccccc3CN2C1=O)Cc1ccccc1,,,CHEMBL1140401,Bioorg Med Chem Lett,2005.0,"{'bei': '22.19', 'le': '0.41', 'lle': '5.09', 'sei': '19.10'}",CHEMBL366167,,CHEMBL366167,8.38,0,http://www.openphacts.org/units/Nanomolar,400697,=,1,1,=,,IC50,nM,,4.2,CHEMBL287,Homo sapiens,Sigma opioid receptor,9606,,,IC50,nM,UO_0000065,,4.2
,,1602218,[],CHEMBL881479,Inhibitory activity against opioid receptor sigma 1 in guinea pig cerebral cortex using [3H](+)-pentazocine as radio ligand at pH 7.5 for 150 min at 22 degree C ,B,,,BAO_0000190,BAO_0000221,tissue-based format,CN(CCCCN1C(=O)[C@@H]2Cc3ccccc3CN2C1=O)CCc1ccccc1,,,CHEMBL1140401,Bioorg Med Chem Lett,2005.0,"{'bei': '20.44', 'le': '0.38', 'lle': '4.67', 'sei': '18.25'}",CHEMBL194797,,CHEMBL194797,8.00,0,http://www.openphacts.org/units/Nanomolar,400698,=,1,1,=,,IC50,nM,,9.9,CHEMBL287,Homo sapiens,Sigma opioid receptor,9606,,,IC50,nM,UO_0000065,,9.9
,,1602223,[],CHEMBL881479,Inhibitory activity against opioid receptor sigma 1 in guinea pig cerebral cortex using [3H](+)-pentazocine as radio ligand at pH 7.5 for 150 min at 22 degree C ,B,,,BAO_0000190,BAO_0000221,tissue-based format,CN(CCCCCN1C(=O)[C@@H]2Cc3ccccc3CN2C1=O)Cc1ccccc1,,,CHEMBL1140401,Bioorg Med Chem Lett,2005.0,"{'bei': '21.20', 'le': '0.39', 'lle': '4.62', 'sei': '18.93'}",CHEMBL194796,,CHEMBL194796,8.30,0,http://www.openphacts.org/units/Nanomolar,400699,=,1,1,=,,IC50,nM,,5.0,CHEMBL287,Homo sapiens,Sigma opioid receptor,9606,,,IC50,nM,UO_0000065,,5.0
,,1602228,[],CHEMBL881479,Inhibitory activity against opioid receptor sigma 1 in guinea pig cerebral cortex using [3H](+)-pentazocine as radio ligand at pH 7.5 for 150 min at 22 degree C ,B,,,BAO_0000190,BAO_0000221,tissue-based format,CN(CCCCCN1C(=O)[C@@H]2Cc3ccccc3CN2C1=O)CCc1ccccc1,,,CHEMBL1140401,Bioorg Med Chem Lett,2005.0,"{'bei': '19.56', 'le': '0.36', 'lle': '4.21', 'sei': '18.08'}",CHEMBL195994,,CHEMBL195994,7.93,0,http://www.openphacts.org/units/Nanomolar,400700,=,1,1,=,,IC50,nM,,11.7,CHEMBL287,Homo sapiens,Sigma opioid receptor,9606,,,IC50,nM,UO_0000065,,11.7
,,1602231,[],CHEMBL881479,Inhibitory activity against opioid receptor sigma 1 in guinea pig cerebral cortex using [3H](+)-pentazocine as radio ligand at pH 7.5 for 150 min at 22 degree C ,B,,,BAO_0000190,BAO_0000221,tissue-based format,CN(CCCCCCN1C(=O)[C@@H]2Cc3ccccc3CN2C1=O)Cc1ccccc1,,,CHEMBL1140401,Bioorg Med Chem Lett,2005.0,"{'bei': '19.79', 'le': '0.37', 'lle': '3.96', 'sei': '18.30'}",CHEMBL194640,,CHEMBL194640,8.03,0,http://www.openphacts.org/units/Nanomolar,400701,=,1,1,=,,IC50,nM,,9.4,CHEMBL287,Homo sapiens,Sigma opioid receptor,9606,,,IC50,nM,UO_0000065,,9.4
,,1602241,[],CHEMBL880587,Inhibitory activity against Opioid receptor sigma 1 in guinea pig cerebral cortex using [3H](+)-pentazocine as radio ligand at pH 7.5 for 150 min at 22 C ,B,,,BAO_0000190,BAO_0000221,tissue-based format,CN(CCCCCCN1C(=O)[C@@H]2Cc3ccccc3CN2C1=O)CCc1ccccc1,,,CHEMBL1140401,Bioorg Med Chem Lett,2005.0,"{'bei': '17.95', 'le': '0.33', 'lle': '3.42', 'sei': '17.17'}",CHEMBL194694,,CHEMBL194694,7.53,0,http://www.openphacts.org/units/Nanomolar,400703,=,1,1,=,,IC50,nM,,29.5,CHEMBL287,Homo sapiens,Sigma opioid receptor,9606,,,IC50,nM,UO_0000065,,29.5
,,1602244,[],CHEMBL880587,Inhibitory activity against Opioid receptor sigma 1 in guinea pig cerebral cortex using [3H](+)-pentazocine as radio ligand at pH 7.5 for 150 min at 22 C ,B,,,BAO_0000190,BAO_0000221,tissue-based format,O=Cn1ccnc1N(CCCN1C(=O)[C@@H]2Cc3ccccc3CN2C1=O)Cc1ccccc1,,,CHEMBL1140401,Bioorg Med Chem Lett,2005.0,,CHEMBL195781,,CHEMBL195781,,0,http://www.openphacts.org/units/Nanomolar,400704,>,1,1,>,,IC50,nM,,100.0,CHEMBL287,Homo sapiens,Sigma opioid receptor,9606,,,IC50,nM,UO_0000065,,100.0
,,1602247,[],CHEMBL880587,Inhibitory activity against Opioid receptor sigma 1 in guinea pig cerebral cortex using [3H](+)-pentazocine as radio ligand at pH 7.5 for 150 min at 22 C ,B,,,BAO_0000190,BAO_0000221,tissue-based format,O=C1[C@@H]2Cc3ccccc3CN2C(=O)N1C1CCN(Cc2ccccc2)CC1,,,CHEMBL1140401,Bioorg Med Chem Lett,2005.0,"{'bei': '22.96', 'le': '0.42', 'lle': '5.58', 'sei': '19.65'}",CHEMBL193699,,CHEMBL193699,8.62,0,http://www.openphacts.org/units/Nanomolar,400705,=,1,1,=,,IC50,nM,,2.4,CHEMBL287,Homo sapiens,Sigma opioid receptor,9606,,,IC50,nM,UO_0000065,,2.4
,,1602250,[],CHEMBL881479,Inhibitory activity against opioid receptor sigma 1 in guinea pig cerebral cortex using [3H](+)-pentazocine as radio ligand at pH 7.5 for 150 min at 22 degree C ,B,,,BAO_0000190,BAO_0000221,tissue-based format,CN(CCCN1C(=O)[C@@H]2Cc3ccccc3CN2C1=O)c1ccccc1,,,CHEMBL1140401,Bioorg Med Chem Lett,2005.0,,CHEMBL195573,,CHEMBL195573,,0,http://www.openphacts.org/units/Nanomolar,400706,>,1,1,>,,IC50,nM,,100.0,CHEMBL287,Homo sapiens,Sigma opioid receptor,9606,,,IC50,nM,UO_0000065,,100.0
,,1602253,[],CHEMBL880593,Inhibitory concentration against opioid receptor sigma 1 of guinea pig cerebral cortex using [3H](+)-pentazocine upon incubation for 150 minutes at 22 degree C,B,,,BAO_0000190,BAO_0000221,tissue-based format,O=C(CCCN1CCC(O)(c2ccc(Cl)cc2)CC1)c1ccc(F)cc1,,,CHEMBL1143474,Bioorg Med Chem Lett,2005.0,"{'bei': '23.09', 'le': '0.46', 'lle': '4.25', 'sei': '21.41'}",CHEMBL54,HALOPERIDOL,CHEMBL54,8.68,1,http://www.openphacts.org/units/Nanomolar,400707,=,1,1,=,,IC50,nM,,2.1,CHEMBL287,Homo sapiens,Sigma opioid receptor,9606,,,IC50,nM,UO_0000065,,2.1
,,1602256,[],CHEMBL880593,Inhibitory concentration against opioid receptor sigma 1 of guinea pig cerebral cortex using [3H](+)-pentazocine upon incubation for 150 minutes at 22 degree C,B,,,BAO_0000190,BAO_0000221,tissue-based format,O=C1[C@@H]2Cc3ccccc3CN2C(=O)N1CCN1CCCCC1,,,CHEMBL1143474,Bioorg Med Chem Lett,2005.0,"{'bei': '24.88', 'le': '0.46', 'lle': '5.94', 'sei': '17.77'}",CHEMBL371741,,CHEMBL371741,7.80,0,http://www.openphacts.org/units/Nanomolar,400708,=,1,1,=,,IC50,nM,,16.0,CHEMBL287,Homo sapiens,Sigma opioid receptor,9606,,,IC50,nM,UO_0000065,,16.0
,,1602259,[],CHEMBL880593,Inhibitory concentration against opioid receptor sigma 1 of guinea pig cerebral cortex using [3H](+)-pentazocine upon incubation for 150 minutes at 22 degree C,B,,,BAO_0000190,BAO_0000221,tissue-based format,O=C1[C@@H]2Cc3ccccc3CN2C(=O)N1CCCN1CCCCC1,,,CHEMBL1143474,Bioorg Med Chem Lett,2005.0,"{'bei': '23.42', 'le': '0.44', 'lle': '5.42', 'sei': '17.48'}",CHEMBL381653,,CHEMBL381653,7.67,0,http://www.openphacts.org/units/Nanomolar,400709,=,1,1,=,,IC50,nM,,21.5,CHEMBL287,Homo sapiens,Sigma opioid receptor,9606,,,IC50,nM,UO_0000065,,21.5
,,1602262,[],CHEMBL880593,Inhibitory concentration against opioid receptor sigma 1 of guinea pig cerebral cortex using [3H](+)-pentazocine upon incubation for 150 minutes at 22 degree C,B,,,BAO_0000190,BAO_0000221,tissue-based format,O=C1[C@@H]2Cc3ccccc3CN2C(=S)N1CCN1CCCCC1,,,CHEMBL1143474,Bioorg Med Chem Lett,2005.0,"{'bei': '27.46', 'le': '0.54', 'lle': '7.02', 'sei': '33.77'}",CHEMBL193805,,CHEMBL193805,9.05,0,http://www.openphacts.org/units/Nanomolar,400710,=,1,1,=,,IC50,nM,,0.9,CHEMBL287,Homo sapiens,Sigma opioid receptor,9606,,,IC50,nM,UO_0000065,,0.9
,,1602265,[],CHEMBL880593,Inhibitory concentration against opioid receptor sigma 1 of guinea pig cerebral cortex using [3H](+)-pentazocine upon incubation for 150 minutes at 22 degree C,B,,,BAO_0000190,BAO_0000221,tissue-based format,O=C1N(CCN2CCCCC2)C[C@@H]2Cc3ccccc3CN12,,,CHEMBL1143474,Bioorg Med Chem Lett,2005.0,"{'bei': '24.27', 'le': '0.45', 'lle': '4.94', 'sei': '27.13'}",CHEMBL439859,,CHEMBL439859,7.27,0,http://www.openphacts.org/units/Nanomolar,400711,=,1,1,=,,IC50,nM,,54.0,CHEMBL287,Homo sapiens,Sigma opioid receptor,9606,,,IC50,nM,UO_0000065,,54.0
,,1602268,[],CHEMBL880593,Inhibitory concentration against opioid receptor sigma 1 of guinea pig cerebral cortex using [3H](+)-pentazocine upon incubation for 150 minutes at 22 degree C,B,,,BAO_0000190,BAO_0000221,tissue-based format,c1ccc2c(c1)C[C@H]1CN(CCN3CCCCC3)CN1C2,,,CHEMBL1143474,Bioorg Med Chem Lett,2005.0,"{'bei': '24.92', 'le': '0.46', 'lle': '4.94', 'sei': '73.18'}",CHEMBL383147,,CHEMBL383147,7.11,0,http://www.openphacts.org/units/Nanomolar,400712,=,1,1,=,,IC50,nM,,77.0,CHEMBL287,Homo sapiens,Sigma opioid receptor,9606,,,IC50,nM,UO_0000065,,77.0
,,1602278,[],CHEMBL880593,Inhibitory concentration against opioid receptor sigma 1 of guinea pig cerebral cortex using [3H](+)-pentazocine upon incubation for 150 minutes at 22 degree C,B,,,BAO_0000190,BAO_0000221,tissue-based format,O=C1[C@@H]2Cc3ccc(O)cc3CN2C(=O)N1CCN1CCCCC1,,,CHEMBL1143474,Bioorg Med Chem Lett,2005.0,,CHEMBL373271,,CHEMBL373271,,0,http://www.openphacts.org/units/Nanomolar,400714,>,1,1,>,,IC50,nM,,1000.0,CHEMBL287,Homo sapiens,Sigma opioid receptor,9606,,,IC50,nM,UO_0000065,,1000.0
,,1602281,[],CHEMBL880593,Inhibitory concentration against opioid receptor sigma 1 of guinea pig cerebral cortex using [3H](+)-pentazocine upon incubation for 150 minutes at 22 degree C,B,,,BAO_0000190,BAO_0000221,tissue-based format,O=C1[C@@H]2Cc3ccccc3N2C(=O)N1CCCN1CCCCC1,,,CHEMBL1143474,Bioorg Med Chem Lett,2005.0,"{'bei': '22.91', 'le': '0.43', 'lle': '4.92', 'sei': '16.37'}",CHEMBL195302,,CHEMBL195302,7.18,0,http://www.openphacts.org/units/Nanomolar,400715,=,1,1,=,,IC50,nM,,66.0,CHEMBL287,Homo sapiens,Sigma opioid receptor,9606,,,IC50,nM,UO_0000065,,66.0
,,1602284,[],CHEMBL880593,Inhibitory concentration against opioid receptor sigma 1 of guinea pig cerebral cortex using [3H](+)-pentazocine upon incubation for 150 minutes at 22 degree C,B,,,BAO_0000190,BAO_0000221,tissue-based format,O=C1[C@@H]2CCCCN2C(=O)N1CCN1CCCCC1,,,CHEMBL1143474,Bioorg Med Chem Lett,2005.0,,CHEMBL195303,,CHEMBL195303,,0,http://www.openphacts.org/units/Nanomolar,400716,>,1,1,>,,IC50,nM,,1000.0,CHEMBL287,Homo sapiens,Sigma opioid receptor,9606,,,IC50,nM,UO_0000065,,1000.0
,,1602287,[],CHEMBL880593,Inhibitory concentration against opioid receptor sigma 1 of guinea pig cerebral cortex using [3H](+)-pentazocine upon incubation for 150 minutes at 22 degree C,B,,,BAO_0000190,BAO_0000221,tissue-based format,O=C1[C@H]2Cc3ccccc3CN2C(=O)N1CCN1CCCCC1,,,CHEMBL1143474,Bioorg Med Chem Lett,2005.0,"{'bei': '26.10', 'le': '0.49', 'lle': '6.32', 'sei': '18.65'}",CHEMBL195304,,CHEMBL195304,8.18,0,http://www.openphacts.org/units/Nanomolar,400717,=,1,1,=,,IC50,nM,,6.6,CHEMBL287,Homo sapiens,Sigma opioid receptor,9606,,,IC50,nM,UO_0000065,,6.6
,,1743077,[],CHEMBL869757,Binding affinity to sigma receptor,B,,,BAO_0000190,BAO_0000357,single protein format,CCCCN1C(=O)C(CC2CCCCC2)NC(=O)C12CCN(Cc1ccc3c(c1)OCCO3)CC2.Cl,,,CHEMBL1138901,J Med Chem,2006.0,"{'bei': '13.93', 'le': '0.26', 'lle': '2.85', 'sei': '9.47'}",CHEMBL556798,,CHEMBL1196395,6.74,0,http://www.openphacts.org/units/Nanomolar,515460,=,1,1,=,,IC50,nM,,183.0,CHEMBL287,Homo sapiens,Sigma opioid receptor,9606,,,IC50,uM,UO_0000065,,0.183
,,2148271,[],CHEMBL923698,Displacement of [3H]pentazocine from sigma1 receptor,B,,,BAO_0000190,BAO_0000357,single protein format,COc1cc(NC(=O)c2ccc(-c3ccc(Cl)cc3)o2)cc(OC)c1,,,CHEMBL1142222,Proc Natl Acad Sci U S A,2007.0,,CHEMBL250699,,CHEMBL250699,,0,http://www.openphacts.org/units/Nanomolar,695710,>,1,1,>,,IC50,nM,,10000.0,CHEMBL287,Homo sapiens,Sigma opioid receptor,9606,,,IC50,uM,UO_0000065,,10.0
,,2369561,[],CHEMBL1033095,Inhibition of sigma1 opioid receptor,B,,,BAO_0000190,BAO_0000357,single protein format,CC(C)(C)CCN1CC[C@H](CNC(=O)c2cc(Cl)cc(Cl)c2)[C@H](F)C1,,,CHEMBL1140166,J Med Chem,2008.0,,CHEMBL493677,,CHEMBL493677,,0,http://www.openphacts.org/units/Nanomolar,745282,<,1,1,<,,IC50,nM,,20.0,CHEMBL287,Homo sapiens,Sigma opioid receptor,9606,,,IC50,nM,UO_0000065,,20.0
,,3259294,[],CHEMBL1114520,Displacement of [3H](+)-pentazocine from sigma 1 opioid receptor in human Jurkat cells by scintillation counting,B,,,BAO_0000190,BAO_0000219,cell-based format,O=C(CCCN1CCC(O)(c2ccc(Cl)cc2)CC1)c1ccc(F)cc1,,,CHEMBL1156252,Eur J Med Chem,2010.0,"{'bei': '17.66', 'le': '0.35', 'lle': '2.21', 'sei': '16.37'}",CHEMBL54,HALOPERIDOL,CHEMBL54,6.64,0,http://www.openphacts.org/units/Nanomolar,899789,=,1,1,=,,IC50,nM,,230.0,CHEMBL287,Homo sapiens,Sigma opioid receptor,9606,,,IC50,nM,UO_0000065,,230.0
,,3259295,[],CHEMBL1114520,Displacement of [3H](+)-pentazocine from sigma 1 opioid receptor in human Jurkat cells by scintillation counting,B,,,BAO_0000190,BAO_0000219,cell-based format,CN(CCCN1C(=O)[C@@H]2Cc3ccccc3CN2C1=O)Cc1ccccc1,,,CHEMBL1156252,Eur J Med Chem,2010.0,"{'bei': '17.02', 'le': '0.31', 'lle': '3.29', 'sei': '14.11'}",CHEMBL365754,,CHEMBL365754,6.19,0,http://www.openphacts.org/units/Nanomolar,899790,=,1,1,=,,IC50,nM,,650.0,CHEMBL287,Homo sapiens,Sigma opioid receptor,9606,,,IC50,nM,UO_0000065,,650.0
,,3259296,[],CHEMBL1114520,Displacement of [3H](+)-pentazocine from sigma 1 opioid receptor in human Jurkat cells by scintillation counting,B,,,BAO_0000190,BAO_0000219,cell-based format,CN(CCCN1C(=O)[C@H]2Cc3ccccc3CN2C1=O)Cc1ccccc1,,,CHEMBL1156252,Eur J Med Chem,2010.0,"{'bei': '16.51', 'le': '0.30', 'lle': '3.10', 'sei': '13.68'}",CHEMBL1089752,,CHEMBL1089752,6.00,0,http://www.openphacts.org/units/Nanomolar,899807,=,1,1,=,,IC50,nM,,1000.0,CHEMBL287,Homo sapiens,Sigma opioid receptor,9606,,,IC50,nM,UO_0000065,,1000.0
,Not Active (inhibition < 50% @ 10 uM and thus dose-reponse curve not measured),7599024,[],CHEMBL1909110,DRUGMATRIX: Sigma1 radioligand binding (ligand: [3H] Haloperidol),B,,,BAO_0000190,BAO_0000249,cell membrane format,CC(=O)OC[C@H]1O[C@@H](n2ncc(=O)[nH]c2=O)[C@H](OC(C)=O)[C@@H]1OC(C)=O,,,CHEMBL1909046,,,,CHEMBL515914,AZARIBINE,CHEMBL515914,,0,,1539518,,15,0,,,IC50,,,,CHEMBL287,Homo sapiens,Sigma opioid receptor,9606,,,IC50,,,,
,Not Active (inhibition < 50% @ 10 uM and thus dose-reponse curve not measured),7599170,[],CHEMBL1909110,DRUGMATRIX: Sigma1 radioligand binding (ligand: [3H] Haloperidol),B,,,BAO_0000190,BAO_0000249,cell membrane format,CC[C@H](C)[C@H](N)C1=N[C@H](C(=O)N[C@@H](CC(C)C)C(=O)N[C@H](CCC(=O)O)C(=O)N[C@H](C(=O)N[C@H]2CCCCNC(=O)[C@H](CC(N)=O)NC(=O)[C@@H](CC(=O)O)NC(=O)[C@H](Cc3cnc[nH]3)NC(=O)[C@@H](Cc3ccccc3)NC(=O)[C@H]([C@@H](C)CC)NC(=O)[C@@H](CCCN)NC2=O)[C@@H](C)CC)CS1,,,CHEMBL1909046,,,,CHEMBL1200558,BACITRACIN,CHEMBL1200558,,0,,1539526,,15,0,,,IC50,,,,CHEMBL287,Homo sapiens,Sigma opioid receptor,9606,,,IC50,,,,
,Not Active (inhibition < 50% @ 10 uM and thus dose-reponse curve not measured),7599307,[],CHEMBL1909110,DRUGMATRIX: Sigma1 radioligand binding (ligand: [3H] Haloperidol),B,,,BAO_0000190,BAO_0000249,cell membrane format,CCc1oc2ccccc2c1C(=O)c1cc(Br)c(O)c(Br)c1,,,CHEMBL1909046,,,,CHEMBL388590,BENZBROMARONE,CHEMBL388590,,0,,1539534,,15,0,,,IC50,,,,CHEMBL287,Homo sapiens,Sigma opioid receptor,9606,,,IC50,,,,
,Not Active (inhibition < 50% @ 10 uM and thus dose-reponse curve not measured),7599367,[],CHEMBL1909110,DRUGMATRIX: Sigma1 radioligand binding (ligand: [3H] Haloperidol),B,,,BAO_0000190,BAO_0000249,cell membrane format,OCc1ccccc1,,,CHEMBL1909046,,,,CHEMBL720,BENZYL ALCOHOL,CHEMBL720,,0,,1539542,,15,0,,,IC50,,,,CHEMBL287,Homo sapiens,Sigma opioid receptor,9606,,,IC50,,,,
,Not Active (inhibition < 50% @ 10 uM and thus dose-reponse curve not measured),7599473,[],CHEMBL1909110,DRUGMATRIX: Sigma1 radioligand binding (ligand: [3H] Haloperidol),B,,,BAO_0000190,BAO_0000249,cell membrane format,C[C@H]1C[C@H]2[C@@H]3CCC4=CC(=O)C=C[C@]4(C)[C@@]3(F)[C@@H](O)C[C@]2(C)[C@@]1(O)C(=O)COP(=O)(O)O,,,CHEMBL1909046,,,,CHEMBL1201207,BETAMETHASONE PHOSPHORIC ACID,CHEMBL1201207,,0,,1539550,,15,0,,,IC50,,,,CHEMBL287,Homo sapiens,Sigma opioid receptor,9606,,,IC50,,,,
,Not Active (inhibition < 50% @ 10 uM and thus dose-reponse curve not measured),7601161,[],CHEMBL1909110,DRUGMATRIX: Sigma1 radioligand binding (ligand: [3H] Haloperidol),B,,,BAO_0000190,BAO_0000249,cell membrane format,Brc1c(NC2=NCCN2)ccc2nccnc12,,,CHEMBL1909046,,,,CHEMBL844,BRIMONIDINE,CHEMBL844,,0,,1539559,,15,0,,,IC50,,,,CHEMBL287,Homo sapiens,Sigma opioid receptor,9606,,,IC50,,,,
,Not Active (inhibition < 50% @ 10 uM and thus dose-reponse curve not measured),7601269,[],CHEMBL1909110,DRUGMATRIX: Sigma1 radioligand binding (ligand: [3H] Haloperidol),B,,,BAO_0000190,BAO_0000249,cell membrane format,CCCCN1CCCCC1C(=O)Nc1c(C)cccc1C.Cl,,,CHEMBL1909046,,,,CHEMBL1200396,BUPIVACAINE HYDROCHLORIDE,CHEMBL1098,,0,,1539567,,15,0,,,IC50,,,,CHEMBL287,Homo sapiens,Sigma opioid receptor,9606,,,IC50,,,,
,Not Active (inhibition < 50% @ 10 uM and thus dose-reponse curve not measured),7601368,[],CHEMBL1909110,DRUGMATRIX: Sigma1 radioligand binding (ligand: [3H] Haloperidol),B,,,BAO_0000190,BAO_0000249,cell membrane format,,,,CHEMBL1909046,,,,CHEMBL1458880,CADMIUM DICHLORIDE,CHEMBL1458880,,0,,1539575,,15,0,,,IC50,,,,CHEMBL287,Homo sapiens,Sigma opioid receptor,9606,,,IC50,,,,
,Not Active (inhibition < 50% @ 10 uM and thus dose-reponse curve not measured),7601495,[],CHEMBL1909110,DRUGMATRIX: Sigma1 radioligand binding (ligand: [3H] Haloperidol),B,,,BAO_0000190,BAO_0000249,cell membrane format,CCOC(=O)n1ccn(C)c1=S,,,CHEMBL1909046,,,,CHEMBL508102,CARBIMAZOLE,CHEMBL508102,,0,,1539585,,15,0,,,IC50,,,,CHEMBL287,Homo sapiens,Sigma opioid receptor,9606,,,IC50,,,,
,Not Active (inhibition < 50% @ 10 uM and thus dose-reponse curve not measured),7601639,[],CHEMBL1909110,DRUGMATRIX: Sigma1 radioligand binding (ligand: [3H] Haloperidol),B,,,BAO_0000190,BAO_0000249,cell membrane format,CCCCCC[C@H]1C(=O)O[C@H](C)[C@H](NC(=O)c2cccc(NC=O)c2O)C(=O)O[C@@H](C)[C@@H]1OC(=O)CC(C)C,,,CHEMBL1909046,,,,CHEMBL211501,ANTIMYCIN A,CHEMBL211501,,0,,1539503,,15,0,,,IC50,,,,CHEMBL287,Homo sapiens,Sigma opioid receptor,9606,,,IC50,,,,
,Not Active (inhibition < 50% @ 10 uM and thus dose-reponse curve not measured),7601838,[],CHEMBL1909110,DRUGMATRIX: Sigma1 radioligand binding (ligand: [3H] Haloperidol),B,,,BAO_0000190,BAO_0000249,cell membrane format,CO[C@H]1[C@@H](O)[C@H](N)[C@@H](O[C@H]2O[C@H]([C@H](C)N)CC[C@H]2N)[C@H](O)[C@@H]1N(C)C(=O)CN,,,CHEMBL1909046,,,,CHEMBL3084803,ASTROMICIN,CHEMBL3084803,,0,,1539511,,15,0,,,IC50,,,,CHEMBL287,Homo sapiens,Sigma opioid receptor,9606,,,IC50,,,,
,Not Active (inhibition < 50% @ 10 uM and thus dose-reponse curve not measured),7601958,[],CHEMBL1909110,DRUGMATRIX: Sigma1 radioligand binding (ligand: [3H] Haloperidol),B,,,BAO_0000190,BAO_0000249,cell membrane format,[N-]=[N+]=CC(=O)OC[C@H](N)C(=O)O,,,CHEMBL1909046,,,,CHEMBL1095699,AZASERINE,CHEMBL1095699,,0,,1539519,,15,0,,,IC50,,,,CHEMBL287,Homo sapiens,Sigma opioid receptor,9606,,,IC50,,,,
,Not Active (inhibition < 50% @ 10 uM and thus dose-reponse curve not measured),7602101,[],CHEMBL1909110,DRUGMATRIX: Sigma1 radioligand binding (ligand: [3H] Haloperidol),B,,,BAO_0000190,BAO_0000249,cell membrane format,NCC(CC(=O)O)c1ccc(Cl)cc1,,,CHEMBL1909046,,,,CHEMBL701,BACLOFEN,CHEMBL701,,0,,1539527,,15,0,,,IC50,,,,CHEMBL287,Homo sapiens,Sigma opioid receptor,9606,,,IC50,,,,
,Not Active (inhibition < 50% @ 10 uM and thus dose-reponse curve not measured),7602217,[],CHEMBL1909110,DRUGMATRIX: Sigma1 radioligand binding (ligand: [3H] Haloperidol),B,,,BAO_0000190,BAO_0000249,cell membrane format,CC(C)(C)CC(C)(C)c1ccc(OCCOCC[N+](C)(C)Cc2ccccc2)cc1.[Cl-],,,CHEMBL1909046,,,,CHEMBL221753,BENZETHONIUM CHLORIDE,CHEMBL1182210,,0,,1539535,,15,0,,,IC50,,,,CHEMBL287,Homo sapiens,Sigma opioid receptor,9606,,,IC50,,,,
,,7602298,[],CHEMBL1909110,DRUGMATRIX: Sigma1 radioligand binding (ligand: [3H] Haloperidol),B,,,BAO_0000190,BAO_0000249,cell membrane format,COc1ccc2cc3[n+](cc2c1OC)CCc1cc2c(cc1-3)OCO2.[Cl-],,,CHEMBL1909046,,,"{'bei': '17.51', 'le': '0.32', 'lle': '2.79', 'sei': '14.44'}",CHEMBL12089,BERBERINE CHLORIDE,CHEMBL295124,5.89,0,http://www.openphacts.org/units/Nanomolar,1539543,=,15,1,=,,IC50,nM,,1289.0,CHEMBL287,Homo sapiens,Sigma opioid receptor,9606,,,IC50,uM,UO_0000065,,1.289
,Not Active (inhibition < 50% @ 10 uM and thus dose-reponse curve not measured),7602412,[],CHEMBL1909110,DRUGMATRIX: Sigma1 radioligand binding (ligand: [3H] Haloperidol),B,,,BAO_0000190,BAO_0000249,cell membrane format,O=C(O)CCNC(=O)c1ccccc1,,,CHEMBL1909046,,,,CHEMBL1231530,BETAMIPRON,CHEMBL1231530,,0,,1539551,,15,0,,,IC50,,,,CHEMBL287,Homo sapiens,Sigma opioid receptor,9606,,,IC50,,,,
,Not Active (inhibition < 50% @ 10 uM and thus dose-reponse curve not measured),7602964,[],CHEMBL1909110,DRUGMATRIX: Sigma1 radioligand binding (ligand: [3H] Haloperidol),B,,,BAO_0000190,BAO_0000249,cell membrane format,C[N+](C)(C)CCOC(N)=O.[Cl-],,,CHEMBL1909046,,,,CHEMBL14,CARBACHOL,CHEMBL965,,0,,1539583,,15,0,,,IC50,,,,CHEMBL287,Homo sapiens,Sigma opioid receptor,9606,,,IC50,,,,
,Not Active (inhibition < 50% @ 10 uM and thus dose-reponse curve not measured),7604089,[],CHEMBL1909110,DRUGMATRIX: Sigma1 radioligand binding (ligand: [3H] Haloperidol),B,,,BAO_0000190,BAO_0000249,cell membrane format,Nc1c(CC(=O)O)cccc1C(=O)c1ccc(Br)cc1,,,CHEMBL1909046,,,,CHEMBL1077,BROMFENAC,CHEMBL1077,,0,,1539560,,15,0,,,IC50,,,,CHEMBL287,Homo sapiens,Sigma opioid receptor,9606,,,IC50,,,,
,Not Active (inhibition < 50% @ 10 uM and thus dose-reponse curve not measured),7604196,[],CHEMBL1909110,DRUGMATRIX: Sigma1 radioligand binding (ligand: [3H] Haloperidol),B,,,BAO_0000190,BAO_0000249,cell membrane format,CC(NC(C)(C)C)C(=O)c1cccc(Cl)c1,,,CHEMBL1909046,,,,CHEMBL894,BUPROPION,CHEMBL894,,0,,1539568,,15,0,,,IC50,,,,CHEMBL287,Homo sapiens,Sigma opioid receptor,9606,,,IC50,,,,
,Not Active (inhibition < 50% @ 10 uM and thus dose-reponse curve not measured),7604290,[],CHEMBL1909110,DRUGMATRIX: Sigma1 radioligand binding (ligand: [3H] Haloperidol),B,,,BAO_0000190,BAO_0000249,cell membrane format,O=C(/C=C/c1ccc(O)c(O)c1)OCCc1ccccc1,,,CHEMBL1909046,,,,CHEMBL319244,CAFFEIC ACID PHENETHYL ESTER,CHEMBL319244,,0,,1539576,,15,0,,,IC50,,,,CHEMBL287,Homo sapiens,Sigma opioid receptor,9606,,,IC50,,,,
,Not Active (inhibition < 50% @ 10 uM and thus dose-reponse curve not measured),7604565,[],CHEMBL1909110,DRUGMATRIX: Sigma1 radioligand binding (ligand: [3H] Haloperidol),B,,,BAO_0000190,BAO_0000249,cell membrane format,Cc1cc(=O)n(-c2ccccc2)n1C,,,CHEMBL1909046,,,,CHEMBL277474,ANTIPYRINE,CHEMBL277474,,0,,1539504,,15,0,,,IC50,,,,CHEMBL287,Homo sapiens,Sigma opioid receptor,9606,,,IC50,,,,
,Not Active (inhibition < 50% @ 10 uM and thus dose-reponse curve not measured),7604761,[],CHEMBL1909110,DRUGMATRIX: Sigma1 radioligand binding (ligand: [3H] Haloperidol),B,,,BAO_0000190,BAO_0000249,cell membrane format,CC(C)NCC(O)COc1ccc(CC(N)=O)cc1,,,CHEMBL1909046,,,,CHEMBL24,ATENOLOL,CHEMBL24,,0,,1539512,,15,0,,,IC50,,,,CHEMBL287,Homo sapiens,Sigma opioid receptor,9606,,,IC50,,,,
,Not Active (inhibition < 50% @ 10 uM and thus dose-reponse curve not measured),7604886,[],CHEMBL1909110,DRUGMATRIX: Sigma1 radioligand binding (ligand: [3H] Haloperidol),B,,,BAO_0000190,BAO_0000249,cell membrane format,CN1C(=O)COc2c(C(=O)NC3CN4CCC3CC4)cc(Cl)cc21,,,CHEMBL1909046,,,,CHEMBL1598608,AZASETRON,CHEMBL1598608,,0,,1539520,,15,0,,,IC50,,,,CHEMBL287,Homo sapiens,Sigma opioid receptor,9606,,,IC50,,,,
,Not Active (inhibition < 50% @ 10 uM and thus dose-reponse curve not measured),7605030,[],CHEMBL1909110,DRUGMATRIX: Sigma1 radioligand binding (ligand: [3H] Haloperidol),B,,,BAO_0000190,BAO_0000249,cell membrane format,O=C(O)CCNC(=O)c1ccc(/N=N/c2ccc(O)c(C(=O)O)c2)cc1,,,CHEMBL1909046,,,,CHEMBL1201346,BALSALAZIDE,CHEMBL1201346,,0,,1539528,,15,0,,,IC50,,,,CHEMBL287,Homo sapiens,Sigma opioid receptor,9606,,,IC50,,,,
,Not Active (inhibition < 50% @ 10 uM and thus dose-reponse curve not measured),7605131,[],CHEMBL1909110,DRUGMATRIX: Sigma1 radioligand binding (ligand: [3H] Haloperidol),B,,,BAO_0000190,BAO_0000249,cell membrane format,c1ccc2c(c1)cc1ccc3cccc4ccc2c1c34,,,CHEMBL1909046,,,,CHEMBL31184,BENZO[DEF]CHRYSENE,CHEMBL31184,,0,,1539536,,15,0,,,IC50,,,,CHEMBL287,Homo sapiens,Sigma opioid receptor,9606,,,IC50,,,,
,Not Active (inhibition < 50% @ 10 uM and thus dose-reponse curve not measured),7605212,[],CHEMBL1909110,DRUGMATRIX: Sigma1 radioligand binding (ligand: [3H] Haloperidol),B,,,BAO_0000190,BAO_0000249,cell membrane format,OC[C@H]1O[C@@H]2O[C@H]3[C@H](O)[C@@H](O)[C@@H](O[C@H]4[C@H](O)[C@@H](O)[C@@H](O[C@H]5[C@H](O)[C@@H](O)[C@@H](O[C@H]6[C@H](O)[C@@H](O)[C@@H](O[C@H]7[C@H](O)[C@@H](O)[C@@H](O[C@H]8[C@H](O)[C@@H](O)[C@@H](O[C@H]1[C@H](O)[C@H]2O)O[C@@H]8CO)O[C@@H]7CO)O[C@@H]6CO)O[C@@H]5CO)O[C@@H]4CO)O[C@@H]3CO,,,CHEMBL1909046,,,,CHEMBL415690,BETADEX,CHEMBL415690,,0,,1539544,,15,0,,,IC50,,,,CHEMBL287,Homo sapiens,Sigma opioid receptor,9606,,,IC50,,,,
,Not Active (inhibition < 50% @ 10 uM and thus dose-reponse curve not measured),7605326,[],CHEMBL1909110,DRUGMATRIX: Sigma1 radioligand binding (ligand: [3H] Haloperidol),B,,,BAO_0000190,BAO_0000249,cell membrane format,CC(C)(Oc1ccc(CCNC(=O)c2ccc(Cl)cc2)cc1)C(=O)O,,,CHEMBL1909046,,,,CHEMBL264374,BEZAFIBRATE,CHEMBL264374,,0,,1539552,,15,0,,,IC50,,,,CHEMBL287,Homo sapiens,Sigma opioid receptor,9606,,,IC50,,,,
,Not Active (inhibition < 50% @ 10 uM and thus dose-reponse curve not measured),7605872,[],CHEMBL1909110,DRUGMATRIX: Sigma1 radioligand binding (ligand: [3H] Haloperidol),B,,,BAO_0000190,BAO_0000249,cell membrane format,NC(=O)N1c2ccccc2C=Cc2ccccc21,,,CHEMBL1909046,,,,CHEMBL108,CARBAMAZEPINE,CHEMBL108,,0,,1539584,,15,0,,,IC50,,,,CHEMBL287,Homo sapiens,Sigma opioid receptor,9606,,,IC50,,,,
,,7607000,[],CHEMBL1909110,DRUGMATRIX: Sigma1 radioligand binding (ligand: [3H] Haloperidol),B,,,BAO_0000190,BAO_0000249,cell membrane format,CN(Cc1cc(Br)cc(Br)c1N)C1CCCCC1,,,CHEMBL1909046,,,"{'bei': '19.18', 'le': '0.55', 'lle': '2.65', 'sei': '24.66'}",CHEMBL253376,BROMHEXINE,CHEMBL253376,7.21,0,http://www.openphacts.org/units/Nanomolar,1539561,=,15,1,=,,IC50,nM,,61.0,CHEMBL287,Homo sapiens,Sigma opioid receptor,9606,,,IC50,uM,UO_0000065,,0.061
,,7607105,[],CHEMBL1909110,DRUGMATRIX: Sigma1 radioligand binding (ligand: [3H] Haloperidol),B,,,BAO_0000190,BAO_0000249,cell membrane format,O=C1CC2(CCCC2)CC(=O)N1CCCCN1CCN(c2ncccn2)CC1,,,CHEMBL1909046,,,"{'bei': '16.34', 'le': '0.31', 'lle': '4.21', 'sei': '9.04'}",CHEMBL49,BUSPIRONE,CHEMBL49,6.30,0,http://www.openphacts.org/units/Nanomolar,1539569,=,15,1,=,,IC50,nM,,504.0,CHEMBL287,Homo sapiens,Sigma opioid receptor,9606,,,IC50,uM,UO_0000065,,0.504
,Not Active (inhibition < 50% @ 10 uM and thus dose-reponse curve not measured),7607206,[],CHEMBL1909110,DRUGMATRIX: Sigma1 radioligand binding (ligand: [3H] Haloperidol),B,,,BAO_0000190,BAO_0000249,cell membrane format,Cn1c(=O)c2c(ncn2C)n(C)c1=O,,,CHEMBL1909046,,,,CHEMBL113,CAFFEINE,CHEMBL113,,0,,1539577,,15,0,,,IC50,,,,CHEMBL287,Homo sapiens,Sigma opioid receptor,9606,,,IC50,,,,
,Not Active (inhibition < 50% @ 10 uM and thus dose-reponse curve not measured),7607479,[],CHEMBL1909110,DRUGMATRIX: Sigma1 radioligand binding (ligand: [3H] Haloperidol),B,,,BAO_0000190,BAO_0000249,cell membrane format,N=C(N)NCCCCNC(=N)N.O=S(=O)(O)O,,,CHEMBL1909046,,,,CHEMBL1256017,ARCAINE SULFATE,CHEMBL102740,,0,,1539505,,15,0,,,IC50,,,,CHEMBL287,Homo sapiens,Sigma opioid receptor,9606,,,IC50,,,,
,Not Active (inhibition < 50% @ 10 uM and thus dose-reponse curve not measured),7607673,[],CHEMBL1909110,DRUGMATRIX: Sigma1 radioligand binding (ligand: [3H] Haloperidol),B,,,BAO_0000190,BAO_0000249,cell membrane format,CC(C)c1c(C(=O)Nc2ccccc2)c(-c2ccccc2)c(-c2ccc(F)cc2)n1CC[C@@H](O)C[C@@H](O)CC(=O)O,,,CHEMBL1909046,,,,CHEMBL1487,ATORVASTATIN,CHEMBL1487,,0,,1539513,,15,0,,,IC50,,,,CHEMBL287,Homo sapiens,Sigma opioid receptor,9606,,,IC50,,,,
,Not Active (inhibition < 50% @ 10 uM and thus dose-reponse curve not measured),7607801,[],CHEMBL1909110,DRUGMATRIX: Sigma1 radioligand binding (ligand: [3H] Haloperidol),B,,,BAO_0000190,BAO_0000249,cell membrane format,Cn1cnc([N+](=O)[O-])c1Sc1ncnc2[nH]cnc12,,,CHEMBL1909046,,,,CHEMBL1542,AZATHIOPRINE,CHEMBL1542,,0,,1539521,,15,0,,,IC50,,,,CHEMBL287,Homo sapiens,Sigma opioid receptor,9606,,,IC50,,,,
,Not Active (inhibition < 50% @ 10 uM and thus dose-reponse curve not measured),7607944,[],CHEMBL1909110,DRUGMATRIX: Sigma1 radioligand binding (ligand: [3H] Haloperidol),B,,,BAO_0000190,BAO_0000249,cell membrane format,CN(C)C(=O)Oc1cc(OC(=O)N(C)C)cc(C(O)CNC(C)(C)C)c1,,,CHEMBL1909046,,,,CHEMBL521589,BAMBUTEROL,CHEMBL521589,,0,,1539529,,15,0,,,IC50,,,,CHEMBL287,Homo sapiens,Sigma opioid receptor,9606,,,IC50,,,,
,Not Active (inhibition < 50% @ 10 uM and thus dose-reponse curve not measured),7608043,[],CHEMBL1909110,DRUGMATRIX: Sigma1 radioligand binding (ligand: [3H] Haloperidol),B,,,BAO_0000190,BAO_0000249,cell membrane format,c1ccc2c(c1)c1cccc3ccc4cccc2c4c31,,,CHEMBL1909046,,,,CHEMBL1371125,BENZO[E]PYRENE,CHEMBL1371125,,0,,1539537,,15,0,,,IC50,,,,CHEMBL287,Homo sapiens,Sigma opioid receptor,9606,,,IC50,,,,
,Not Active (inhibition < 50% @ 10 uM and thus dose-reponse curve not measured),7608119,[],CHEMBL1909110,DRUGMATRIX: Sigma1 radioligand binding (ligand: [3H] Haloperidol),B,,,BAO_0000190,BAO_0000249,cell membrane format,C[C@]12CC[C@@H]3c4ccc(O)cc4CC[C@H]3[C@@H]1CC[C@@H]2O,,,CHEMBL1909046,,,,CHEMBL135,ESTRADIOL,CHEMBL135,,0,,1539545,,15,0,,,IC50,,,,CHEMBL287,Homo sapiens,Sigma opioid receptor,9606,,,IC50,,,,
,Not Active (inhibition < 50% @ 10 uM and thus dose-reponse curve not measured),7608246,[],CHEMBL1909110,DRUGMATRIX: Sigma1 radioligand binding (ligand: [3H] Haloperidol),B,,,BAO_0000190,BAO_0000249,cell membrane format,CCCC[C@@H](CC)COC(=O)c1ccccc1C(=O)OC[C@@H](CC)CCCC,,,CHEMBL1909046,,,,CHEMBL402794,BIS(2-ETHYLHEXYL)PHTHALATE,CHEMBL402794,,0,,1539553,,15,0,,,IC50,,,,CHEMBL287,Homo sapiens,Sigma opioid receptor,9606,,,IC50,,,,
,Not Active (inhibition < 50% @ 10 uM and thus dose-reponse curve not measured),7609783,[],CHEMBL1909110,DRUGMATRIX: Sigma1 radioligand binding (ligand: [3H] Haloperidol),B,,,BAO_0000190,BAO_0000249,cell membrane format,CC(C)C(Br)C(=O)NC(N)=O,,,CHEMBL1909046,,,,CHEMBL1515611,BROMISOVALUM,CHEMBL1515611,,0,,1539562,,15,0,,,IC50,,,,CHEMBL287,Homo sapiens,Sigma opioid receptor,9606,,,IC50,,,,
,Not Active (inhibition < 50% @ 10 uM and thus dose-reponse curve not measured),7609882,[],CHEMBL1909110,DRUGMATRIX: Sigma1 radioligand binding (ligand: [3H] Haloperidol),B,,,BAO_0000190,BAO_0000249,cell membrane format,CS(=O)(=O)OCCCCOS(C)(=O)=O,,,CHEMBL1909046,,,,CHEMBL820,BUSULFAN,CHEMBL820,,0,,1539570,,15,0,,,IC50,,,,CHEMBL287,Homo sapiens,Sigma opioid receptor,9606,,,IC50,,,,
,Not Active (inhibition < 50% @ 10 uM and thus dose-reponse curve not measured),7609984,[],CHEMBL1909110,DRUGMATRIX: Sigma1 radioligand binding (ligand: [3H] Haloperidol),B,,,BAO_0000190,BAO_0000249,cell membrane format,CC[C@@]1(O)C(=O)OCc2c1cc1n(c2=O)Cc2cc3ccccc3nc2-1,,,CHEMBL1909046,,,,CHEMBL65,CAMPTOTHECIN,CHEMBL65,,0,,1539578,,15,0,,,IC50,,,,CHEMBL287,Homo sapiens,Sigma opioid receptor,9606,,,IC50,,,,
,Not Active (inhibition < 50% @ 10 uM and thus dose-reponse curve not measured),7610132,[],CHEMBL1909110,DRUGMATRIX: Sigma1 radioligand binding (ligand: [3H] Haloperidol),B,,,BAO_0000190,BAO_0000249,cell membrane format,CO[C@H]1O[C@@H]2O[C@@]3(C)CC[C@H]4[C@H](C)CC[C@@H]([C@H]1C)[C@@]24OO3,,,CHEMBL1909046,,,,CHEMBL566534,ARTEMETHER,CHEMBL566534,,0,,1539506,,15,0,,,IC50,,,,CHEMBL287,Homo sapiens,Sigma opioid receptor,9606,,,IC50,,,,
,Not Active (inhibition < 50% @ 10 uM and thus dose-reponse curve not measured),7610328,[],CHEMBL1909110,DRUGMATRIX: Sigma1 radioligand binding (ligand: [3H] Haloperidol),B,,,BAO_0000190,BAO_0000249,cell membrane format,C=C1[C@@H]2CCC3[C@@](CC[C@@H]4[C@H](C(=O)O)C[C@@H](O[C@@H]5O[C@H](CO)[C@@H](OS(=O)(=O)[O-])[C@H](OS(=O)(=O)[O-])[C@H]5OC(=O)CC(C)C)C[C@@]34C)(C2)[C@@H]1O.[K+].[K+],,,CHEMBL1909046,,,,CHEMBL499815,ATRACTYLOSIDE,CHEMBL2219524,,0,,1539514,,15,0,,,IC50,,,,CHEMBL287,Homo sapiens,Sigma opioid receptor,9606,,,IC50,,,,
,Not Active (inhibition < 50% @ 10 uM and thus dose-reponse curve not measured),7610456,[],CHEMBL1909110,DRUGMATRIX: Sigma1 radioligand binding (ligand: [3H] Haloperidol),B,,,BAO_0000190,BAO_0000249,cell membrane format,O=c1cnn([C@@H]2O[C@H](CO)[C@@H](O)[C@H]2O)c(=O)[nH]1,,,CHEMBL1909046,,,,CHEMBL564201,6-AZAURIDINE,CHEMBL564201,,0,,1539522,,15,0,,,IC50,,,,CHEMBL287,Homo sapiens,Sigma opioid receptor,9606,,,IC50,,,,
,Not Active (inhibition < 50% @ 10 uM and thus dose-reponse curve not measured),7610595,[],CHEMBL1909110,DRUGMATRIX: Sigma1 radioligand binding (ligand: [3H] Haloperidol),B,,,BAO_0000190,BAO_0000249,cell membrane format,CC(C)(C)c1ccc(S(=O)(=O)/C=C/C#N)cc1,,,CHEMBL1909046,,,,CHEMBL270299,BAY-11-7085,CHEMBL270299,,0,,1539530,,15,0,,,IC50,,,,CHEMBL287,Homo sapiens,Sigma opioid receptor,9606,,,IC50,,,,
,Not Active (inhibition < 50% @ 10 uM and thus dose-reponse curve not measured),7610698,[],CHEMBL1909110,DRUGMATRIX: Sigma1 radioligand binding (ligand: [3H] Haloperidol),B,,,BAO_0000190,BAO_0000249,cell membrane format,CCOC(=O)c1ccc(N)cc1,,,CHEMBL1909046,,,,CHEMBL278172,BENZOCAINE,CHEMBL278172,,0,,1539538,,15,0,,,IC50,,,,CHEMBL287,Homo sapiens,Sigma opioid receptor,9606,,,IC50,,,,
,Not Active (inhibition < 50% @ 10 uM and thus dose-reponse curve not measured),7610761,[],CHEMBL1909110,DRUGMATRIX: Sigma1 radioligand binding (ligand: [3H] Haloperidol),B,,,BAO_0000190,BAO_0000249,cell membrane format,C[C@]12CC[C@@H]3c4ccc(OC(=O)c5ccccc5)cc4CC[C@H]3[C@@H]1CC[C@@H]2O,,,CHEMBL1909046,,,,CHEMBL282575,ESTRADIOL BENZOATE,CHEMBL282575,,0,,1539546,,15,0,,,IC50,,,,CHEMBL287,Homo sapiens,Sigma opioid receptor,9606,,,IC50,,,,
,Not Active (inhibition < 50% @ 10 uM and thus dose-reponse curve not measured),7610893,[],CHEMBL1909110,DRUGMATRIX: Sigma1 radioligand binding (ligand: [3H] Haloperidol),B,,,BAO_0000190,BAO_0000249,cell membrane format,CC(=O)Oc1ccc(C(c2ccc(OC(C)=O)cc2)c2ccccn2)cc1,,,CHEMBL1909046,,,,CHEMBL942,BISACODYL,CHEMBL942,,0,,1539554,,15,0,,,IC50,,,,CHEMBL287,Homo sapiens,Sigma opioid receptor,9606,,,IC50,,,,
,Not Active (inhibition < 50% @ 10 uM and thus dose-reponse curve not measured),7612351,[],CHEMBL1909110,DRUGMATRIX: Sigma1 radioligand binding (ligand: [3H] Haloperidol),B,,,BAO_0000190,BAO_0000249,cell membrane format,CC(C)(c1ccc(O)cc1)c1ccc(O)cc1,,,CHEMBL1909046,,,,CHEMBL418971,BISPHENOL A,CHEMBL418971,,0,,1539555,,15,0,,,IC50,,,,CHEMBL287,Homo sapiens,Sigma opioid receptor,9606,,,IC50,,,,
,Not Active (inhibition < 50% @ 10 uM and thus dose-reponse curve not measured),7612442,[],CHEMBL1909110,DRUGMATRIX: Sigma1 radioligand binding (ligand: [3H] Haloperidol),B,,,BAO_0000190,BAO_0000249,cell membrane format,Brc1ccccc1,,,CHEMBL1909046,,,,CHEMBL16068,BROMOBENZENE,CHEMBL16068,,0,,1539563,,15,0,,,IC50,,,,CHEMBL287,Homo sapiens,Sigma opioid receptor,9606,,,IC50,,,,
,Not Active (inhibition < 50% @ 10 uM and thus dose-reponse curve not measured),7612549,[],CHEMBL1909110,DRUGMATRIX: Sigma1 radioligand binding (ligand: [3H] Haloperidol),B,,,BAO_0000190,BAO_0000249,cell membrane format,CCCCOC(=O)c1ccc(N)cc1,,,CHEMBL1909046,,,,CHEMBL127516,BUTAMBEN,CHEMBL127516,,0,,1539571,,15,0,,,IC50,,,,CHEMBL287,Homo sapiens,Sigma opioid receptor,9606,,,IC50,,,,
,Not Active (inhibition < 50% @ 10 uM and thus dose-reponse curve not measured),7612643,[],CHEMBL1909110,DRUGMATRIX: Sigma1 radioligand binding (ligand: [3H] Haloperidol),B,,,BAO_0000190,BAO_0000249,cell membrane format,CCOc1nc2cccc(C(=O)O)c2n1Cc1ccc(-c2ccccc2-c2nnn[nH]2)cc1,,,CHEMBL1909046,,,,CHEMBL1016,CANDESARTAN,CHEMBL1016,,0,,1539579,,15,0,,,IC50,,,,CHEMBL287,Homo sapiens,Sigma opioid receptor,9606,,,IC50,,,,
,Not Active (inhibition < 50% @ 10 uM and thus dose-reponse curve not measured),7612795,[],CHEMBL1909110,DRUGMATRIX: Sigma1 radioligand binding (ligand: [3H] Haloperidol),B,,,BAO_0000190,BAO_0000249,cell membrane format,C[C@]12CC[C@@H](O)C[C@@H]1CC[C@@H]1[C@@H]2CC[C@]2(C)C(=O)CC[C@@H]12,,,CHEMBL1909046,,,,CHEMBL87285,ANDROSTERONE,CHEMBL87285,,0,,1539499,,15,0,,,IC50,,,,CHEMBL287,Homo sapiens,Sigma opioid receptor,9606,,,IC50,,,,
,Not Active (inhibition < 50% @ 10 uM and thus dose-reponse curve not measured),7612924,[],CHEMBL1909110,DRUGMATRIX: Sigma1 radioligand binding (ligand: [3H] Haloperidol),B,,,BAO_0000190,BAO_0000249,cell membrane format,C[C@@H]1CC[C@H]2[C@@H](C)C(=O)O[C@@H]3O[C@@]4(C)CC[C@@H]1[C@]32OO4,,,CHEMBL1909046,,,,CHEMBL269671,,CHEMBL269671,,0,,1539507,,15,0,,,IC50,,,,CHEMBL287,Homo sapiens,Sigma opioid receptor,9606,,,IC50,,,,
,Not Active (inhibition < 50% @ 10 uM and thus dose-reponse curve not measured),7613120,[],CHEMBL1909110,DRUGMATRIX: Sigma1 radioligand binding (ligand: [3H] Haloperidol),B,,,BAO_0000190,BAO_0000249,cell membrane format,CN1[C@@H]2CC[C@H]1C[C@@H](OC(=O)C(CO)c1ccccc1)C2,,,CHEMBL1909046,,,,CHEMBL517712,ATROPINE,CHEMBL517712,,0,,1539515,,15,0,,,IC50,,,,CHEMBL287,Homo sapiens,Sigma opioid receptor,9606,,,IC50,,,,
,Not Active (inhibition < 50% @ 10 uM and thus dose-reponse curve not measured),7613261,[],CHEMBL1909110,DRUGMATRIX: Sigma1 radioligand binding (ligand: [3H] Haloperidol),B,,,BAO_0000190,BAO_0000249,cell membrane format,CC[C@H]1OC(=O)[C@H](C)[C@@H](O[C@H]2C[C@@](C)(OC)[C@@H](O)[C@H](C)O2)[C@H](C)[C@@H](O[C@@H]2O[C@H](C)C[C@H](N(C)C)[C@H]2O)[C@](C)(O)C[C@@H](C)CN(C)[C@H](C)[C@@H](O)[C@]1(C)O,,,CHEMBL1909046,,,,CHEMBL529,AZITHROMYCIN,CHEMBL529,,0,,1539523,,15,0,,,IC50,,,,CHEMBL287,Homo sapiens,Sigma opioid receptor,9606,,,IC50,,,,
,Not Active (inhibition < 50% @ 10 uM and thus dose-reponse curve not measured),7613398,[],CHEMBL1909110,DRUGMATRIX: Sigma1 radioligand binding (ligand: [3H] Haloperidol),B,,,BAO_0000190,BAO_0000249,cell membrane format,C[C@H]1C[C@H]2[C@@H]3CCC4=CC(=O)C=C[C@]4(C)[C@@]3(Cl)[C@@H](O)C[C@]2(C)[C@@]1(O)C(=O)CO,,,CHEMBL1909046,,,,CHEMBL1586,BECLOMETHASONE,CHEMBL1586,,0,,1539531,,15,0,,,IC50,,,,CHEMBL287,Homo sapiens,Sigma opioid receptor,9606,,,IC50,,,,
,Not Active (inhibition < 50% @ 10 uM and thus dose-reponse curve not measured),7613503,[],CHEMBL1909110,DRUGMATRIX: Sigma1 radioligand binding (ligand: [3H] Haloperidol),B,,,BAO_0000190,BAO_0000249,cell membrane format,O=C(O)c1ccccc1,,,CHEMBL1909046,,,,CHEMBL541,BENZOIC ACID,CHEMBL541,,0,,1539539,,15,0,,,IC50,,,,CHEMBL287,Homo sapiens,Sigma opioid receptor,9606,,,IC50,,,,
,Not Active (inhibition < 50% @ 10 uM and thus dose-reponse curve not measured),7613565,[],CHEMBL1909110,DRUGMATRIX: Sigma1 radioligand binding (ligand: [3H] Haloperidol),B,,,BAO_0000190,BAO_0000249,cell membrane format,O=c1cc(-c2ccccc2)oc2ccc3ccccc3c12,,,CHEMBL1909046,,,,CHEMBL26260,BETA-NAPHTHOFLAVONE,CHEMBL26260,,0,,1539547,,15,0,,,IC50,,,,CHEMBL287,Homo sapiens,Sigma opioid receptor,9606,,,IC50,,,,
,Not Active (inhibition < 50% @ 10 uM and thus dose-reponse curve not measured),7615291,[],CHEMBL1909110,DRUGMATRIX: Sigma1 radioligand binding (ligand: [3H] Haloperidol),B,,,BAO_0000190,BAO_0000249,cell membrane format,Oc1c(Cl)cc(Cl)cc1Sc1cc(Cl)cc(Cl)c1O,,,CHEMBL1909046,,,,CHEMBL290106,BITHIONOL,CHEMBL290106,,0,,1539556,,15,0,,,IC50,,,,CHEMBL287,Homo sapiens,Sigma opioid receptor,9606,,,IC50,,,,
,Not Active (inhibition < 50% @ 10 uM and thus dose-reponse curve not measured),7615393,[],CHEMBL1909110,DRUGMATRIX: Sigma1 radioligand binding (ligand: [3H] Haloperidol),B,,,BAO_0000190,BAO_0000249,cell membrane format,CC(C)C[C@H]1C(=O)N2CCC[C@H]2[C@]2(O)O[C@](NC(=O)[C@@H]3C=C4c5cccc6[nH]c(Br)c(c56)C[C@H]4N(C)C3)(C(C)C)C(=O)N12,,,CHEMBL1909046,,,,CHEMBL493,BROMOCRIPTINE,CHEMBL493,,0,,1539564,,15,0,,,IC50,,,,CHEMBL287,Homo sapiens,Sigma opioid receptor,9606,,,IC50,,,,
,,7615512,[],CHEMBL1909110,DRUGMATRIX: Sigma1 radioligand binding (ligand: [3H] Haloperidol),B,,,BAO_0000190,BAO_0000249,cell membrane format,CN(Cc1ccc(C(C)(C)C)cc1)Cc1cccc2ccccc12,,,CHEMBL1909046,,,"{'bei': '17.02', 'le': '0.31', 'lle': '-0.37', 'sei': '166.76'}",CHEMBL990,BUTENAFINE,CHEMBL990,5.40,0,http://www.openphacts.org/units/Nanomolar,1539572,=,15,1,=,,IC50,nM,,3953.3,CHEMBL287,Homo sapiens,Sigma opioid receptor,9606,,,IC50,uM,UO_0000065,,3.9533
,Not Active (inhibition < 50% @ 10 uM and thus dose-reponse curve not measured),7615615,[],CHEMBL1909110,DRUGMATRIX: Sigma1 radioligand binding (ligand: [3H] Haloperidol),B,,,BAO_0000190,BAO_0000249,cell membrane format,C[C@@]12C(=O)OC(=O)[C@]1(C)[C@H]1CC[C@@H]2O1,,,CHEMBL1909046,,,,CHEMBL48449,CANTHARIDIN,CHEMBL48449,,0,,1539580,,15,0,,,IC50,,,,CHEMBL287,Homo sapiens,Sigma opioid receptor,9606,,,IC50,,,,
,Not Active (inhibition < 50% @ 10 uM and thus dose-reponse curve not measured),7615767,[],CHEMBL1909110,DRUGMATRIX: Sigma1 radioligand binding (ligand: [3H] Haloperidol),B,,,BAO_0000190,BAO_0000249,cell membrane format,COc1ccc(C(=O)N2CCCC2=O)cc1,,,CHEMBL1909046,,,,CHEMBL36994,ANIRACETAM,CHEMBL36994,,0,,1539500,,15,0,,,IC50,,,,CHEMBL287,Homo sapiens,Sigma opioid receptor,9606,,,IC50,,,,
,Not Active (inhibition < 50% @ 10 uM and thus dose-reponse curve not measured),7615896,[],CHEMBL1909110,DRUGMATRIX: Sigma1 radioligand binding (ligand: [3H] Haloperidol),B,,,BAO_0000190,BAO_0000249,cell membrane format,O=C1O[C@H]([C@@H](O)CO)C(O)=C1O,,,CHEMBL1909046,,,,CHEMBL196,ASCORBIC ACID,CHEMBL196,,0,,1539508,,15,0,,,IC50,,,,CHEMBL287,Homo sapiens,Sigma opioid receptor,9606,,,IC50,,,,
,Not Active (inhibition < 50% @ 10 uM and thus dose-reponse curve not measured),7616080,[],CHEMBL1909110,DRUGMATRIX: Sigma1 radioligand binding (ligand: [3H] Haloperidol),B,,,BAO_0000190,BAO_0000249,cell membrane format,,,,CHEMBL1909046,,,,CHEMBL1366,AURANOFIN,CHEMBL1366,,0,,1539516,,15,0,,,IC50,,,,CHEMBL287,Homo sapiens,Sigma opioid receptor,9606,,,IC50,,,,
,Not Active (inhibition < 50% @ 10 uM and thus dose-reponse curve not measured),7616226,[],CHEMBL1909110,DRUGMATRIX: Sigma1 radioligand binding (ligand: [3H] Haloperidol),B,,,BAO_0000190,BAO_0000249,cell membrane format,CC1(C)S[C@@H]2[C@H](NC(=O)[C@H](NC(=O)N3CCNC3=O)c3ccccc3)C(=O)N2[C@H]1C(=O)O,,,CHEMBL1909046,,,,CHEMBL1537,AZLOCILLIN,CHEMBL1537,,0,,1539524,,15,0,,,IC50,,,,CHEMBL287,Homo sapiens,Sigma opioid receptor,9606,,,IC50,,,,
,Not Active (inhibition < 50% @ 10 uM and thus dose-reponse curve not measured),7616363,[],CHEMBL1909110,DRUGMATRIX: Sigma1 radioligand binding (ligand: [3H] Haloperidol),B,,,BAO_0000190,BAO_0000249,cell membrane format,CCOC(=O)[C@H](CCc1ccccc1)N[C@H]1CCc2ccccc2N(CC(=O)O)C1=O,,,CHEMBL1909046,,,,CHEMBL838,BENAZEPRIL,CHEMBL838,,0,,1539532,,15,0,,,IC50,,,,CHEMBL287,Homo sapiens,Sigma opioid receptor,9606,,,IC50,,,,
,Not Active (inhibition < 50% @ 10 uM and thus dose-reponse curve not measured),7616451,[],CHEMBL1909110,DRUGMATRIX: Sigma1 radioligand binding (ligand: [3H] Haloperidol),B,,,BAO_0000190,BAO_0000249,cell membrane format,c1ccc2sc(SSc3nc4ccccc4s3)nc2c1,,,CHEMBL1909046,,,,CHEMBL508112,BENZOTHIAZYL DISULFIDE,CHEMBL508112,,0,,1539540,,15,0,,,IC50,,,,CHEMBL287,Homo sapiens,Sigma opioid receptor,9606,,,IC50,,,,
,Not Active (inhibition < 50% @ 10 uM and thus dose-reponse curve not measured),7616539,[],CHEMBL1909110,DRUGMATRIX: Sigma1 radioligand binding (ligand: [3H] Haloperidol),B,,,BAO_0000190,BAO_0000249,cell membrane format,CNCCc1ccccn1,,,CHEMBL1909046,,,,CHEMBL24441,BETAHISTINE,CHEMBL24441,,0,,1539548,,15,0,,,IC50,,,,CHEMBL287,Homo sapiens,Sigma opioid receptor,9606,,,IC50,,,,
,Not Active (inhibition < 50% @ 10 uM and thus dose-reponse curve not measured),7618235,[],CHEMBL1909110,DRUGMATRIX: Sigma1 radioligand binding (ligand: [3H] Haloperidol),B,,,BAO_0000190,BAO_0000249,cell membrane format,Cc1c(N)nc([C@H](CC(N)=O)NC[C@H](N)C(N)=O)nc1C(=O)N[C@H](C(=O)N[C@H](C)[C@@H](O)[C@H](C)C(=O)N[C@H](C(=O)NCCc1nc(-c2nc(C(=O)NCCC[S+](C)C)cs2)cs1)[C@@H](C)O)[C@@H](O[C@@H]1O[C@@H](CO)[C@@H](O)[C@H](O)[C@@H]1O[C@H]1O[C@H](CO)[C@@H](O)[C@H](OC(N)=O)[C@@H]1O)c1c[nH]cn1.[Br-],,,CHEMBL1909046,,,,CHEMBL4649901,,CHEMBL403664,,0,,1539557,,15,0,,,IC50,,,,CHEMBL287,Homo sapiens,Sigma opioid receptor,9606,,,IC50,,,,
,Not Active (inhibition < 50% @ 10 uM and thus dose-reponse curve not measured),7618327,[],CHEMBL1909110,DRUGMATRIX: Sigma1 radioligand binding (ligand: [3H] Haloperidol),B,,,BAO_0000190,BAO_0000249,cell membrane format,CCCC1O[C@@H]2C[C@H]3[C@@H]4CCC5=CC(=O)C=C[C@]5(C)[C@H]4[C@@H](O)C[C@]3(C)[C@]2(C(=O)CO)O1,,,CHEMBL1909046,,,,CHEMBL1370,BUDESONIDE,CHEMBL1370,,0,,1539565,,15,0,,,IC50,,,,CHEMBL287,Homo sapiens,Sigma opioid receptor,9606,,,IC50,,,,
,Not Active (inhibition < 50% @ 10 uM and thus dose-reponse curve not measured),7618439,[],CHEMBL1909110,DRUGMATRIX: Sigma1 radioligand binding (ligand: [3H] Haloperidol),B,,,BAO_0000190,BAO_0000249,cell membrane format,CC(N)Cc1c[nH]c2ccc(OCc3cccs3)cc12,,,CHEMBL1909046,,,,CHEMBL1255834,BW-723C86,CHEMBL1255834,,0,,1539573,,15,0,,,IC50,,,,CHEMBL287,Homo sapiens,Sigma opioid receptor,9606,,,IC50,,,,
,Not Active (inhibition < 50% @ 10 uM and thus dose-reponse curve not measured),7618553,[],CHEMBL1909110,DRUGMATRIX: Sigma1 radioligand binding (ligand: [3H] Haloperidol),B,,,BAO_0000190,BAO_0000249,cell membrane format,COc1cc(CNC(=O)CCCC/C=C/C(C)C)ccc1O,,,CHEMBL1909046,,,,CHEMBL294199,CAPSAICIN,CHEMBL294199,,0,,1539581,,15,0,,,IC50,,,,CHEMBL287,Homo sapiens,Sigma opioid receptor,9606,,,IC50,,,,
,Not Active (inhibition < 50% @ 10 uM and thus dose-reponse curve not measured),7618703,[],CHEMBL1909110,DRUGMATRIX: Sigma1 radioligand binding (ligand: [3H] Haloperidol),B,,,BAO_0000190,BAO_0000249,cell membrane format,COc1ccc(C2C(=O)c3ccccc3C2=O)cc1,,,CHEMBL1909046,,,,CHEMBL712,ANISINDIONE,CHEMBL712,,0,,1539501,,15,0,,,IC50,,,,CHEMBL287,Homo sapiens,Sigma opioid receptor,9606,,,IC50,,,,
,Not Active (inhibition < 50% @ 10 uM and thus dose-reponse curve not measured),7618831,[],CHEMBL1909110,DRUGMATRIX: Sigma1 radioligand binding (ligand: [3H] Haloperidol),B,,,BAO_0000190,BAO_0000249,cell membrane format,CC(=O)Oc1ccccc1C(=O)O,,,CHEMBL1909046,,,,CHEMBL25,ASPIRIN,CHEMBL25,,0,,1539509,,15,0,,,IC50,,,,CHEMBL287,Homo sapiens,Sigma opioid receptor,9606,,,IC50,,,,
,Not Active (inhibition < 50% @ 10 uM and thus dose-reponse curve not measured),7619040,[],CHEMBL1909110,DRUGMATRIX: Sigma1 radioligand binding (ligand: [3H] Haloperidol),B,,,BAO_0000190,BAO_0000249,cell membrane format,Nc1ncn([C@@H]2O[C@H](CO)[C@@H](O)[C@H]2O)c(=O)n1,,,CHEMBL1909046,,,,CHEMBL1489,AZACITIDINE,CHEMBL1489,,0,,1539517,,15,0,,,IC50,,,,CHEMBL287,Homo sapiens,Sigma opioid receptor,9606,,,IC50,,,,
,Not Active (inhibition < 50% @ 10 uM and thus dose-reponse curve not measured),7619186,[],CHEMBL1909110,DRUGMATRIX: Sigma1 radioligand binding (ligand: [3H] Haloperidol),B,,,BAO_0000190,BAO_0000249,cell membrane format,C[C@H]1[C@H](NC(=O)/C(=N\OC(C)(C)C(=O)O)c2csc(N)n2)C(=O)N1S(=O)(=O)O,,,CHEMBL1909046,,,,CHEMBL158,AZTREONAM,CHEMBL158,,0,,1539525,,15,0,,,IC50,,,,CHEMBL287,Homo sapiens,Sigma opioid receptor,9606,,,IC50,,,,
,Not Active (inhibition < 50% @ 10 uM and thus dose-reponse curve not measured),7619323,[],CHEMBL1909110,DRUGMATRIX: Sigma1 radioligand binding (ligand: [3H] Haloperidol),B,,,BAO_0000190,BAO_0000249,cell membrane format,CC(C(=O)O)c1ccc2oc(-c3ccc(Cl)cc3)nc2c1,,,CHEMBL1909046,,,,CHEMBL340978,BENOXAPROFEN,CHEMBL340978,,0,,1539533,,15,0,,,IC50,,,,CHEMBL287,Homo sapiens,Sigma opioid receptor,9606,,,IC50,,,,
,,7619384,[],CHEMBL1909110,DRUGMATRIX: Sigma1 radioligand binding (ligand: [3H] Haloperidol),B,,,BAO_0000190,BAO_0000249,cell membrane format,CN1[C@@H]2CC[C@H]1C[C@@H](OC(c1ccccc1)c1ccccc1)C2,,,CHEMBL1909046,,,"{'bei': '22.30', 'le': '0.41', 'lle': '2.44', 'sei': '54.99'}",CHEMBL1201203,BENZTROPINE,CHEMBL1201203,6.86,0,http://www.openphacts.org/units/Nanomolar,1539541,=,15,1,=,,IC50,nM,,139.0,CHEMBL287,Homo sapiens,Sigma opioid receptor,9606,,,IC50,uM,UO_0000065,,0.139
,Not Active (inhibition < 50% @ 10 uM and thus dose-reponse curve not measured),7619493,[],CHEMBL1909110,DRUGMATRIX: Sigma1 radioligand binding (ligand: [3H] Haloperidol),B,,,BAO_0000190,BAO_0000249,cell membrane format,C[C@H]1C[C@H]2[C@@H]3CCC4=CC(=O)C=C[C@]4(C)[C@@]3(F)[C@@H](O)C[C@]2(C)[C@@]1(O)C(=O)CO,,,CHEMBL1909046,,,,CHEMBL632,BETAMETHASONE,CHEMBL632,,0,,1539549,,15,0,,,IC50,,,,CHEMBL287,Homo sapiens,Sigma opioid receptor,9606,,,IC50,,,,
,,7620424,[],CHEMBL1909110,DRUGMATRIX: Sigma1 radioligand binding (ligand: [3H] Haloperidol),B,,,BAO_0000190,BAO_0000249,cell membrane format,COc1ccc(CCN2CCC(Nc3nc4ccccc4n3Cc3ccc(F)cc3)CC2)cc1,,,CHEMBL1909046,,,"{'bei': '12.32', 'le': '0.23', 'lle': '0.30', 'sei': '13.35'}",CHEMBL296419,ASTEMIZOLE,CHEMBL296419,5.65,0,http://www.openphacts.org/units/Nanomolar,1539510,=,15,1,=,,IC50,nM,,2246.0,CHEMBL287,Homo sapiens,Sigma opioid receptor,9606,,,IC50,uM,UO_0000065,,2.246
,Not Active (inhibition < 50% @ 10 uM and thus dose-reponse curve not measured),7621218,[],CHEMBL1909110,DRUGMATRIX: Sigma1 radioligand binding (ligand: [3H] Haloperidol),B,,,BAO_0000190,BAO_0000249,cell membrane format,Cc1cc2c(OCC(CNC(C)(C)C)OC(=O)c3ccccc3)cccc2[nH]1,,,CHEMBL1909046,,,,CHEMBL357995,BOPINDOLOL,CHEMBL357995,,0,,1539558,,15,0,,,IC50,,,,CHEMBL287,Homo sapiens,Sigma opioid receptor,9606,,,IC50,,,,
,,7621325,[],CHEMBL1909110,DRUGMATRIX: Sigma1 radioligand binding (ligand: [3H] Haloperidol),B,,,BAO_0000190,BAO_0000249,cell membrane format,COc1cc(OC)c(C(=O)CCCN2CCCC2)c(OC)c1,,,CHEMBL1909046,,,"{'bei': '18.42', 'le': '0.35', 'lle': '2.89', 'sei': '11.80'}",CHEMBL188921,BUFLOMEDIL,CHEMBL188921,5.66,0,http://www.openphacts.org/units/Nanomolar,1539566,=,15,1,=,,IC50,nM,,2170.5,CHEMBL287,Homo sapiens,Sigma opioid receptor,9606,,,IC50,uM,UO_0000065,,2.1705
,Not Active (inhibition < 50% @ 10 uM and thus dose-reponse curve not measured),7621428,[],CHEMBL1909110,DRUGMATRIX: Sigma1 radioligand binding (ligand: [3H] Haloperidol),B,,,BAO_0000190,BAO_0000249,cell membrane format,,,,CHEMBL1909046,,,,CHEMBL1476898,CADMIUM ACETATE,CHEMBL1476898,,0,,1539574,,15,0,,,IC50,,,,CHEMBL287,Homo sapiens,Sigma opioid receptor,9606,,,IC50,,,,
,Not Active (inhibition < 50% @ 10 uM and thus dose-reponse curve not measured),7621546,[],CHEMBL1909110,DRUGMATRIX: Sigma1 radioligand binding (ligand: [3H] Haloperidol),B,,,BAO_0000190,BAO_0000249,cell membrane format,C[C@H](CS)C(=O)N1CCC[C@H]1C(=O)O,,,CHEMBL1909046,,,,CHEMBL1560,CAPTOPRIL,CHEMBL1560,,0,,1539582,,15,0,,,IC50,,,,CHEMBL287,Homo sapiens,Sigma opioid receptor,9606,,,IC50,,,,
,Not Active (inhibition < 50% @ 10 uM and thus dose-reponse curve not measured),7621695,[],CHEMBL1909110,DRUGMATRIX: Sigma1 radioligand binding (ligand: [3H] Haloperidol),B,,,BAO_0000190,BAO_0000249,cell membrane format,COc1ccc(C[C@H]2NC[C@H](O)[C@H]2OC(C)=O)cc1,,,CHEMBL1909046,,,,CHEMBL423192,ANISOMYCIN,CHEMBL423192,,0,,1539502,,15,0,,,IC50,,,,CHEMBL287,Homo sapiens,Sigma opioid receptor,9606,,,IC50,,,,
,Not Active (inhibition < 50% @ 10 uM and thus dose-reponse curve not measured),7622036,[],CHEMBL1909110,DRUGMATRIX: Sigma1 radioligand binding (ligand: [3H] Haloperidol),B,,,BAO_0000190,BAO_0000249,cell membrane format,COc1ccc2cc(CC(=O)O)ccc2c1,,,CHEMBL1909046,,,,CHEMBL1105,6-METHOXY-2-NAPHTHYLACETIC ACID,CHEMBL1105,,0,,1539449,,15,0,,,IC50,,,,CHEMBL287,Homo sapiens,Sigma opioid receptor,9606,,,IC50,,,,
,Not Active (inhibition < 50% @ 10 uM and thus dose-reponse curve not measured),7622150,[],CHEMBL1909110,DRUGMATRIX: Sigma1 radioligand binding (ligand: [3H] Haloperidol),B,,,BAO_0000190,BAO_0000249,cell membrane format,CC(=O)Nc1nnc(S(N)(=O)=O)s1,,,CHEMBL1909046,,,,CHEMBL20,ACETAZOLAMIDE,CHEMBL20,,0,,1539457,,15,0,,,IC50,,,,CHEMBL287,Homo sapiens,Sigma opioid receptor,9606,,,IC50,,,,
,Not Active (inhibition < 50% @ 10 uM and thus dose-reponse curve not measured),7622270,[],CHEMBL1909110,DRUGMATRIX: Sigma1 radioligand binding (ligand: [3H] Haloperidol),B,,,BAO_0000190,BAO_0000249,cell membrane format,C=C1/C(=C\C=C2/CCC[C@]3(C)[C@@H]([C@H](C)CCCC(C)C)CC[C@@H]23)C[C@@H](O)C[C@@H]1O,,,CHEMBL1909046,,,,CHEMBL1601669,ALFACALCIDOL,CHEMBL1601669,,0,,1539465,,15,0,,,IC50,,,,CHEMBL287,Homo sapiens,Sigma opioid receptor,9606,,,IC50,,,,
,Not Active (inhibition < 50% @ 10 uM and thus dose-reponse curve not measured),7622359,[],CHEMBL1909110,DRUGMATRIX: Sigma1 radioligand binding (ligand: [3H] Haloperidol),B,,,BAO_0000190,BAO_0000249,cell membrane format,Cc1nnc2n1-c1ccc(Cl)cc1C(c1ccccc1)=NC2,,,CHEMBL1909046,,,,CHEMBL661,ALPRAZOLAM,CHEMBL661,,0,,1539473,,15,0,,,IC50,,,,CHEMBL287,Homo sapiens,Sigma opioid receptor,9606,,,IC50,,,,
,Not Active (inhibition < 50% @ 10 uM and thus dose-reponse curve not measured),7622484,[],CHEMBL1909110,DRUGMATRIX: Sigma1 radioligand binding (ligand: [3H] Haloperidol),B,,,BAO_0000190,BAO_0000249,cell membrane format,CCC1(c2ccc(N)cc2)CCC(=O)NC1=O,,,CHEMBL1909046,,,,CHEMBL488,AMINOGLUTETHIMIDE,CHEMBL488,,0,,1539481,,15,0,,,IC50,,,,CHEMBL287,Homo sapiens,Sigma opioid receptor,9606,,,IC50,,,,
,Not Active (inhibition < 50% @ 10 uM and thus dose-reponse curve not measured),7622670,[],CHEMBL1909110,DRUGMATRIX: Sigma1 radioligand binding (ligand: [3H] Haloperidol),B,,,BAO_0000190,BAO_0000249,cell membrane format,CCC1(CCC(C)C)C(=O)NC(=O)NC1=O,,,CHEMBL1909046,,,,CHEMBL267894,AMOBARBITAL,CHEMBL267894,,0,,1539489,,15,0,,,IC50,,,,CHEMBL287,Homo sapiens,Sigma opioid receptor,9606,,,IC50,,,,
,Not Active (inhibition < 50% @ 10 uM and thus dose-reponse curve not measured),7622769,[],CHEMBL1909110,DRUGMATRIX: Sigma1 radioligand binding (ligand: [3H] Haloperidol),B,,,BAO_0000190,BAO_0000249,cell membrane format,N#C[C@H](O[C@@H]1O[C@H](CO[C@@H]2O[C@H](CO)[C@@H](O)[C@H](O)[C@H]2O)[C@@H](O)[C@H](O)[C@H]1O)c1ccccc1,,,CHEMBL1909046,,,,CHEMBL461727,AMYGDALIN,CHEMBL461727,,0,,1539497,,15,0,,,IC50,,,,CHEMBL287,Homo sapiens,Sigma opioid receptor,9606,,,IC50,,,,
,Not Active (inhibition < 50% @ 10 uM and thus dose-reponse curve not measured),7622870,[],CHEMBL1909110,DRUGMATRIX: Sigma1 radioligand binding (ligand: [3H] Haloperidol),B,,,BAO_0000190,BAO_0000249,cell membrane format,O=C1CC[C@@H](N2C(=O)c3ccccc3C2=O)C(=O)N1,,,CHEMBL1909046,,,,CHEMBL558551,,CHEMBL558551,,0,,1539416,,15,0,,,IC50,,,,CHEMBL287,Homo sapiens,Sigma opioid receptor,9606,,,IC50,,,,
,Not Active (inhibition < 50% @ 10 uM and thus dose-reponse curve not measured),7623285,[],CHEMBL1909110,DRUGMATRIX: Sigma1 radioligand binding (ligand: [3H] Haloperidol),B,,,BAO_0000190,BAO_0000249,cell membrane format,Nc1ccc2c3c(cccc13)C(=O)NC2=O,,,CHEMBL1909046,,,,CHEMBL338790,,CHEMBL338790,,0,,1539441,,15,0,,,IC50,,,,CHEMBL287,Homo sapiens,Sigma opioid receptor,9606,,,IC50,,,,
,Not Active (inhibition < 50% @ 10 uM and thus dose-reponse curve not measured),7624566,[],CHEMBL1909110,DRUGMATRIX: Sigma1 radioligand binding (ligand: [3H] Haloperidol),B,,,BAO_0000190,BAO_0000249,cell membrane format,c1ccc(Cn2ccnc2)cc1,,,CHEMBL1909046,,,,CHEMBL14192,BENZYLIMIDAZOLE,CHEMBL14192,,0,,1539425,,15,0,,,IC50,,,,CHEMBL287,Homo sapiens,Sigma opioid receptor,9606,,,IC50,,,,
,Not Active (inhibition < 50% @ 10 uM and thus dose-reponse curve not measured),7624654,[],CHEMBL1909110,DRUGMATRIX: Sigma1 radioligand binding (ligand: [3H] Haloperidol),B,,,BAO_0000190,BAO_0000249,cell membrane format,Clc1cc2c(cc1Cl)Oc1cc(Cl)c(Cl)cc1O2,,,CHEMBL1909046,,,,CHEMBL30327,"2,3,7,8-TETRACHLORODIBENZO-P-DIOXIN",CHEMBL30327,,0,,1539433,,15,0,,,IC50,,,,CHEMBL287,Homo sapiens,Sigma opioid receptor,9606,,,IC50,,,,
,Not Active (inhibition < 50% @ 10 uM and thus dose-reponse curve not measured),7624982,[],CHEMBL1909110,DRUGMATRIX: Sigma1 radioligand binding (ligand: [3H] Haloperidol),B,,,BAO_0000190,BAO_0000249,cell membrane format,O=c1[nH]c2ccccc2c2ccccc12,,,CHEMBL1909046,,,,CHEMBL45245,,CHEMBL45245,,0,,1539450,,15,0,,,IC50,,,,CHEMBL287,Homo sapiens,Sigma opioid receptor,9606,,,IC50,,,,
,Not Active (inhibition < 50% @ 10 uM and thus dose-reponse curve not measured),7625097,[],CHEMBL1909110,DRUGMATRIX: Sigma1 radioligand binding (ligand: [3H] Haloperidol),B,,,BAO_0000190,BAO_0000249,cell membrane format,CC[C@@]1(O)C[C@H](O[C@H]2C[C@H](N(C)C)[C@H](O[C@H]3C[C@H](O)[C@H](O[C@H]4CCC(=O)[C@H](C)O4)[C@H](C)O3)[C@H](C)O2)c2c(cc3c(c2O)C(=O)c2c(O)cccc2C3=O)[C@H]1C(=O)OC,,,CHEMBL1909046,,,,CHEMBL502620,ACLARUBICIN,CHEMBL502620,,0,,1539458,,15,0,,,IC50,,,,CHEMBL287,Homo sapiens,Sigma opioid receptor,9606,,,IC50,,,,
,Not Active (inhibition < 50% @ 10 uM and thus dose-reponse curve not measured),7625218,[],CHEMBL1909110,DRUGMATRIX: Sigma1 radioligand binding (ligand: [3H] Haloperidol),B,,,BAO_0000190,BAO_0000249,cell membrane format,Oc1ncnc2[nH]ncc12,,,CHEMBL1909046,,,,CHEMBL1467,ALLOPURINOL,CHEMBL1467,,0,,1539466,,15,0,,,IC50,,,,CHEMBL287,Homo sapiens,Sigma opioid receptor,9606,,,IC50,,,,
,Not Active (inhibition < 50% @ 10 uM and thus dose-reponse curve not measured),7625307,[],CHEMBL1909110,DRUGMATRIX: Sigma1 radioligand binding (ligand: [3H] Haloperidol),B,,,BAO_0000190,BAO_0000249,cell membrane format,CN(C)c1nc(N(C)C)nc(N(C)C)n1,,,CHEMBL1909046,,,,CHEMBL1455,ALTRETAMINE,CHEMBL1455,,0,,1539474,,15,0,,,IC50,,,,CHEMBL287,Homo sapiens,Sigma opioid receptor,9606,,,IC50,,,,
,Not Active (inhibition < 50% @ 10 uM and thus dose-reponse curve not measured),7625432,[],CHEMBL1909110,DRUGMATRIX: Sigma1 radioligand binding (ligand: [3H] Haloperidol),B,,,BAO_0000190,BAO_0000249,cell membrane format,Cn1c(=O)c2[nH]cnc2n(C)c1=O.Cn1c(=O)c2[nH]cnc2n(C)c1=O.NCCN,,,CHEMBL1909046,,,,CHEMBL1370561,AMINOPHYLLINE,CHEMBL190,,0,,1539482,,15,0,,,IC50,,,,CHEMBL287,Homo sapiens,Sigma opioid receptor,9606,,,IC50,,,,
,Not Active (inhibition < 50% @ 10 uM and thus dose-reponse curve not measured),7625593,[],CHEMBL1909110,DRUGMATRIX: Sigma1 radioligand binding (ligand: [3H] Haloperidol),B,,,BAO_0000190,BAO_0000249,cell membrane format,Clc1ccc2c(c1)C(N1CCNCC1)=Nc1ccccc1O2,,,CHEMBL1909046,,,,CHEMBL1113,AMOXAPINE,CHEMBL1113,,0,,1539490,,15,0,,,IC50,,,,CHEMBL287,Homo sapiens,Sigma opioid receptor,9606,,,IC50,,,,
,Not Active (inhibition < 50% @ 10 uM and thus dose-reponse curve not measured),7625814,[],CHEMBL1909110,DRUGMATRIX: Sigma1 radioligand binding (ligand: [3H] Haloperidol),B,,,BAO_0000190,BAO_0000249,cell membrane format,C[C@](O)(CS(=O)(=O)c1ccc(F)cc1)C(=O)Nc1ccc(C#N)c(C(F)(F)F)c1,,,CHEMBL1909046,,,,CHEMBL63560,(R)-BICALUTAMIDE,CHEMBL63560,,0,,1539417,,15,0,,,IC50,,,,CHEMBL287,Homo sapiens,Sigma opioid receptor,9606,,,IC50,,,,
,Not Active (inhibition < 50% @ 10 uM and thus dose-reponse curve not measured),7626239,[],CHEMBL1909110,DRUGMATRIX: Sigma1 radioligand binding (ligand: [3H] Haloperidol),B,,,BAO_0000190,BAO_0000249,cell membrane format,N[C@@H](Cc1ccc(F)cc1)C(=O)O,,,CHEMBL1909046,,,,CHEMBL1235242,,CHEMBL1235242,,0,,1539442,,15,0,,,IC50,,,,CHEMBL287,Homo sapiens,Sigma opioid receptor,9606,,,IC50,,,,
,Not Active (inhibition < 50% @ 10 uM and thus dose-reponse curve not measured),7627191,[],CHEMBL1909110,DRUGMATRIX: Sigma1 radioligand binding (ligand: [3H] Haloperidol),B,,,BAO_0000190,BAO_0000249,cell membrane format,CC(C)(C#N)c1cc(Cn2cncn2)cc(C(C)(C)C#N)c1,,,CHEMBL1909046,,,,CHEMBL1399,ANASTROZOLE,CHEMBL1399,,0,,1539498,,15,0,,,IC50,,,,CHEMBL287,Homo sapiens,Sigma opioid receptor,9606,,,IC50,,,,
,Not Active (inhibition < 50% @ 10 uM and thus dose-reponse curve not measured),7627499,[],CHEMBL1909110,DRUGMATRIX: Sigma1 radioligand binding (ligand: [3H] Haloperidol),B,,,BAO_0000190,BAO_0000249,cell membrane format,S=C=Nc1cccc2ccccc12,,,CHEMBL1909046,,,,CHEMBL1381098,1-NAPHTHYLISOTHIOCYANATE,CHEMBL1381098,,0,,1539426,,15,0,,,IC50,,,,CHEMBL287,Homo sapiens,Sigma opioid receptor,9606,,,IC50,,,,
,Not Active (inhibition < 50% @ 10 uM and thus dose-reponse curve not measured),7627596,[],CHEMBL1909110,DRUGMATRIX: Sigma1 radioligand binding (ligand: [3H] Haloperidol),B,,,BAO_0000190,BAO_0000249,cell membrane format,CC(=O)Nc1cccc(O)c1,,,CHEMBL1909046,,,,CHEMBL9419,METACETAMOL,CHEMBL9419,,0,,1539434,,15,0,,,IC50,,,,CHEMBL287,Homo sapiens,Sigma opioid receptor,9606,,,IC50,,,,
,Not Active (inhibition < 50% @ 10 uM and thus dose-reponse curve not measured),7627921,[],CHEMBL1909110,DRUGMATRIX: Sigma1 radioligand binding (ligand: [3H] Haloperidol),B,,,BAO_0000190,BAO_0000249,cell membrane format,CC[C@H](C)[C@H]1O[C@]2(C=C[C@@H]1C)C[C@@H]1C[C@@H](C/C=C(\C)[C@@H](O[C@H]3C[C@H](OC)[C@@H](O[C@H]4C[C@H](OC)[C@@H](O)[C@H](C)O4)[C@H](C)O3)[C@@H](C)/C=C/C=C3\CO[C@@H]4[C@H](O)C(C)=C[C@@H](C(=O)O1)[C@]34O)O2.CO[C@H]1C[C@H](O[C@H]2[C@H](C)O[C@@H](O[C@@H]3/C(C)=C/C[C@@H]4C[C@@H](C[C@]5(C=C[C@H](C)[C@@H](C(C)C)O5)O4)OC(=O)[C@@H]4C=C(C)[C@@H](O)[C@H]5OC/C(=C\C=C\[C@@H]3C)[C@]54O)C[C@@H]2OC)O[C@@H](C)[C@@H]1O,,,CHEMBL1909046,,,,CHEMBL3215298,ABAMECTIN,CHEMBL3215298,,0,,1539451,,15,0,,,IC50,,,,CHEMBL287,Homo sapiens,Sigma opioid receptor,9606,,,IC50,,,,
,Not Active (inhibition < 50% @ 10 uM and thus dose-reponse curve not measured),7628039,[],CHEMBL1909110,DRUGMATRIX: Sigma1 radioligand binding (ligand: [3H] Haloperidol),B,,,BAO_0000190,BAO_0000249,cell membrane format,CCN1C[C@]2(COC)[C@H](O)C[C@H](OC)[C@@]34[C@@H]5C[C@@]6(O)[C@H](OC(=O)c7ccccc7)[C@@H]5[C@@](OC(C)=O)([C@@H]([C@H](OC)[C@H]23)[C@@H]14)[C@@H](O)[C@@H]6OC,,,CHEMBL1909046,,,,CHEMBL5314360,ACONITINE,CHEMBL5314360,,0,,1539459,,15,0,,,IC50,,,,CHEMBL287,Homo sapiens,Sigma opioid receptor,9606,,,IC50,,,,
,Not Active (inhibition < 50% @ 10 uM and thus dose-reponse curve not measured),7628161,[],CHEMBL1909110,DRUGMATRIX: Sigma1 radioligand binding (ligand: [3H] Haloperidol),B,,,BAO_0000190,BAO_0000249,cell membrane format,C=CCO,,,CHEMBL1909046,,,,CHEMBL234926,ALLYL ALCOHOL,CHEMBL234926,,0,,1539467,,15,0,,,IC50,,,,CHEMBL287,Homo sapiens,Sigma opioid receptor,9606,,,IC50,,,,
,Not Active (inhibition < 50% @ 10 uM and thus dose-reponse curve not measured),7628249,[],CHEMBL1909110,DRUGMATRIX: Sigma1 radioligand binding (ligand: [3H] Haloperidol),B,,,BAO_0000190,BAO_0000249,cell membrane format,NC12CC3CC(CC(C3)C1)C2,,,CHEMBL1909046,,,,CHEMBL660,AMANTADINE,CHEMBL660,,0,,1539475,,15,0,,,IC50,,,,CHEMBL287,Homo sapiens,Sigma opioid receptor,9606,,,IC50,,,,
,Not Active (inhibition < 50% @ 10 uM and thus dose-reponse curve not measured),7628376,[],CHEMBL1909110,DRUGMATRIX: Sigma1 radioligand binding (ligand: [3H] Haloperidol),B,,,BAO_0000190,BAO_0000249,cell membrane format,Nc1nc(N)c2nc(CNc3ccc(C(=O)N[C@@H](CCC(=O)O)C(=O)O)cc3)cnc2n1,,,CHEMBL1909046,,,,CHEMBL376180,AMINOPTERIN,CHEMBL376180,,0,,1539483,,15,0,,,IC50,,,,CHEMBL287,Homo sapiens,Sigma opioid receptor,9606,,,IC50,,,,
,Not Active (inhibition < 50% @ 10 uM and thus dose-reponse curve not measured),7628528,[],CHEMBL1909110,DRUGMATRIX: Sigma1 radioligand binding (ligand: [3H] Haloperidol),B,,,BAO_0000190,BAO_0000249,cell membrane format,CC1(C)S[C@@H]2[C@H](NC(=O)[C@H](N)c3ccc(O)cc3)C(=O)N2[C@H]1C(=O)O,,,CHEMBL1909046,,,,CHEMBL1082,AMOXICILLIN,CHEMBL1082,,0,,1539491,,15,0,,,IC50,,,,CHEMBL287,Homo sapiens,Sigma opioid receptor,9606,,,IC50,,,,
,Not Active (inhibition < 50% @ 10 uM and thus dose-reponse curve not measured),7628611,[],CHEMBL1909110,DRUGMATRIX: Sigma1 radioligand binding (ligand: [3H] Haloperidol),B,,,BAO_0000190,BAO_0000249,cell membrane format,Cc1onc(O)c1CC(N)C(=O)O,,,CHEMBL1909046,,,,CHEMBL13378,"(R,S)-AMPA",CHEMBL13378,,0,,1539418,,15,0,,,IC50,,,,CHEMBL287,Homo sapiens,Sigma opioid receptor,9606,,,IC50,,,,
,Not Active (inhibition < 50% @ 10 uM and thus dose-reponse curve not measured),7629036,[],CHEMBL1909110,DRUGMATRIX: Sigma1 radioligand binding (ligand: [3H] Haloperidol),B,,,BAO_0000190,BAO_0000249,cell membrane format,Cc1cn[nH]c1,,,CHEMBL1909046,,,,CHEMBL1308,FOMEPIZOLE,CHEMBL1308,,0,,1539443,,15,0,,,IC50,,,,CHEMBL287,Homo sapiens,Sigma opioid receptor,9606,,,IC50,,,,
,Not Active (inhibition < 50% @ 10 uM and thus dose-reponse curve not measured),7630076,[],CHEMBL1909110,DRUGMATRIX: Sigma1 radioligand binding (ligand: [3H] Haloperidol),B,,,BAO_0000190,BAO_0000249,cell membrane format,CC(C)NC[C@H](O)COc1cccc2[nH]ccc12,,,CHEMBL1909046,,,,CHEMBL117405,,CHEMBL117405,,0,,1539419,,15,0,,,IC50,,,,CHEMBL287,Homo sapiens,Sigma opioid receptor,9606,,,IC50,,,,
,Not Active (inhibition < 50% @ 10 uM and thus dose-reponse curve not measured),7630160,[],CHEMBL1909110,DRUGMATRIX: Sigma1 radioligand binding (ligand: [3H] Haloperidol),B,,,BAO_0000190,BAO_0000249,cell membrane format,C=C(Cl)Cl,,,CHEMBL1909046,,,,CHEMBL156455,"1,1-DICHLOROETHENE",CHEMBL156455,,0,,1539427,,15,0,,,IC50,,,,CHEMBL287,Homo sapiens,Sigma opioid receptor,9606,,,IC50,,,,
,Not Active (inhibition < 50% @ 10 uM and thus dose-reponse curve not measured),7630258,[],CHEMBL1909110,DRUGMATRIX: Sigma1 radioligand binding (ligand: [3H] Haloperidol),B,,,BAO_0000190,BAO_0000249,cell membrane format,NC(=O)c1cccc(N)c1,,,CHEMBL1909046,,,,CHEMBL81977,3-AMINOBENZAMIDE,CHEMBL81977,,0,,1539435,,15,0,,,IC50,,,,CHEMBL287,Homo sapiens,Sigma opioid receptor,9606,,,IC50,,,,
,Not Active (inhibition < 50% @ 10 uM and thus dose-reponse curve not measured),7630591,[],CHEMBL1909110,DRUGMATRIX: Sigma1 radioligand binding (ligand: [3H] Haloperidol),B,,,BAO_0000190,BAO_0000249,cell membrane format,C[C@H]1O[C@H](O[C@H]2[C@H](O)[C@@H](O)[C@@H](O[C@H]3[C@H](O)[C@@H](O)C(O)O[C@@H]3CO)O[C@@H]2CO)[C@H](O)[C@@H](O)[C@@H]1N[C@H]1C=C(CO)[C@@H](O)[C@H](O)[C@H]1O,,,CHEMBL1909046,,,,CHEMBL404271,ACARBOSE,CHEMBL404271,,0,,1539452,,15,0,,,IC50,,,,CHEMBL287,Homo sapiens,Sigma opioid receptor,9606,,,IC50,,,,
,Not Active (inhibition < 50% @ 10 uM and thus dose-reponse curve not measured),7630708,[],CHEMBL1909110,DRUGMATRIX: Sigma1 radioligand binding (ligand: [3H] Haloperidol),B,,,BAO_0000190,BAO_0000249,cell membrane format,Nc1nc2c(ncn2COCCO)c(=O)[nH]1,,,CHEMBL1909046,,,,CHEMBL184,ACYCLOVIR,CHEMBL184,,0,,1539460,,15,0,,,IC50,,,,CHEMBL287,Homo sapiens,Sigma opioid receptor,9606,,,IC50,,,,
,Not Active (inhibition < 50% @ 10 uM and thus dose-reponse curve not measured),7630829,[],CHEMBL1909110,DRUGMATRIX: Sigma1 radioligand binding (ligand: [3H] Haloperidol),B,,,BAO_0000190,BAO_0000249,cell membrane format,Cc1[nH]cnc1CN1CCc2c(c3ccccc3n2C)C1=O,,,CHEMBL1909046,,,,CHEMBL1110,ALOSETRON,CHEMBL1110,,0,,1539468,,15,0,,,IC50,,,,CHEMBL287,Homo sapiens,Sigma opioid receptor,9606,,,IC50,,,,
,Not Active (inhibition < 50% @ 10 uM and thus dose-reponse curve not measured),7630921,[],CHEMBL1909110,DRUGMATRIX: Sigma1 radioligand binding (ligand: [3H] Haloperidol),B,,,BAO_0000190,BAO_0000249,cell membrane format,Nc1c(Br)cc(Br)cc1CN[C@H]1CC[C@H](O)CC1,,,CHEMBL1909046,,,,CHEMBL153479,AMBROXOL,CHEMBL153479,,0,,1539476,,15,0,,,IC50,,,,CHEMBL287,Homo sapiens,Sigma opioid receptor,9606,,,IC50,,,,
,Not Active (inhibition < 50% @ 10 uM and thus dose-reponse curve not measured),7631069,[],CHEMBL1909110,DRUGMATRIX: Sigma1 radioligand binding (ligand: [3H] Haloperidol),B,,,BAO_0000190,BAO_0000249,cell membrane format,C[C@@H]1[C@H](O)[C@@H](C)/C=C/C=C/C=C/C=C/C=C/C=C/C=C/[C@H](O[C@@H]2O[C@H](C)[C@@H](O)[C@H](N)[C@@H]2O)C[C@@H]2O[C@](O)(C[C@@H](O)C[C@@H](O)[C@H](O)CC[C@@H](O)C[C@@H](O)CC(=O)O[C@H]1C)C[C@H](O)[C@H]2C(=O)O,,,CHEMBL1909046,,,,CHEMBL267345,AMPHOTERICIN B,CHEMBL267345,,0,,1539492,,15,0,,,IC50,,,,CHEMBL287,Homo sapiens,Sigma opioid receptor,9606,,,IC50,,,,
,Not Active (inhibition < 50% @ 10 uM and thus dose-reponse curve not measured),7631570,[],CHEMBL1909110,DRUGMATRIX: Sigma1 radioligand binding (ligand: [3H] Haloperidol),B,,,BAO_0000190,BAO_0000249,cell membrane format,CCCCCCCCCc1ccc(O)cc1,,,CHEMBL1909046,,,,CHEMBL153062,4-NONYLPHENOL,CHEMBL153062,,0,,1539444,,15,0,,,IC50,,,,CHEMBL287,Homo sapiens,Sigma opioid receptor,9606,,,IC50,,,,
,Not Active (inhibition < 50% @ 10 uM and thus dose-reponse curve not measured),7632268,[],CHEMBL1909110,DRUGMATRIX: Sigma1 radioligand binding (ligand: [3H] Haloperidol),B,,,BAO_0000190,BAO_0000249,cell membrane format,Nc1ccc(C(=O)O)c(O)c1,,,CHEMBL1909046,,,,CHEMBL1169,AMINOSALICYLIC ACID,CHEMBL1169,,0,,1539484,,15,0,,,IC50,,,,CHEMBL287,Homo sapiens,Sigma opioid receptor,9606,,,IC50,,,,
,Not Active (inhibition < 50% @ 10 uM and thus dose-reponse curve not measured),7632612,[],CHEMBL1909110,DRUGMATRIX: Sigma1 radioligand binding (ligand: [3H] Haloperidol),B,,,BAO_0000190,BAO_0000249,cell membrane format,O=C(c1ccccc1Cl)N1CCC(Cc2ccccc2)CC1,,,CHEMBL1909046,,,,CHEMBL1909048,,CHEMBL1909048,,0,,1539420,,15,0,,,IC50,,,,CHEMBL287,Homo sapiens,Sigma opioid receptor,9606,,,IC50,,,,
,,7632701,[],CHEMBL1909110,DRUGMATRIX: Sigma1 radioligand binding (ligand: [3H] Haloperidol),B,,,BAO_0000190,BAO_0000249,cell membrane format,N=C(Nc1ccccc1)Nc1ccccc1,,,CHEMBL1909046,,,"{'bei': '27.31', 'le': '0.49', 'lle': '2.62', 'sei': '12.04'}",CHEMBL77675,,CHEMBL77675,5.77,0,http://www.openphacts.org/units/Nanomolar,1539428,=,15,1,=,,IC50,nM,,1696.0,CHEMBL287,Homo sapiens,Sigma opioid receptor,9606,,,IC50,uM,UO_0000065,,1.696
,Not Active (inhibition < 50% @ 10 uM and thus dose-reponse curve not measured),7632799,[],CHEMBL1909110,DRUGMATRIX: Sigma1 radioligand binding (ligand: [3H] Haloperidol),B,,,BAO_0000190,BAO_0000249,cell membrane format,Cc1ccc2cc3c(ccc4ccccc43)c3c2c1CC3,,,CHEMBL1909046,,,,CHEMBL40583,3-METHYLCHOLANTHRENE,CHEMBL40583,,0,,1539436,,15,0,,,IC50,,,,CHEMBL287,Homo sapiens,Sigma opioid receptor,9606,,,IC50,,,,
,Not Active (inhibition < 50% @ 10 uM and thus dose-reponse curve not measured),7633029,[],CHEMBL1909110,DRUGMATRIX: Sigma1 radioligand binding (ligand: [3H] Haloperidol),B,,,BAO_0000190,BAO_0000249,cell membrane format,CCCCCCCCc1ccc(O)cc1,,,CHEMBL1909046,,,,CHEMBL195437,4-OCTYLPHENOL,CHEMBL195437,,0,,1539445,,15,0,,,IC50,,,,CHEMBL287,Homo sapiens,Sigma opioid receptor,9606,,,IC50,,,,
,Not Active (inhibition < 50% @ 10 uM and thus dose-reponse curve not measured),7633144,[],CHEMBL1909110,DRUGMATRIX: Sigma1 radioligand binding (ligand: [3H] Haloperidol),B,,,BAO_0000190,BAO_0000249,cell membrane format,CCCC(=O)Nc1ccc(OCC(O)CNC(C)C)c(C(C)=O)c1,,,CHEMBL1909046,,,,CHEMBL642,ACEBUTOLOL,CHEMBL642,,0,,1539453,,15,0,,,IC50,,,,CHEMBL287,Homo sapiens,Sigma opioid receptor,9606,,,IC50,,,,
,Not Active (inhibition < 50% @ 10 uM and thus dose-reponse curve not measured),7633262,[],CHEMBL1909110,DRUGMATRIX: Sigma1 radioligand binding (ligand: [3H] Haloperidol),B,,,BAO_0000190,BAO_0000249,cell membrane format,COc1cc2c(c3oc(=O)c4c(c13)CCC4=O)[C@@H]1C=CO[C@@H]1O2,,,CHEMBL1909046,,,,CHEMBL1697694,AFLATOXIN,CHEMBL1697694,,0,,1539461,,15,0,,,IC50,,,,CHEMBL287,Homo sapiens,Sigma opioid receptor,9606,,,IC50,,,,
,Not Active (inhibition < 50% @ 10 uM and thus dose-reponse curve not measured),7633380,[],CHEMBL1909110,DRUGMATRIX: Sigma1 radioligand binding (ligand: [3H] Haloperidol),B,,,BAO_0000190,BAO_0000249,cell membrane format,OC[C@H]1O[C@@H]2O[C@H]3[C@H](O)[C@@H](O)[C@@H](O[C@H]4[C@H](O)[C@@H](O)[C@@H](O[C@H]5[C@H](O)[C@@H](O)[C@@H](O[C@H]6[C@H](O)[C@@H](O)[C@@H](O[C@H]7[C@H](O)[C@@H](O)[C@@H](O[C@H]1[C@H](O)[C@H]2O)O[C@@H]7CO)O[C@@H]6CO)O[C@@H]5CO)O[C@@H]4CO)O[C@@H]3CO,,,CHEMBL1909046,,,,CHEMBL1230813,ALFADEX,CHEMBL1230813,,0,,1539469,,15,0,,,IC50,,,,CHEMBL287,Homo sapiens,Sigma opioid receptor,9606,,,IC50,,,,
,Not Active (inhibition < 50% @ 10 uM and thus dose-reponse curve not measured),7633479,[],CHEMBL1909110,DRUGMATRIX: Sigma1 radioligand binding (ligand: [3H] Haloperidol),B,,,BAO_0000190,BAO_0000249,cell membrane format,NCCCNCCSP(=O)(O)O,,,CHEMBL1909046,,,,CHEMBL1006,AMIFOSTINE,CHEMBL1006,,0,,1539477,,15,0,,,IC50,,,,CHEMBL287,Homo sapiens,Sigma opioid receptor,9606,,,IC50,,,,
,Not Active (inhibition < 50% @ 10 uM and thus dose-reponse curve not measured),7633786,[],CHEMBL1909110,DRUGMATRIX: Sigma1 radioligand binding (ligand: [3H] Haloperidol),B,,,BAO_0000190,BAO_0000249,cell membrane format,CC1(C)S[C@@H]2[C@H](NC(=O)[C@H](N)c3ccccc3)C(=O)N2[C@H]1C(=O)O,,,CHEMBL1909046,,,,CHEMBL174,AMPICILLIN,CHEMBL174,,0,,1539493,,15,0,,,IC50,,,,CHEMBL287,Homo sapiens,Sigma opioid receptor,9606,,,IC50,,,,
,,7634963,[],CHEMBL1909110,DRUGMATRIX: Sigma1 radioligand binding (ligand: [3H] Haloperidol),B,,,BAO_0000190,BAO_0000249,cell membrane format,CCCCc1oc2ccccc2c1C(=O)c1cc(I)c(OCCN(CC)CC)c(I)c1,,,CHEMBL1909046,,,"{'bei': '10.87', 'le': '0.31', 'lle': '0.07', 'sei': '16.43'}",CHEMBL633,AMIODARONE,CHEMBL633,7.01,0,http://www.openphacts.org/units/Nanomolar,1539485,=,15,1,=,,IC50,nM,,97.0,CHEMBL287,Homo sapiens,Sigma opioid receptor,9606,,,IC50,uM,UO_0000065,,0.097
,Not Active (inhibition < 50% @ 10 uM and thus dose-reponse curve not measured),7635341,[],CHEMBL1909110,DRUGMATRIX: Sigma1 radioligand binding (ligand: [3H] Haloperidol),B,,,BAO_0000190,BAO_0000249,cell membrane format,O=C(c1ccccc1F)N1CCC(Cc2ccccc2)CC1,,,CHEMBL1909046,,,,CHEMBL437002,,CHEMBL437002,,0,,1539421,,15,0,,,IC50,,,,CHEMBL287,Homo sapiens,Sigma opioid receptor,9606,,,IC50,,,,
,Not Active (inhibition < 50% @ 10 uM and thus dose-reponse curve not measured),7635431,[],CHEMBL1909110,DRUGMATRIX: Sigma1 radioligand binding (ligand: [3H] Haloperidol),B,,,BAO_0000190,BAO_0000249,cell membrane format,NC(=O)N1c2ccccc2CCc2ccccc21,,,CHEMBL1909046,,,,CHEMBL41543,,CHEMBL41543,,0,,1539429,,15,0,,,IC50,,,,CHEMBL287,Homo sapiens,Sigma opioid receptor,9606,,,IC50,,,,
,Not Active (inhibition < 50% @ 10 uM and thus dose-reponse curve not measured),7635524,[],CHEMBL1909110,DRUGMATRIX: Sigma1 radioligand binding (ligand: [3H] Haloperidol),B,,,BAO_0000190,BAO_0000249,cell membrane format,O=C(Nc1ccc(Cl)c(Cl)c1)c1cc(Cl)cc(Cl)c1O,,,CHEMBL1909046,,,,CHEMBL291338,"3,3',4',5-TETRACHLOROSALICYLANILIDE",CHEMBL291338,,0,,1539437,,15,0,,,IC50,,,,CHEMBL287,Homo sapiens,Sigma opioid receptor,9606,,,IC50,,,,
,Not Active (inhibition < 50% @ 10 uM and thus dose-reponse curve not measured),7635745,[],CHEMBL1909110,DRUGMATRIX: Sigma1 radioligand binding (ligand: [3H] Haloperidol),B,,,BAO_0000190,BAO_0000249,cell membrane format,Nc1ccc(Cc2ccc(N)cc2)cc1,,,CHEMBL1909046,,,,CHEMBL85728,"4,4'-METHYLENEDIANILINE",CHEMBL85728,,0,,1539446,,15,0,,,IC50,,,,CHEMBL287,Homo sapiens,Sigma opioid receptor,9606,,,IC50,,,,
,Not Active (inhibition < 50% @ 10 uM and thus dose-reponse curve not measured),7635859,[],CHEMBL1909110,DRUGMATRIX: Sigma1 radioligand binding (ligand: [3H] Haloperidol),B,,,BAO_0000190,BAO_0000249,cell membrane format,O=C(O)COC(=O)Cc1ccccc1Nc1c(Cl)cccc1Cl,,,CHEMBL1909046,,,,CHEMBL93645,ACECLOFENAC,CHEMBL93645,,0,,1539454,,15,0,,,IC50,,,,CHEMBL287,Homo sapiens,Sigma opioid receptor,9606,,,IC50,,,,
,Not Active (inhibition < 50% @ 10 uM and thus dose-reponse curve not measured),7635978,[],CHEMBL1909110,DRUGMATRIX: Sigma1 radioligand binding (ligand: [3H] Haloperidol),B,,,BAO_0000190,BAO_0000249,cell membrane format,CC[C@H]1[C@@H]2C[C@H]3[C@@H]4N(C)c5ccccc5[C@]45C[C@@H]([C@@H]2[C@H]5O)N3[C@@H]1O,,,CHEMBL1909046,,,,CHEMBL5314404,AJMALINE,CHEMBL5314404,,0,,1539462,,15,0,,,IC50,,,,CHEMBL287,Homo sapiens,Sigma opioid receptor,9606,,,IC50,,,,
,Not Active (inhibition < 50% @ 10 uM and thus dose-reponse curve not measured),7636080,[],CHEMBL1909110,DRUGMATRIX: Sigma1 radioligand binding (ligand: [3H] Haloperidol),B,,,BAO_0000190,BAO_0000249,cell membrane format,CC(C)C[C@H]1C(=O)N2CCC[C@H]2[C@]2(O)O[C@](NC(=O)[C@@H]3C=C4c5cccc6[nH]cc(c56)C[C@H]4N(C)C3)(C(C)C)C(=O)N12,,,CHEMBL1909046,,,,CHEMBL1403281,ERGOCRYPTINE,CHEMBL1403281,,0,,1539470,,15,0,,,IC50,,,,CHEMBL287,Homo sapiens,Sigma opioid receptor,9606,,,IC50,,,,
,Not Active (inhibition < 50% @ 10 uM and thus dose-reponse curve not measured),7636197,[],CHEMBL1909110,DRUGMATRIX: Sigma1 radioligand binding (ligand: [3H] Haloperidol),B,,,BAO_0000190,BAO_0000249,cell membrane format,NCC[C@H](O)C(=O)N[C@@H]1C[C@H](N)[C@@H](O[C@H]2O[C@H](CN)[C@@H](O)[C@H](O)[C@H]2O)[C@H](O)[C@H]1O[C@H]1O[C@H](CO)[C@@H](O)[C@H](N)[C@H]1O,,,CHEMBL1909046,,,,CHEMBL177,AMIKACIN,CHEMBL177,,0,,1539478,,15,0,,,IC50,,,,CHEMBL287,Homo sapiens,Sigma opioid receptor,9606,,,IC50,,,,
,Not Active (inhibition < 50% @ 10 uM and thus dose-reponse curve not measured),7636478,[],CHEMBL1909110,DRUGMATRIX: Sigma1 radioligand binding (ligand: [3H] Haloperidol),B,,,BAO_0000190,BAO_0000249,cell membrane format,CCOC(=O)OC(C)OC1=C(C(=O)Nc2ccccn2)N(C)S(=O)(=O)c2ccccc21,,,CHEMBL1909046,,,,CHEMBL1566249,AMPIROXICAM,CHEMBL1566249,,0,,1539494,,15,0,,,IC50,,,,CHEMBL287,Homo sapiens,Sigma opioid receptor,9606,,,IC50,,,,
,Not Active (inhibition < 50% @ 10 uM and thus dose-reponse curve not measured),7637678,[],CHEMBL1909110,DRUGMATRIX: Sigma1 radioligand binding (ligand: [3H] Haloperidol),B,,,BAO_0000190,BAO_0000249,cell membrane format,Cc1ccc(/N=C/N(C)/C=N/c2ccc(C)cc2C)c(C)c1,,,CHEMBL1909046,,,,CHEMBL1365675,AMITRAZ,CHEMBL1365675,,0,,1539486,,15,0,,,IC50,,,,CHEMBL287,Homo sapiens,Sigma opioid receptor,9606,,,IC50,,,,
,Not Active (inhibition < 50% @ 10 uM and thus dose-reponse curve not measured),7638184,[],CHEMBL1909110,DRUGMATRIX: Sigma1 radioligand binding (ligand: [3H] Haloperidol),B,,,BAO_0000190,BAO_0000249,cell membrane format,COc1ccccc1C(=O)N1CCC(Cc2ccccc2)CC1,,,CHEMBL1909046,,,,CHEMBL1909049,,CHEMBL1909049,,0,,1539422,,15,0,,,IC50,,,,CHEMBL287,Homo sapiens,Sigma opioid receptor,9606,,,IC50,,,,
,Not Active (inhibition < 50% @ 10 uM and thus dose-reponse curve not measured),7638278,[],CHEMBL1909110,DRUGMATRIX: Sigma1 radioligand binding (ligand: [3H] Haloperidol),B,,,BAO_0000190,BAO_0000249,cell membrane format,C[C@]12CCC(=O)C=C1CC[C@@H]1[C@@H]2CC[C@@]2(C)[C@H]1CC[C@]2(C)O,,,CHEMBL1909046,,,,CHEMBL1395,METHYLTESTOSTERONE,CHEMBL1395,,0,,1539430,,15,0,,,IC50,,,,CHEMBL287,Homo sapiens,Sigma opioid receptor,9606,,,IC50,,,,
,Not Active (inhibition < 50% @ 10 uM and thus dose-reponse curve not measured),7638376,[],CHEMBL1909110,DRUGMATRIX: Sigma1 radioligand binding (ligand: [3H] Haloperidol),B,,,BAO_0000190,BAO_0000249,cell membrane format,N[C@@H](Cc1cc(I)c(Oc2ccc(O)c(I)c2)c(I)c1)C(=O)O,,,CHEMBL1909046,,,,CHEMBL1544,LIOTHYRONINE,CHEMBL1544,,0,,1539438,,15,0,,,IC50,,,,CHEMBL287,Homo sapiens,Sigma opioid receptor,9606,,,IC50,,,,
,Not Active (inhibition < 50% @ 10 uM and thus dose-reponse curve not measured),7638596,[],CHEMBL1909110,DRUGMATRIX: Sigma1 radioligand binding (ligand: [3H] Haloperidol),B,,,BAO_0000190,BAO_0000249,cell membrane format,O=c1[nH]c(=O)n([C@H]2C[C@H](O)[C@@H](CO)O2)cc1F,,,CHEMBL1909046,,,,CHEMBL917,FLOXURIDINE,CHEMBL917,,0,,1539447,,15,0,,,IC50,,,,CHEMBL287,Homo sapiens,Sigma opioid receptor,9606,,,IC50,,,,
,Not Active (inhibition < 50% @ 10 uM and thus dose-reponse curve not measured),7638709,[],CHEMBL1909110,DRUGMATRIX: Sigma1 radioligand binding (ligand: [3H] Haloperidol),B,,,BAO_0000190,BAO_0000249,cell membrane format,COc1ccc2c(c1)c(CC(=O)OCC(=O)O)c(C)n2C(=O)c1ccc(Cl)cc1,,,CHEMBL1909046,,,,CHEMBL189171,ACEMETACIN,CHEMBL189171,,0,,1539455,,15,0,,,IC50,,,,CHEMBL287,Homo sapiens,Sigma opioid receptor,9606,,,IC50,,,,
,Not Active (inhibition < 50% @ 10 uM and thus dose-reponse curve not measured),7638828,[],CHEMBL1909110,DRUGMATRIX: Sigma1 radioligand binding (ligand: [3H] Haloperidol),B,,,BAO_0000190,BAO_0000249,cell membrane format,CCCSc1ccc2[nH]c(NC(=O)OC)nc2c1,,,CHEMBL1909046,,,,CHEMBL1483,ALBENDAZOLE,CHEMBL1483,,0,,1539463,,15,0,,,IC50,,,,CHEMBL287,Homo sapiens,Sigma opioid receptor,9606,,,IC50,,,,
,Not Active (inhibition < 50% @ 10 uM and thus dose-reponse curve not measured),7638919,[],CHEMBL1909110,DRUGMATRIX: Sigma1 radioligand binding (ligand: [3H] Haloperidol),B,,,BAO_0000190,BAO_0000249,cell membrane format,O=c1cc(-c2ccccc2)oc2c1ccc1ccccc12,,,CHEMBL1909046,,,,CHEMBL283196,ALPHA-NAPHTHOFLAVONE,CHEMBL283196,,0,,1539471,,15,0,,,IC50,,,,CHEMBL287,Homo sapiens,Sigma opioid receptor,9606,,,IC50,,,,
,Not Active (inhibition < 50% @ 10 uM and thus dose-reponse curve not measured),7639040,[],CHEMBL1909110,DRUGMATRIX: Sigma1 radioligand binding (ligand: [3H] Haloperidol),B,,,BAO_0000190,BAO_0000249,cell membrane format,N=C(N)NC(=O)c1nc(Cl)c(N)nc1N,,,CHEMBL1909046,,,,CHEMBL945,AMILORIDE,CHEMBL945,,0,,1539479,,15,0,,,IC50,,,,CHEMBL287,Homo sapiens,Sigma opioid receptor,9606,,,IC50,,,,
,,7639254,[],CHEMBL1909110,DRUGMATRIX: Sigma1 radioligand binding (ligand: [3H] Haloperidol),B,,,BAO_0000190,BAO_0000249,cell membrane format,CN(C)CCC=C1c2ccccc2CCc2ccccc21,,,CHEMBL1909046,,,"{'bei': '21.58', 'le': '0.39', 'lle': '1.82', 'sei': '184.78'}",CHEMBL629,AMITRIPTYLINE,CHEMBL629,5.99,0,http://www.openphacts.org/units/Nanomolar,1539487,=,15,1,=,,IC50,nM,,1031.0,CHEMBL287,Homo sapiens,Sigma opioid receptor,9606,,,IC50,uM,UO_0000065,,1.031
,Not Active (inhibition < 50% @ 10 uM and thus dose-reponse curve not measured),7639339,[],CHEMBL1909110,DRUGMATRIX: Sigma1 radioligand binding (ligand: [3H] Haloperidol),B,,,BAO_0000190,BAO_0000249,cell membrane format,CC(C)CN(C[C@@H](O)[C@H](Cc1ccccc1)NC(=O)O[C@H]1CCOC1)S(=O)(=O)c1ccc(N)cc1,,,CHEMBL1909046,,,,CHEMBL116,AMPRENAVIR,CHEMBL116,,0,,1539495,,15,0,,,IC50,,,,CHEMBL287,Homo sapiens,Sigma opioid receptor,9606,,,IC50,,,,
,Not Active (inhibition < 50% @ 10 uM and thus dose-reponse curve not measured),7640934,[],CHEMBL1909110,DRUGMATRIX: Sigma1 radioligand binding (ligand: [3H] Haloperidol),B,,,BAO_0000190,BAO_0000249,cell membrane format,Cc1ccccc1C(=O)N1CCC(Cc2ccccc2)CC1,,,CHEMBL1909046,,,,CHEMBL1909050,,CHEMBL1909050,,0,,1539423,,15,0,,,IC50,,,,CHEMBL287,Homo sapiens,Sigma opioid receptor,9606,,,IC50,,,,
,Not Active (inhibition < 50% @ 10 uM and thus dose-reponse curve not measured),7641028,[],CHEMBL1909110,DRUGMATRIX: Sigma1 radioligand binding (ligand: [3H] Haloperidol),B,,,BAO_0000190,BAO_0000249,cell membrane format,CC(=O)Nc1ccc2c(c1)Cc1ccccc1-2,,,CHEMBL1909046,,,,CHEMBL311469,2-ACETYLAMINOFLUORENE,CHEMBL311469,,0,,1539431,,15,0,,,IC50,,,,CHEMBL287,Homo sapiens,Sigma opioid receptor,9606,,,IC50,,,,
,Not Active (inhibition < 50% @ 10 uM and thus dose-reponse curve not measured),7641133,[],CHEMBL1909110,DRUGMATRIX: Sigma1 radioligand binding (ligand: [3H] Haloperidol),B,,,BAO_0000190,BAO_0000249,cell membrane format,O=C(O)CCCc1cccs1,,,CHEMBL1909046,,,,CHEMBL1230333,,CHEMBL1230333,,0,,1539439,,15,0,,,IC50,,,,CHEMBL287,Homo sapiens,Sigma opioid receptor,9606,,,IC50,,,,
,Not Active (inhibition < 50% @ 10 uM and thus dose-reponse curve not measured),7641353,[],CHEMBL1909110,DRUGMATRIX: Sigma1 radioligand binding (ligand: [3H] Haloperidol),B,,,BAO_0000190,BAO_0000249,cell membrane format,Sc1ncnc2nc[nH]c12,,,CHEMBL1909046,,,,CHEMBL1425,MERCAPTOPURINE ANHYDROUS,CHEMBL1425,,0,,1539448,,15,0,,,IC50,,,,CHEMBL287,Homo sapiens,Sigma opioid receptor,9606,,,IC50,,,,
,Not Active (inhibition < 50% @ 10 uM and thus dose-reponse curve not measured),7641466,[],CHEMBL1909110,DRUGMATRIX: Sigma1 radioligand binding (ligand: [3H] Haloperidol),B,,,BAO_0000190,BAO_0000249,cell membrane format,CC(=O)Nc1ccc(O)cc1,,,CHEMBL1909046,,,,CHEMBL112,ACETAMINOPHEN,CHEMBL112,,0,,1539456,,15,0,,,IC50,,,,CHEMBL287,Homo sapiens,Sigma opioid receptor,9606,,,IC50,,,,
,Not Active (inhibition < 50% @ 10 uM and thus dose-reponse curve not measured),7641586,[],CHEMBL1909110,DRUGMATRIX: Sigma1 radioligand binding (ligand: [3H] Haloperidol),B,,,BAO_0000190,BAO_0000249,cell membrane format,NCCCC(O)(P(=O)(O)O)P(=O)(O)O,,,CHEMBL1909046,,,,CHEMBL870,ALENDRONIC ACID,CHEMBL870,,0,,1539464,,15,0,,,IC50,,,,CHEMBL287,Homo sapiens,Sigma opioid receptor,9606,,,IC50,,,,
,Not Active (inhibition < 50% @ 10 uM and thus dose-reponse curve not measured),7641675,[],CHEMBL1909110,DRUGMATRIX: Sigma1 radioligand binding (ligand: [3H] Haloperidol),B,,,BAO_0000190,BAO_0000249,cell membrane format,Cc1c(C)c2c(c(C)c1O)CC[C@@](C)(CCC[C@H](C)CCC[C@H](C)CCCC(C)C)O2,,,CHEMBL1909046,,,,CHEMBL47,ALPHA-TOCOPHEROL,CHEMBL47,,0,,1539472,,15,0,,,IC50,,,,CHEMBL287,Homo sapiens,Sigma opioid receptor,9606,,,IC50,,,,
,Not Active (inhibition < 50% @ 10 uM and thus dose-reponse curve not measured),7641797,[],CHEMBL1909110,DRUGMATRIX: Sigma1 radioligand binding (ligand: [3H] Haloperidol),B,,,BAO_0000190,BAO_0000249,cell membrane format,NCCCCCC(=O)O,,,CHEMBL1909046,,,,CHEMBL1046,AMINOCAPROIC ACID,CHEMBL1046,,0,,1539480,,15,0,,,IC50,,,,CHEMBL287,Homo sapiens,Sigma opioid receptor,9606,,,IC50,,,,
,Not Active (inhibition < 50% @ 10 uM and thus dose-reponse curve not measured),7641985,[],CHEMBL1909110,DRUGMATRIX: Sigma1 radioligand binding (ligand: [3H] Haloperidol),B,,,BAO_0000190,BAO_0000249,cell membrane format,CCOC(=O)C1=C(COCCN)NC(C)=C(C(=O)OC)C1c1ccccc1Cl,,,CHEMBL1909046,,,,CHEMBL1491,AMLODIPINE,CHEMBL1491,,0,,1539488,,15,0,,,IC50,,,,CHEMBL287,Homo sapiens,Sigma opioid receptor,9606,,,IC50,,,,
,Not Active (inhibition < 50% @ 10 uM and thus dose-reponse curve not measured),7642075,[],CHEMBL1909110,DRUGMATRIX: Sigma1 radioligand binding (ligand: [3H] Haloperidol),B,,,BAO_0000190,BAO_0000249,cell membrane format,Nc1cc(-c2ccncc2)c[nH]c1=O,,,CHEMBL1909046,,,,CHEMBL12856,INAMRINONE,CHEMBL12856,,0,,1539496,,15,0,,,IC50,,,,CHEMBL287,Homo sapiens,Sigma opioid receptor,9606,,,IC50,,,,
,Not Active (inhibition < 50% @ 10 uM and thus dose-reponse curve not measured),7642178,[],CHEMBL1909110,DRUGMATRIX: Sigma1 radioligand binding (ligand: [3H] Haloperidol),B,,,BAO_0000190,BAO_0000249,cell membrane format,O=C1CC[C@H](N2C(=O)c3ccccc3C2=O)C(=O)N1,,,CHEMBL1909046,,,,CHEMBL426123,,CHEMBL426123,,0,,1539415,,15,0,,,IC50,,,,CHEMBL287,Homo sapiens,Sigma opioid receptor,9606,,,IC50,,,,
,Not Active (inhibition < 50% @ 10 uM and thus dose-reponse curve not measured),7643863,[],CHEMBL1909110,DRUGMATRIX: Sigma1 radioligand binding (ligand: [3H] Haloperidol),B,,,BAO_0000190,BAO_0000249,cell membrane format,Nn1nnc2ccccc21,,,CHEMBL1909046,,,,CHEMBL101168,,CHEMBL101168,,0,,1539424,,15,0,,,IC50,,,,CHEMBL287,Homo sapiens,Sigma opioid receptor,9606,,,IC50,,,,
,Not Active (inhibition < 50% @ 10 uM and thus dose-reponse curve not measured),7643950,[],CHEMBL1909110,DRUGMATRIX: Sigma1 radioligand binding (ligand: [3H] Haloperidol),B,,,BAO_0000190,BAO_0000249,cell membrane format,CC(O)COC[C@H]1O[C@@H]2O[C@H]3[C@H](O)[C@@H](O)[C@@H](O[C@H]4[C@H](O)[C@@H](O)[C@@H](O[C@H]5[C@H](O)[C@@H](O)[C@@H](O[C@H]6[C@H](O)[C@@H](O)[C@@H](O[C@H]7[C@H](O)[C@@H](O)[C@@H](O[C@H]8[C@H](O)[C@@H](O)[C@@H](O[C@H]1[C@H](O)[C@H]2O)O[C@@H]8COCC(C)O)O[C@@H]7COCC(C)O)O[C@@H]6COCC(C)O)O[C@@H]5COCC(C)O)O[C@@H]4COCC(C)O)O[C@@H]3COCC(C)O,,,CHEMBL1909046,,,,CHEMBL577294,2-HYDROXYPROPYL-BETA-CYCLODEXTRIN,CHEMBL577294,,0,,1539432,,15,0,,,IC50,,,,CHEMBL287,Homo sapiens,Sigma opioid receptor,9606,,,IC50,,,,
,Not Active (inhibition < 50% @ 10 uM and thus dose-reponse curve not measured),7644060,[],CHEMBL1909110,DRUGMATRIX: Sigma1 radioligand binding (ligand: [3H] Haloperidol),B,,,BAO_0000190,BAO_0000249,cell membrane format,O=C(c1ccccc1C(F)(F)F)N1CCC(Cc2ccccc2)CC1,,,CHEMBL1909046,,,,CHEMBL1909051,,CHEMBL1909051,,0,,1539440,,15,0,,,IC50,,,,CHEMBL287,Homo sapiens,Sigma opioid receptor,9606,,,IC50,,,,
,Not Active (inhibition < 50% @ 10 uM and thus dose-reponse curve not measured),7644515,[],CHEMBL1909110,DRUGMATRIX: Sigma1 radioligand binding (ligand: [3H] Haloperidol),B,,,BAO_0000190,BAO_0000249,cell membrane format,CC(C(=O)O)c1ccc(-c2ccccc2)c(F)c1,,,CHEMBL1909046,,,,CHEMBL563,FLURBIPROFEN,CHEMBL563,,0,,1539786,,15,0,,,IC50,,,,CHEMBL287,Homo sapiens,Sigma opioid receptor,9606,,,IC50,,,,
,Not Active (inhibition < 50% @ 10 uM and thus dose-reponse curve not measured),7644655,[],CHEMBL1909110,DRUGMATRIX: Sigma1 radioligand binding (ligand: [3H] Haloperidol),B,,,BAO_0000190,BAO_0000249,cell membrane format,COc1ccc2c3c1O[C@H]1C[C@@H](O)C=C[C@@]31CCN(C)C2,,,CHEMBL1909046,,,,CHEMBL659,GALANTAMINE,CHEMBL659,,0,,1539794,,15,0,,,IC50,,,,CHEMBL287,Homo sapiens,Sigma opioid receptor,9606,,,IC50,,,,
,Not Active (inhibition < 50% @ 10 uM and thus dose-reponse curve not measured),7644791,[],CHEMBL1909110,DRUGMATRIX: Sigma1 radioligand binding (ligand: [3H] Haloperidol),B,,,BAO_0000190,BAO_0000249,cell membrane format,O=c1c(-c2ccc(O)cc2)coc2cc(O)cc(O)c12,,,CHEMBL1909046,,,,CHEMBL44,GENISTEIN,CHEMBL44,,0,,1539802,,15,0,,,IC50,,,,CHEMBL287,Homo sapiens,Sigma opioid receptor,9606,,,IC50,,,,
,Not Active (inhibition < 50% @ 10 uM and thus dose-reponse curve not measured),7644898,[],CHEMBL1909110,DRUGMATRIX: Sigma1 radioligand binding (ligand: [3H] Haloperidol),B,,,BAO_0000190,BAO_0000249,cell membrane format,COc1ccc(Cl)cc1C(=O)NCCc1ccc(S(=O)(=O)NC(=O)NC2CCCCC2)cc1,,,CHEMBL1909046,,,,CHEMBL472,GLYBURIDE,CHEMBL472,,0,,1539810,,15,0,,,IC50,,,,CHEMBL287,Homo sapiens,Sigma opioid receptor,9606,,,IC50,,,,
,Not Active (inhibition < 50% @ 10 uM and thus dose-reponse curve not measured),7645032,[],CHEMBL1909110,DRUGMATRIX: Sigma1 radioligand binding (ligand: [3H] Haloperidol),B,,,BAO_0000190,BAO_0000249,cell membrane format,Cc1c(F)c(N2CCNC(C)C2)cc2c1c(=O)c(C(=O)O)cn2C1CC1,,,CHEMBL1909046,,,,CHEMBL583,GREPAFLOXACIN,CHEMBL583,,0,,1539818,,15,0,,,IC50,,,,CHEMBL287,Homo sapiens,Sigma opioid receptor,9606,,,IC50,,,,
,,7645104,[],CHEMBL1909110,DRUGMATRIX: Sigma1 radioligand binding (ligand: [3H] Haloperidol),B,,,BAO_0000190,BAO_0000249,cell membrane format,O=C(CCCN1CCC(O)(c2ccc(Cl)cc2)CC1)c1ccc(F)cc1,,,CHEMBL1909046,,,"{'bei': '20.98', 'le': '0.41', 'lle': '3.46', 'sei': '19.45'}",CHEMBL54,HALOPERIDOL,CHEMBL54,7.89,0,http://www.openphacts.org/units/Nanomolar,1539826,=,15,1,=,,IC50,nM,,13.0,CHEMBL287,Homo sapiens,Sigma opioid receptor,9606,,,IC50,uM,UO_0000065,,0.013
,Not Active (inhibition < 50% @ 10 uM and thus dose-reponse curve not measured),7645622,[],CHEMBL1909110,DRUGMATRIX: Sigma1 radioligand binding (ligand: [3H] Haloperidol),B,,,BAO_0000190,BAO_0000249,cell membrane format,Cn1c(=O)c2c(ncn2CC(O)CO)n(C)c1=O,,,CHEMBL1909046,,,,CHEMBL1752,DYPHYLLINE,CHEMBL1752,,0,,1539722,,15,0,,,IC50,,,,CHEMBL287,Homo sapiens,Sigma opioid receptor,9606,,,IC50,,,,
,Not Active (inhibition < 50% @ 10 uM and thus dose-reponse curve not measured),7645647,[],CHEMBL1909110,DRUGMATRIX: Sigma1 radioligand binding (ligand: [3H] Haloperidol),B,,,BAO_0000190,BAO_0000249,cell membrane format,CC(/C=C1\SC(=S)N(CC(=O)O)C1=O)=C\c1ccccc1,,,CHEMBL1909046,,,,CHEMBL56337,EPALRESTAT,CHEMBL56337,,0,,1539730,,15,0,,,IC50,,,,CHEMBL287,Homo sapiens,Sigma opioid receptor,9606,,,IC50,,,,
,Not Active (inhibition < 50% @ 10 uM and thus dose-reponse curve not measured),7646212,[],CHEMBL1909110,DRUGMATRIX: Sigma1 radioligand binding (ligand: [3H] Haloperidol),B,,,BAO_0000190,BAO_0000249,cell membrane format,CC(C)OC(=O)C(C)(C)Oc1ccc(C(=O)c2ccc(Cl)cc2)cc1,,,CHEMBL1909046,,,,CHEMBL672,FENOFIBRATE,CHEMBL672,,0,,1539762,,15,0,,,IC50,,,,CHEMBL287,Homo sapiens,Sigma opioid receptor,9606,,,IC50,,,,
,Not Active (inhibition < 50% @ 10 uM and thus dose-reponse curve not measured),7646353,[],CHEMBL1909110,DRUGMATRIX: Sigma1 radioligand binding (ligand: [3H] Haloperidol),B,,,BAO_0000190,BAO_0000249,cell membrane format,OC(Cn1cncn1)(Cn1cncn1)c1ccc(F)cc1F,,,CHEMBL1909046,,,,CHEMBL106,FLUCONAZOLE,CHEMBL106,,0,,1539770,,15,0,,,IC50,,,,CHEMBL287,Homo sapiens,Sigma opioid receptor,9606,,,IC50,,,,
,Not Active (inhibition < 50% @ 10 uM and thus dose-reponse curve not measured),7646451,[],CHEMBL1909110,DRUGMATRIX: Sigma1 radioligand binding (ligand: [3H] Haloperidol),B,,,BAO_0000190,BAO_0000249,cell membrane format,CC1(C)O[C@@H]2C[C@H]3[C@@H]4C[C@H](F)C5=CC(=O)C=C[C@]5(C)[C@@]4(F)[C@@H](O)C[C@]3(C)[C@]2(C(=O)CO)O1,,,CHEMBL1909046,,,,CHEMBL989,FLUOCINOLONE ACETONIDE,CHEMBL989,,0,,1539778,,15,0,,,IC50,,,,CHEMBL287,Homo sapiens,Sigma opioid receptor,9606,,,IC50,,,,
,Not Active (inhibition < 50% @ 10 uM and thus dose-reponse curve not measured),7647345,[],CHEMBL1909110,DRUGMATRIX: Sigma1 radioligand binding (ligand: [3H] Haloperidol),B,,,BAO_0000190,BAO_0000249,cell membrane format,Clc1cc(Cl)c(OCC#CI)cc1Cl,,,CHEMBL1909046,,,,CHEMBL1289,HALOPROGIN,CHEMBL1289,,0,,1539827,,15,0,,,IC50,,,,CHEMBL287,Homo sapiens,Sigma opioid receptor,9606,,,IC50,,,,
,Not Active (inhibition < 50% @ 10 uM and thus dose-reponse curve not measured),7647457,[],CHEMBL1909110,DRUGMATRIX: Sigma1 radioligand binding (ligand: [3H] Haloperidol),B,,,BAO_0000190,BAO_0000249,cell membrane format,C[C@]12CCC(=O)C=C1CC[C@@H]1[C@@H]2[C@@H](O)C[C@@]2(C)[C@H]1CC[C@]2(O)C(=O)CO,,,CHEMBL1909046,,,,CHEMBL389621,HYDROCORTISONE,CHEMBL389621,,0,,1539835,,15,0,,,IC50,,,,CHEMBL287,Homo sapiens,Sigma opioid receptor,9606,,,IC50,,,,
,Not Active (inhibition < 50% @ 10 uM and thus dose-reponse curve not measured),7647581,[],CHEMBL1909110,DRUGMATRIX: Sigma1 radioligand binding (ligand: [3H] Haloperidol),B,,,BAO_0000190,BAO_0000249,cell membrane format,CC(C)Cn1cnc2c(N)nc3ccccc3c21,,,CHEMBL1909046,,,,CHEMBL1282,IMIQUIMOD,CHEMBL1282,,0,,1539845,,15,0,,,IC50,,,,CHEMBL287,Homo sapiens,Sigma opioid receptor,9606,,,IC50,,,,
,Not Active (inhibition < 50% @ 10 uM and thus dose-reponse curve not measured),7647989,[],CHEMBL1909110,DRUGMATRIX: Sigma1 radioligand binding (ligand: [3H] Haloperidol),B,,,BAO_0000190,BAO_0000249,cell membrane format,CCC(=O)O[C@H]1[C@H](O[C@@H]2[C@@H](C)[C@H](O[C@H]3C[C@@](C)(OC)[C@@H](O)[C@H](C)O3)[C@@H](C)C(=O)O[C@H](CC)[C@@](C)(O)[C@H](O)[C@@H](C)C(=O)[C@H](C)C[C@@]2(C)O)O[C@H](C)C[C@@H]1N(C)C,,,CHEMBL1909046,,,,CHEMBL2220427,ERYTHROMYCIN PROPIONATE,CHEMBL2220427,,0,,1539739,,15,0,,,IC50,,,,CHEMBL287,Homo sapiens,Sigma opioid receptor,9606,,,IC50,,,,
,Not Active (inhibition < 50% @ 10 uM and thus dose-reponse curve not measured),7648100,[],CHEMBL1909110,DRUGMATRIX: Sigma1 radioligand binding (ligand: [3H] Haloperidol),B,,,BAO_0000190,BAO_0000249,cell membrane format,C#C[C@]1(O)CC[C@H]2[C@@H]3CCC4=CC(=O)CC[C@]4(C)[C@H]3CC[C@@]21C,,,CHEMBL1909046,,,,CHEMBL241694,ETHISTERONE,CHEMBL241694,,0,,1539747,,15,0,,,IC50,,,,CHEMBL287,Homo sapiens,Sigma opioid receptor,9606,,,IC50,,,,
,Not Active (inhibition < 50% @ 10 uM and thus dose-reponse curve not measured),7648231,[],CHEMBL1909110,DRUGMATRIX: Sigma1 radioligand binding (ligand: [3H] Haloperidol),B,,,BAO_0000190,BAO_0000249,cell membrane format,CC12CCC(CC1)C(C)(C)O2,,,CHEMBL1909046,,,,CHEMBL485259,EUCALYPTOL,CHEMBL485259,,0,,1539755,,15,0,,,IC50,,,,CHEMBL287,Homo sapiens,Sigma opioid receptor,9606,,,IC50,,,,
,Not Active (inhibition < 50% @ 10 uM and thus dose-reponse curve not measured),7648790,[],CHEMBL1909110,DRUGMATRIX: Sigma1 radioligand binding (ligand: [3H] Haloperidol),B,,,BAO_0000190,BAO_0000249,cell membrane format,CC(C)C(=O)Nc1ccc([N+](=O)[O-])c(C(F)(F)F)c1,,,CHEMBL1909046,,,,CHEMBL806,FLUTAMIDE,CHEMBL806,,0,,1539787,,15,0,,,IC50,,,,CHEMBL287,Homo sapiens,Sigma opioid receptor,9606,,,IC50,,,,
,Not Active (inhibition < 50% @ 10 uM and thus dose-reponse curve not measured),7648932,[],CHEMBL1909110,DRUGMATRIX: Sigma1 radioligand binding (ligand: [3H] Haloperidol),B,,,BAO_0000190,BAO_0000249,cell membrane format,CC[N+](CC)(CC)CCOc1cccc(OCC[N+](CC)(CC)CC)c1OCC[N+](CC)(CC)CC.[I-].[I-].[I-],,,CHEMBL1909046,,,,CHEMBL1200993,GALLAMINE TRIETHIODIDE,CHEMBL360055,,0,,1539795,,15,0,,,IC50,,,,CHEMBL287,Homo sapiens,Sigma opioid receptor,9606,,,IC50,,,,
,Not Active (inhibition < 50% @ 10 uM and thus dose-reponse curve not measured),7649065,[],CHEMBL1909110,DRUGMATRIX: Sigma1 radioligand binding (ligand: [3H] Haloperidol),B,,,BAO_0000190,BAO_0000249,cell membrane format,CNC(C)[C@@H]1CC[C@@H](N)[C@@H](O[C@H]2[C@H](O)[C@@H](O[C@H]3OC[C@](C)(O)[C@H](NC)[C@H]3O)[C@H](N)C[C@@H]2N)O1.CN[C@@H]1[C@@H](O)[C@@H](O[C@@H]2[C@@H](O)[C@H](O[C@H]3O[C@H](C(C)N)CC[C@H]3N)[C@@H](N)C[C@H]2N)OC[C@]1(C)O.CN[C@@H]1[C@@H](O)[C@@H](O[C@@H]2[C@@H](O)[C@H](O[C@H]3O[C@H](CN)CC[C@H]3N)[C@@H](N)C[C@H]2N)OC[C@]1(C)O,,,CHEMBL1909046,,,,CHEMBL3039597,GENTAMICIN,CHEMBL3039597,,0,,1539803,,15,0,,,IC50,,,,CHEMBL287,Homo sapiens,Sigma opioid receptor,9606,,,IC50,,,,
,Not Active (inhibition < 50% @ 10 uM and thus dose-reponse curve not measured),7649181,[],CHEMBL1909110,DRUGMATRIX: Sigma1 radioligand binding (ligand: [3H] Haloperidol),B,,,BAO_0000190,BAO_0000249,cell membrane format,NCC(=O)O,,,CHEMBL1909046,,,,CHEMBL773,GLYCINE,CHEMBL773,,0,,1539811,,15,0,,,IC50,,,,CHEMBL287,Homo sapiens,Sigma opioid receptor,9606,,,IC50,,,,
,Not Active (inhibition < 50% @ 10 uM and thus dose-reponse curve not measured),7649315,[],CHEMBL1909110,DRUGMATRIX: Sigma1 radioligand binding (ligand: [3H] Haloperidol),B,,,BAO_0000190,BAO_0000249,cell membrane format,COC1=CC(=O)C[C@@H](C)[C@]12Oc1c(Cl)c(OC)cc(OC)c1C2=O,,,CHEMBL1909046,,,,CHEMBL562,GRISEOFULVIN,CHEMBL562,,0,,1539819,,15,0,,,IC50,,,,CHEMBL287,Homo sapiens,Sigma opioid receptor,9606,,,IC50,,,,
,Not Active (inhibition < 50% @ 10 uM and thus dose-reponse curve not measured),7649739,[],CHEMBL1909110,DRUGMATRIX: Sigma1 radioligand binding (ligand: [3H] Haloperidol),B,,,BAO_0000190,BAO_0000249,cell membrane format,O=P1(NCCCl)OCCCN1CCCl,,,CHEMBL1909046,,,,CHEMBL1024,IFOSFAMIDE,CHEMBL1024,,0,,1539843,,15,0,,,IC50,,,,CHEMBL287,Homo sapiens,Sigma opioid receptor,9606,,,IC50,,,,
,Not Active (inhibition < 50% @ 10 uM and thus dose-reponse curve not measured),7649858,[],CHEMBL1909110,DRUGMATRIX: Sigma1 radioligand binding (ligand: [3H] Haloperidol),B,,,BAO_0000190,BAO_0000249,cell membrane format,CC(C)(C)c1ccc(C(=O)CCCN2CCC(OC(c3ccccc3)c3ccccc3)CC2)cc1,,,CHEMBL1909046,,,,CHEMBL305660,EBASTINE,CHEMBL305660,,0,,1539723,,15,0,,,IC50,,,,CHEMBL287,Homo sapiens,Sigma opioid receptor,9606,,,IC50,,,,
,,7649945,[],CHEMBL1909110,DRUGMATRIX: Sigma1 radioligand binding (ligand: [3H] Haloperidol),B,,,BAO_0000190,BAO_0000249,cell membrane format,CCc1ccc(C(=O)C(C)CN2CCCCC2)cc1,,,CHEMBL1909046,,,"{'bei': '32.35', 'le': '0.60', 'lle': '4.84', 'sei': '41.32'}",CHEMBL1902981,EPERISONE,CHEMBL1902981,8.39,0,http://www.openphacts.org/units/Nanomolar,1539731,=,15,1,=,,IC50,nM,,4.055,CHEMBL287,Homo sapiens,Sigma opioid receptor,9606,,,IC50,uM,UO_0000065,,0.004055
,Not Active (inhibition < 50% @ 10 uM and thus dose-reponse curve not measured),7650516,[],CHEMBL1909110,DRUGMATRIX: Sigma1 radioligand binding (ligand: [3H] Haloperidol),B,,,BAO_0000190,BAO_0000249,cell membrane format,CC(C(=O)O)c1cccc(Oc2ccccc2)c1,,,CHEMBL1909046,,,,CHEMBL1297,FENOPROFEN,CHEMBL1297,,0,,1539763,,15,0,,,IC50,,,,CHEMBL287,Homo sapiens,Sigma opioid receptor,9606,,,IC50,,,,
,Not Active (inhibition < 50% @ 10 uM and thus dose-reponse curve not measured),7650658,[],CHEMBL1909110,DRUGMATRIX: Sigma1 radioligand binding (ligand: [3H] Haloperidol),B,,,BAO_0000190,BAO_0000249,cell membrane format,Nc1nc(=O)[nH]cc1F,,,CHEMBL1909046,,,,CHEMBL1463,FLUCYTOSINE,CHEMBL1463,,0,,1539771,,15,0,,,IC50,,,,CHEMBL287,Homo sapiens,Sigma opioid receptor,9606,,,IC50,,,,
,Not Active (inhibition < 50% @ 10 uM and thus dose-reponse curve not measured),7650753,[],CHEMBL1909110,DRUGMATRIX: Sigma1 radioligand binding (ligand: [3H] Haloperidol),B,,,BAO_0000190,BAO_0000249,cell membrane format,CC(=O)OCC(=O)[C@@]12OC(C)(C)O[C@@H]1C[C@H]1[C@@H]3C[C@H](F)C4=CC(=O)C=C[C@]4(C)[C@@]3(F)[C@@H](O)C[C@@]12C,,,CHEMBL1909046,,,,CHEMBL1501,FLUOCINONIDE,CHEMBL1501,,0,,1539779,,15,0,,,IC50,,,,CHEMBL287,Homo sapiens,Sigma opioid receptor,9606,,,IC50,,,,
,Not Active (inhibition < 50% @ 10 uM and thus dose-reponse curve not measured),7651664,[],CHEMBL1909110,DRUGMATRIX: Sigma1 radioligand binding (ligand: [3H] Haloperidol),B,,,BAO_0000190,BAO_0000249,cell membrane format,COC(=O)C[C@](O)(CCC(C)(C)O)C(=O)O[C@@H]1C(OC)=C[C@]23CCCN2CCc2cc4c(cc2[C@H]13)OCO4,,,CHEMBL1909046,,,,CHEMBL433257,HARRINGTONINE,CHEMBL433257,,0,,1539828,,15,0,,,IC50,,,,CHEMBL287,Homo sapiens,Sigma opioid receptor,9606,,,IC50,,,,
,Not Active (inhibition < 50% @ 10 uM and thus dose-reponse curve not measured),7651773,[],CHEMBL1909110,DRUGMATRIX: Sigma1 radioligand binding (ligand: [3H] Haloperidol),B,,,BAO_0000190,BAO_0000249,cell membrane format,CCN(CCO)CCCC(C)Nc1ccnc2cc(Cl)ccc12,,,CHEMBL1909046,,,,CHEMBL1535,HYDROXYCHLOROQUINE,CHEMBL1535,,0,,1539836,,15,0,,,IC50,,,,CHEMBL287,Homo sapiens,Sigma opioid receptor,9606,,,IC50,,,,
,Not Active (inhibition < 50% @ 10 uM and thus dose-reponse curve not measured),7652231,[],CHEMBL1909110,DRUGMATRIX: Sigma1 radioligand binding (ligand: [3H] Haloperidol),B,,,BAO_0000190,BAO_0000249,cell membrane format,CNC[C@H](O)c1ccc(O)c(O)c1,,,CHEMBL1909046,,,,CHEMBL679,EPINEPHRINE,CHEMBL679,,0,,1539732,,15,0,,,IC50,,,,CHEMBL287,Homo sapiens,Sigma opioid receptor,9606,,,IC50,,,,
,Not Active (inhibition < 50% @ 10 uM and thus dose-reponse curve not measured),7652311,[],CHEMBL1909110,DRUGMATRIX: Sigma1 radioligand binding (ligand: [3H] Haloperidol),B,,,BAO_0000190,BAO_0000249,cell membrane format,COC(=O)CCc1ccc(OCC(O)CNC(C)C)cc1,,,CHEMBL1909046,,,,CHEMBL768,ESMOLOL,CHEMBL768,,0,,1539740,,15,0,,,IC50,,,,CHEMBL287,Homo sapiens,Sigma opioid receptor,9606,,,IC50,,,,
,Not Active (inhibition < 50% @ 10 uM and thus dose-reponse curve not measured),7652420,[],CHEMBL1909110,DRUGMATRIX: Sigma1 radioligand binding (ligand: [3H] Haloperidol),B,,,BAO_0000190,BAO_0000249,cell membrane format,CCC1(C)CC(=O)NC1=O,,,CHEMBL1909046,,,,CHEMBL696,ETHOSUXIMIDE,CHEMBL696,,0,,1539748,,15,0,,,IC50,,,,CHEMBL287,Homo sapiens,Sigma opioid receptor,9606,,,IC50,,,,
,Not Active (inhibition < 50% @ 10 uM and thus dose-reponse curve not measured),7652551,[],CHEMBL1909110,DRUGMATRIX: Sigma1 radioligand binding (ligand: [3H] Haloperidol),B,,,BAO_0000190,BAO_0000249,cell membrane format,C=CCc1ccc(O)c(OC)c1,,,CHEMBL1909046,,,,CHEMBL42710,EUGENOL,CHEMBL42710,,0,,1539756,,15,0,,,IC50,,,,CHEMBL287,Homo sapiens,Sigma opioid receptor,9606,,,IC50,,,,
,Not Active (inhibition < 50% @ 10 uM and thus dose-reponse curve not measured),7653101,[],CHEMBL1909110,DRUGMATRIX: Sigma1 radioligand binding (ligand: [3H] Haloperidol),B,,,BAO_0000190,BAO_0000249,cell membrane format,CC(C)n1c(/C=C/C(O)CC(O)CC(=O)O)c(-c2ccc(F)cc2)c2ccccc21,,,CHEMBL1909046,,,,CHEMBL2220442,FLUVASTATIN,CHEMBL2220442,,0,,1539788,,15,0,,,IC50,,,,CHEMBL287,Homo sapiens,Sigma opioid receptor,9606,,,IC50,,,,
,Not Active (inhibition < 50% @ 10 uM and thus dose-reponse curve not measured),7653245,[],CHEMBL1909110,DRUGMATRIX: Sigma1 radioligand binding (ligand: [3H] Haloperidol),B,,,BAO_0000190,BAO_0000249,cell membrane format,OC[C@H]1OC2C3[C@@H](CO)OC(O[C@H]4[C@H](O)[C@@H](O)[C@@H](O[C@H]5[C@H](O)[C@@H](O)[C@@H](O[C@H]6[C@H](O)[C@@H](O)[C@@H](O[C@H]7[C@H](O)[C@@H](O)[C@@H](O[C@H]8[C@H](O)[C@@H](O)[C@@H](O[C@H]9[C@H](O)[C@@H](O)C(OC1[C@H](O)[C@H]2O)O[C@@H]9CO)O[C@@H]8CO)O[C@@H]7CO)O[C@@H]6CO)O[C@@H]5CO)O[C@@H]4CO)[C@H](O)[C@H]3O,,,CHEMBL1909046,,,,CHEMBL407030,,CHEMBL407030,,0,,1539796,,15,0,,,IC50,,,,CHEMBL287,Homo sapiens,Sigma opioid receptor,9606,,,IC50,,,,
,Not Active (inhibition < 50% @ 10 uM and thus dose-reponse curve not measured),7653348,[],CHEMBL1909110,DRUGMATRIX: Sigma1 radioligand binding (ligand: [3H] Haloperidol),B,,,BAO_0000190,BAO_0000249,cell membrane format,CN(C)c1ccc(C(=C2C=CC(=[N+](C)C)C=C2)c2ccc(N(C)C)cc2)cc1.[Cl-],,,CHEMBL1909046,,,,CHEMBL64894,GENTIAN VIOLET,CHEMBL459265,,0,,1539804,,15,0,,,IC50,,,,CHEMBL287,Homo sapiens,Sigma opioid receptor,9606,,,IC50,,,,
,Not Active (inhibition < 50% @ 10 uM and thus dose-reponse curve not measured),7653491,[],CHEMBL1909110,DRUGMATRIX: Sigma1 radioligand binding (ligand: [3H] Haloperidol),B,,,BAO_0000190,BAO_0000249,cell membrane format,O=C(O)CO,,,CHEMBL1909046,,,,CHEMBL252557,GLYCOLIC ACID,CHEMBL252557,,0,,1539812,,15,0,,,IC50,,,,CHEMBL287,Homo sapiens,Sigma opioid receptor,9606,,,IC50,,,,
,Not Active (inhibition < 50% @ 10 uM and thus dose-reponse curve not measured),7653625,[],CHEMBL1909110,DRUGMATRIX: Sigma1 radioligand binding (ligand: [3H] Haloperidol),B,,,BAO_0000190,BAO_0000249,cell membrane format,COc1ccccc1OCC(O)CO,,,CHEMBL1909046,,,,CHEMBL980,GUAIFENESIN,CHEMBL980,,0,,1539820,,15,0,,,IC50,,,,CHEMBL287,Homo sapiens,Sigma opioid receptor,9606,,,IC50,,,,
,Not Active (inhibition < 50% @ 10 uM and thus dose-reponse curve not measured),7654065,[],CHEMBL1909110,DRUGMATRIX: Sigma1 radioligand binding (ligand: [3H] Haloperidol),B,,,BAO_0000190,BAO_0000249,cell membrane format,Cc1ccc(NC(=O)c2ccc(CN3CCN(C)CC3)cc2)cc1Nc1nccc(-c2cccnc2)n1,,,CHEMBL1909046,,,,CHEMBL941,IMATINIB,CHEMBL941,,0,,1539844,,15,0,,,IC50,,,,CHEMBL287,Homo sapiens,Sigma opioid receptor,9606,,,IC50,,,,
,,7654128,[],CHEMBL1909110,DRUGMATRIX: Sigma1 radioligand binding (ligand: [3H] Haloperidol),B,,,BAO_0000190,BAO_0000249,cell membrane format,Clc1ccc(COC(Cn2ccnc2)c2ccc(Cl)cc2Cl)cc1,,,CHEMBL1909046,,,"{'bei': '12.25', 'le': '0.27', 'lle': '-1.12', 'sei': '17.28'}",CHEMBL808,ECONAZOLE,CHEMBL808,4.68,0,http://www.openphacts.org/units/Nanomolar,1539724,=,15,1,=,,IC50,nM,,21109.0,CHEMBL287,Homo sapiens,Sigma opioid receptor,9606,,,IC50,uM,UO_0000065,,21.109
,Not Active (inhibition < 50% @ 10 uM and thus dose-reponse curve not measured),7654825,[],CHEMBL1909110,DRUGMATRIX: Sigma1 radioligand binding (ligand: [3H] Haloperidol),B,,,BAO_0000190,BAO_0000249,cell membrane format,COc1cc(/C=C/C(=O)O)ccc1O,,,CHEMBL1909046,,,,CHEMBL32749,FERULATE,CHEMBL32749,,0,,1539764,,15,0,,,IC50,,,,CHEMBL287,Homo sapiens,Sigma opioid receptor,9606,,,IC50,,,,
,Not Active (inhibition < 50% @ 10 uM and thus dose-reponse curve not measured),7654968,[],CHEMBL1909110,DRUGMATRIX: Sigma1 radioligand binding (ligand: [3H] Haloperidol),B,,,BAO_0000190,BAO_0000249,cell membrane format,Nc1nc(F)nc2c1ncn2[C@@H]1O[C@H](CO)[C@@H](O)[C@@H]1O,,,CHEMBL1909046,,,,CHEMBL1568,FLUDARABINE,CHEMBL1568,,0,,1539772,,15,0,,,IC50,,,,CHEMBL287,Homo sapiens,Sigma opioid receptor,9606,,,IC50,,,,
,Not Active (inhibition < 50% @ 10 uM and thus dose-reponse curve not measured),7655062,[],CHEMBL1909110,DRUGMATRIX: Sigma1 radioligand binding (ligand: [3H] Haloperidol),B,,,BAO_0000190,BAO_0000249,cell membrane format,O=C1OC2(c3ccc(O)cc3Oc3cc(O)ccc32)c2ccccc21,,,CHEMBL1909046,,,,CHEMBL1057,,CHEMBL1057,,0,,1539780,,15,0,,,IC50,,,,CHEMBL287,Homo sapiens,Sigma opioid receptor,9606,,,IC50,,,,
,Not Active (inhibition < 50% @ 10 uM and thus dose-reponse curve not measured),7655944,[],CHEMBL1909110,DRUGMATRIX: Sigma1 radioligand binding (ligand: [3H] Haloperidol),B,,,BAO_0000190,BAO_0000249,cell membrane format,Oc1c(Cl)cc(Cl)c(Cl)c1Cc1c(O)c(Cl)cc(Cl)c1Cl,,,CHEMBL1909046,,,,CHEMBL496,HEXACHLOROPHENE,CHEMBL496,,0,,1539829,,15,0,,,IC50,,,,CHEMBL287,Homo sapiens,Sigma opioid receptor,9606,,,IC50,,,,
,Not Active (inhibition < 50% @ 10 uM and thus dose-reponse curve not measured),7656073,[],CHEMBL1909110,DRUGMATRIX: Sigma1 radioligand binding (ligand: [3H] Haloperidol),B,,,BAO_0000190,BAO_0000249,cell membrane format,CC(=O)[C@@]1(O)CC[C@H]2[C@@H]3CCC4=CC(=O)CC[C@]4(C)[C@H]3CC[C@@]21C,,,CHEMBL1909046,,,,CHEMBL1062,HYDROXYPROGESTERONE,CHEMBL1062,,0,,1539837,,15,0,,,IC50,,,,CHEMBL287,Homo sapiens,Sigma opioid receptor,9606,,,IC50,,,,
,Not Active (inhibition < 50% @ 10 uM and thus dose-reponse curve not measured),7656505,[],CHEMBL1909110,DRUGMATRIX: Sigma1 radioligand binding (ligand: [3H] Haloperidol),B,,,BAO_0000190,BAO_0000249,cell membrane format,COc1cccc2c1C(=O)c1c(O)c3c(c(O)c1C2=O)C[C@@](O)(C(=O)CO)C[C@@H]3O[C@H]1C[C@H](N)[C@@H](O)[C@H](C)O1,,,CHEMBL1909046,,,,CHEMBL417,EPIRUBICIN,CHEMBL417,,0,,1539733,,15,0,,,IC50,,,,CHEMBL287,Homo sapiens,Sigma opioid receptor,9606,,,IC50,,,,
,Not Active (inhibition < 50% @ 10 uM and thus dose-reponse curve not measured),7656583,[],CHEMBL1909110,DRUGMATRIX: Sigma1 radioligand binding (ligand: [3H] Haloperidol),B,,,BAO_0000190,BAO_0000249,cell membrane format,C[C@]12CC[C@@H]3c4ccc(O)cc4CC[C@H]3[C@@H]1C[C@@H](O)[C@@H]2O,,,CHEMBL1909046,,,,CHEMBL193482,ESTRIOL,CHEMBL193482,,0,,1539741,,15,0,,,IC50,,,,CHEMBL287,Homo sapiens,Sigma opioid receptor,9606,,,IC50,,,,
,Not Active (inhibition < 50% @ 10 uM and thus dose-reponse curve not measured),7656697,[],CHEMBL1909110,DRUGMATRIX: Sigma1 radioligand binding (ligand: [3H] Haloperidol),B,,,BAO_0000190,BAO_0000249,cell membrane format,OCCO,,,CHEMBL1909046,,,,CHEMBL457299,MACROGOL,CHEMBL457299,,0,,1539749,,15,0,,,IC50,,,,CHEMBL287,Homo sapiens,Sigma opioid receptor,9606,,,IC50,,,,
,Not Active (inhibition < 50% @ 10 uM and thus dose-reponse curve not measured),7656830,[],CHEMBL1909110,DRUGMATRIX: Sigma1 radioligand binding (ligand: [3H] Haloperidol),B,,,BAO_0000190,BAO_0000249,cell membrane format,CC(=O)OCC(CCn1cnc2cnc(N)nc21)COC(C)=O,,,CHEMBL1909046,,,,CHEMBL880,FAMCICLOVIR,CHEMBL880,,0,,1539757,,15,0,,,IC50,,,,CHEMBL287,Homo sapiens,Sigma opioid receptor,9606,,,IC50,,,,
,Not Active (inhibition < 50% @ 10 uM and thus dose-reponse curve not measured),7657384,[],CHEMBL1909110,DRUGMATRIX: Sigma1 radioligand binding (ligand: [3H] Haloperidol),B,,,BAO_0000190,BAO_0000249,cell membrane format,O=C(O)P(=O)(O)O,,,CHEMBL1909046,,,,CHEMBL666,FOSCARNET,CHEMBL666,,0,,1539789,,15,0,,,IC50,,,,CHEMBL287,Homo sapiens,Sigma opioid receptor,9606,,,IC50,,,,
,Not Active (inhibition < 50% @ 10 uM and thus dose-reponse curve not measured),7657528,[],CHEMBL1909110,DRUGMATRIX: Sigma1 radioligand binding (ligand: [3H] Haloperidol),B,,,BAO_0000190,BAO_0000249,cell membrane format,Nc1nc2c(ncn2COC(CO)CO)c(=O)[nH]1,,,CHEMBL1909046,,,,CHEMBL182,GANCICLOVIR,CHEMBL182,,0,,1539797,,15,0,,,IC50,,,,CHEMBL287,Homo sapiens,Sigma opioid receptor,9606,,,IC50,,,,
,Not Active (inhibition < 50% @ 10 uM and thus dose-reponse curve not measured),7657624,[],CHEMBL1909110,DRUGMATRIX: Sigma1 radioligand binding (ligand: [3H] Haloperidol),B,,,BAO_0000190,BAO_0000249,cell membrane format,CC(C)=CCC/C(C)=C/CO,,,CHEMBL1909046,,,,CHEMBL25719,GERANIOL,CHEMBL25719,,0,,1539805,,15,0,,,IC50,,,,CHEMBL287,Homo sapiens,Sigma opioid receptor,9606,,,IC50,,,,
,Not Active (inhibition < 50% @ 10 uM and thus dose-reponse curve not measured),7657767,[],CHEMBL1909110,DRUGMATRIX: Sigma1 radioligand binding (ligand: [3H] Haloperidol),B,,,BAO_0000190,BAO_0000249,cell membrane format,CC1(C)[C@@H](O[C@H]2O[C@H](C(=O)O)[C@@H](O)[C@H](O)[C@H]2O[C@@H]2O[C@H](C(=O)O)[C@@H](O)[C@H](O)[C@H]2O)CC[C@]2(C)[C@H]3C(=O)C=C4[C@@H]5C[C@@](C)(C(=O)O)CC[C@]5(C)CC[C@@]4(C)[C@]3(C)CC[C@@H]12,,,CHEMBL1909046,,,,CHEMBL441687,GLYCYRRHIZIN,CHEMBL441687,,0,,1539813,,15,0,,,IC50,,,,CHEMBL287,Homo sapiens,Sigma opioid receptor,9606,,,IC50,,,,
,Not Active (inhibition < 50% @ 10 uM and thus dose-reponse curve not measured),7657890,[],CHEMBL1909110,DRUGMATRIX: Sigma1 radioligand binding (ligand: [3H] Haloperidol),B,,,BAO_0000190,BAO_0000249,cell membrane format,N=C(N)N/N=C/c1c(Cl)cccc1Cl,,,CHEMBL1909046,,,,CHEMBL420,GUANABENZ,CHEMBL420,,0,,1539821,,15,0,,,IC50,,,,CHEMBL287,Homo sapiens,Sigma opioid receptor,9606,,,IC50,,,,
,Not Active (inhibition < 50% @ 10 uM and thus dose-reponse curve not measured),7658365,[],CHEMBL1909110,DRUGMATRIX: Sigma1 radioligand binding (ligand: [3H] Haloperidol),B,,,BAO_0000190,BAO_0000249,cell membrane format,CC1=NN(c2ccccc2)C(=O)C1,,,CHEMBL1909046,,,,CHEMBL290916,EDARAVONE,CHEMBL290916,,0,,1539725,,15,0,,,IC50,,,,CHEMBL287,Homo sapiens,Sigma opioid receptor,9606,,,IC50,,,,
,Not Active (inhibition < 50% @ 10 uM and thus dose-reponse curve not measured),7659075,[],CHEMBL1909110,DRUGMATRIX: Sigma1 radioligand binding (ligand: [3H] Haloperidol),B,,,BAO_0000190,BAO_0000249,cell membrane format,CC(C)(C(=O)O)c1ccc(C(O)CCCN2CCC(C(O)(c3ccccc3)c3ccccc3)CC2)cc1,,,CHEMBL1909046,,,,CHEMBL914,FEXOFENADINE,CHEMBL914,,0,,1539765,,15,0,,,IC50,,,,CHEMBL287,Homo sapiens,Sigma opioid receptor,9606,,,IC50,,,,
,Not Active (inhibition < 50% @ 10 uM and thus dose-reponse curve not measured),7659216,[],CHEMBL1909110,DRUGMATRIX: Sigma1 radioligand binding (ligand: [3H] Haloperidol),B,,,BAO_0000190,BAO_0000249,cell membrane format,CC(=O)OCC(=O)[C@@]1(O)CC[C@H]2[C@@H]3CCC4=CC(=O)CC[C@]4(C)[C@@]3(F)[C@@H](O)C[C@@]21C,,,CHEMBL1909046,,,,CHEMBL1201010,FLUDROCORTISONE ACETATE,CHEMBL1201010,,0,,1539773,,15,0,,,IC50,,,,CHEMBL287,Homo sapiens,Sigma opioid receptor,9606,,,IC50,,,,
,Not Active (inhibition < 50% @ 10 uM and thus dose-reponse curve not measured),7659309,[],CHEMBL1909110,DRUGMATRIX: Sigma1 radioligand binding (ligand: [3H] Haloperidol),B,,,BAO_0000190,BAO_0000249,cell membrane format,CC(=O)[C@@]1(O)CC[C@H]2[C@@H]3C[C@H](C)C4=CC(=O)C=C[C@]4(C)[C@@]3(F)[C@@H](O)C[C@@]21C,,,CHEMBL1909046,,,,CHEMBL1200600,FLUOROMETHOLONE,CHEMBL1200600,,0,,1539781,,15,0,,,IC50,,,,CHEMBL287,Homo sapiens,Sigma opioid receptor,9606,,,IC50,,,,
,Not Active (inhibition < 50% @ 10 uM and thus dose-reponse curve not measured),7660177,[],CHEMBL1909110,DRUGMATRIX: Sigma1 radioligand binding (ligand: [3H] Haloperidol),B,,,BAO_0000190,BAO_0000249,cell membrane format,Br.CN1[C@@H]2CC[C@H]1C[C@@H](OC(=O)C(O)c1ccccc1)C2,,,CHEMBL1909046,,,,CHEMBL1319362,HOMATROPINE HYDROBROMIDE,CHEMBL1618018,,0,,1539830,,15,0,,,IC50,,,,CHEMBL287,Homo sapiens,Sigma opioid receptor,9606,,,IC50,,,,
,Not Active (inhibition < 50% @ 10 uM and thus dose-reponse curve not measured),7660310,[],CHEMBL1909110,DRUGMATRIX: Sigma1 radioligand binding (ligand: [3H] Haloperidol),B,,,BAO_0000190,BAO_0000249,cell membrane format,NC(=O)NO,,,CHEMBL1909046,,,,CHEMBL467,HYDROXYUREA,CHEMBL467,,0,,1539838,,15,0,,,IC50,,,,CHEMBL287,Homo sapiens,Sigma opioid receptor,9606,,,IC50,,,,
,Not Active (inhibition < 50% @ 10 uM and thus dose-reponse curve not measured),7660359,[],CHEMBL1909110,DRUGMATRIX: Sigma1 radioligand binding (ligand: [3H] Haloperidol),B,,,BAO_0000190,BAO_0000249,cell membrane format,C[C@H]1O[C@@H](n2cc(F)c(=O)[nH]c2=O)[C@H](O)[C@@H]1O,,,CHEMBL1909046,,,,CHEMBL1130,DOXIFLURIDINE,CHEMBL1130,,0,,1539717,,15,0,,,IC50,,,,CHEMBL287,Homo sapiens,Sigma opioid receptor,9606,,,IC50,,,,
,Not Active (inhibition < 50% @ 10 uM and thus dose-reponse curve not measured),7660738,[],CHEMBL1909110,DRUGMATRIX: Sigma1 radioligand binding (ligand: [3H] Haloperidol),B,,,BAO_0000190,BAO_0000249,cell membrane format,C=C1CC[C@H](O)C/C1=C/C=C1\CCC[C@]2(C)[C@@H]([C@H](C)/C=C/[C@H](C)C(C)C)CC[C@@H]12,,,CHEMBL1909046,,,,CHEMBL1536,ERGOCALCIFEROL,CHEMBL1536,,0,,1539734,,15,0,,,IC50,,,,CHEMBL287,Homo sapiens,Sigma opioid receptor,9606,,,IC50,,,,
,Not Active (inhibition < 50% @ 10 uM and thus dose-reponse curve not measured),7660812,[],CHEMBL1909110,DRUGMATRIX: Sigma1 radioligand binding (ligand: [3H] Haloperidol),B,,,BAO_0000190,BAO_0000249,cell membrane format,C[C@]12CC[C@@H]3c4ccc(O)cc4CC[C@H]3[C@@H]1CCC2=O,,,CHEMBL1909046,,,,CHEMBL1405,ESTRONE,CHEMBL1405,,0,,1539742,,15,0,,,IC50,,,,CHEMBL287,Homo sapiens,Sigma opioid receptor,9606,,,IC50,,,,
,Not Active (inhibition < 50% @ 10 uM and thus dose-reponse curve not measured),7660928,[],CHEMBL1909110,DRUGMATRIX: Sigma1 radioligand binding (ligand: [3H] Haloperidol),B,,,BAO_0000190,BAO_0000249,cell membrane format,CC[C@]1(O)CC[C@H]2[C@@H]3CCC4=CCCC[C@@H]4[C@H]3CC[C@@]21C,,,CHEMBL1909046,,,,CHEMBL1200623,ETHYLESTRENOL,CHEMBL1200623,,0,,1539750,,15,0,,,IC50,,,,CHEMBL287,Homo sapiens,Sigma opioid receptor,9606,,,IC50,,,,
,Not Active (inhibition < 50% @ 10 uM and thus dose-reponse curve not measured),7661066,[],CHEMBL1909110,DRUGMATRIX: Sigma1 radioligand binding (ligand: [3H] Haloperidol),B,,,BAO_0000190,BAO_0000249,cell membrane format,NC(N)=Nc1nc(CSCC/C(N)=N/S(N)(=O)=O)cs1,,,CHEMBL1909046,,,,CHEMBL902,FAMOTIDINE,CHEMBL902,,0,,1539758,,15,0,,,IC50,,,,CHEMBL287,Homo sapiens,Sigma opioid receptor,9606,,,IC50,,,,
,Not Active (inhibition < 50% @ 10 uM and thus dose-reponse curve not measured),7661621,[],CHEMBL1909110,DRUGMATRIX: Sigma1 radioligand binding (ligand: [3H] Haloperidol),B,,,BAO_0000190,BAO_0000249,cell membrane format,O=C1OCCN1/N=C/c1ccc([N+](=O)[O-])o1,,,CHEMBL1909046,,,,CHEMBL1103,FURAZOLIDONE,CHEMBL1103,,0,,1539790,,15,0,,,IC50,,,,CHEMBL287,Homo sapiens,Sigma opioid receptor,9606,,,IC50,,,,
,Not Active (inhibition < 50% @ 10 uM and thus dose-reponse curve not measured),7661765,[],CHEMBL1909110,DRUGMATRIX: Sigma1 radioligand binding (ligand: [3H] Haloperidol),B,,,BAO_0000190,BAO_0000249,cell membrane format,COc1c(N2CCNC(C)C2)c(F)cc2c(=O)c(C(=O)O)cn(C3CC3)c12,,,CHEMBL1909046,,,,CHEMBL31,GATIFLOXACIN,CHEMBL31,,0,,1539798,,15,0,,,IC50,,,,CHEMBL287,Homo sapiens,Sigma opioid receptor,9606,,,IC50,,,,
,Not Active (inhibition < 50% @ 10 uM and thus dose-reponse curve not measured),7661861,[],CHEMBL1909110,DRUGMATRIX: Sigma1 radioligand binding (ligand: [3H] Haloperidol),B,,,BAO_0000190,BAO_0000249,cell membrane format,Cc1ccc(S(=O)(=O)NC(=O)NN2CC3CCCC3C2)cc1,,,CHEMBL1909046,,,,CHEMBL427216,GLICLAZIDE,CHEMBL427216,,0,,1539806,,15,0,,,IC50,,,,CHEMBL287,Homo sapiens,Sigma opioid receptor,9606,,,IC50,,,,
,Not Active (inhibition < 50% @ 10 uM and thus dose-reponse curve not measured),7662004,[],CHEMBL1909110,DRUGMATRIX: Sigma1 radioligand binding (ligand: [3H] Haloperidol),B,,,BAO_0000190,BAO_0000249,cell membrane format,O=C(O)CNCP(=O)(O)O,,,CHEMBL1909046,,,,CHEMBL95764,GLYPHOSATE,CHEMBL95764,,0,,1539814,,15,0,,,IC50,,,,CHEMBL287,Homo sapiens,Sigma opioid receptor,9606,,,IC50,,,,
,Not Active (inhibition < 50% @ 10 uM and thus dose-reponse curve not measured),7662122,[],CHEMBL1909110,DRUGMATRIX: Sigma1 radioligand binding (ligand: [3H] Haloperidol),B,,,BAO_0000190,BAO_0000249,cell membrane format,N=C(N)NCCN1CCCCCCC1,,,CHEMBL1909046,,,,CHEMBL765,GUANETHIDINE,CHEMBL765,,0,,1539822,,15,0,,,IC50,,,,CHEMBL287,Homo sapiens,Sigma opioid receptor,9606,,,IC50,,,,
,Not Active (inhibition < 50% @ 10 uM and thus dose-reponse curve not measured),7662597,[],CHEMBL1909110,DRUGMATRIX: Sigma1 radioligand binding (ligand: [3H] Haloperidol),B,,,BAO_0000190,BAO_0000249,cell membrane format,CC[C@H]1CN2CCc3cc(OC)c(OC)cc3[C@@H]2C[C@@H]1C[C@H]1NCCc2cc(OC)c(OC)cc21,,,CHEMBL1909046,,,,CHEMBL50588,EMETINE,CHEMBL50588,,0,,1539726,,15,0,,,IC50,,,,CHEMBL287,Homo sapiens,Sigma opioid receptor,9606,,,IC50,,,,
,Not Active (inhibition < 50% @ 10 uM and thus dose-reponse curve not measured),7663311,[],CHEMBL1909110,DRUGMATRIX: Sigma1 radioligand binding (ligand: [3H] Haloperidol),B,,,BAO_0000190,BAO_0000249,cell membrane format,CC(C)(C)NC(=O)[C@H]1CC[C@H]2[C@@H]3CC[C@H]4NC(=O)C=C[C@]4(C)[C@H]3CC[C@]12C,,,CHEMBL1909046,,,,CHEMBL710,FINASTERIDE,CHEMBL710,,0,,1539766,,15,0,,,IC50,,,,CHEMBL287,Homo sapiens,Sigma opioid receptor,9606,,,IC50,,,,
,Not Active (inhibition < 50% @ 10 uM and thus dose-reponse curve not measured),7663452,[],CHEMBL1909110,DRUGMATRIX: Sigma1 radioligand binding (ligand: [3H] Haloperidol),B,,,BAO_0000190,BAO_0000249,cell membrane format,CCOC(=O)c1ncn2c1CN(C)C(=O)c1cc(F)ccc1-2,,,CHEMBL1909046,,,,CHEMBL407,FLUMAZENIL,CHEMBL407,,0,,1539774,,15,0,,,IC50,,,,CHEMBL287,Homo sapiens,Sigma opioid receptor,9606,,,IC50,,,,
,Not Active (inhibition < 50% @ 10 uM and thus dose-reponse curve not measured),7663561,[],CHEMBL1909110,DRUGMATRIX: Sigma1 radioligand binding (ligand: [3H] Haloperidol),B,,,BAO_0000190,BAO_0000249,cell membrane format,O=c1[nH]cc(F)c(=O)[nH]1,,,CHEMBL1909046,,,,CHEMBL185,FLUOROURACIL,CHEMBL185,,0,,1539782,,15,0,,,IC50,,,,CHEMBL287,Homo sapiens,Sigma opioid receptor,9606,,,IC50,,,,
,Not Active (inhibition < 50% @ 10 uM and thus dose-reponse curve not measured),7664430,[],CHEMBL1909110,DRUGMATRIX: Sigma1 radioligand binding (ligand: [3H] Haloperidol),B,,,BAO_0000190,BAO_0000249,cell membrane format,C/C=C1\[C@H]2C=C(C)C[C@@]1(N)c1ccc(=O)[nH]c1C2,,,CHEMBL1909046,,,,CHEMBL1255901,HUPERZINE A,CHEMBL1255901,,0,,1539831,,15,0,,,IC50,,,,CHEMBL287,Homo sapiens,Sigma opioid receptor,9606,,,IC50,,,,
,Not Active (inhibition < 50% @ 10 uM and thus dose-reponse curve not measured),7664561,[],CHEMBL1909110,DRUGMATRIX: Sigma1 radioligand binding (ligand: [3H] Haloperidol),B,,,BAO_0000190,BAO_0000249,cell membrane format,CC(C)Cc1ccc(C(C)C(=O)O)cc1,,,CHEMBL1909046,,,,CHEMBL521,IBUPROFEN,CHEMBL521,,0,,1539839,,15,0,,,IC50,,,,CHEMBL287,Homo sapiens,Sigma opioid receptor,9606,,,IC50,,,,
,Not Active (inhibition < 50% @ 10 uM and thus dose-reponse curve not measured),7664612,[],CHEMBL1909110,DRUGMATRIX: Sigma1 radioligand binding (ligand: [3H] Haloperidol),B,,,BAO_0000190,BAO_0000249,cell membrane format,Cn1c(=O)c2c(ncn2CC2OCCO2)n(C)c1=O,,,CHEMBL1909046,,,,CHEMBL1527608,DOXOFYLLINE,CHEMBL1527608,,0,,1539718,,15,0,,,IC50,,,,CHEMBL287,Homo sapiens,Sigma opioid receptor,9606,,,IC50,,,,
,Not Active (inhibition < 50% @ 10 uM and thus dose-reponse curve not measured),7664980,[],CHEMBL1909110,DRUGMATRIX: Sigma1 radioligand binding (ligand: [3H] Haloperidol),B,,,BAO_0000190,BAO_0000249,cell membrane format,CC(C)[C@H]1C(=O)N2CCC[C@H]2[C@]2(O)O[C@](NC(=O)[C@@H]3C=C4c5cccc6[nH]cc(c56)C[C@H]4N(C)C3)(C(C)C)C(=O)N12,,,CHEMBL1909046,,,,CHEMBL1385840,ERGOCORNINE,CHEMBL1385840,,0,,1539735,,15,0,,,IC50,,,,CHEMBL287,Homo sapiens,Sigma opioid receptor,9606,,,IC50,,,,
,Not Active (inhibition < 50% @ 10 uM and thus dose-reponse curve not measured),7665069,[],CHEMBL1909110,DRUGMATRIX: Sigma1 radioligand binding (ligand: [3H] Haloperidol),B,,,BAO_0000190,BAO_0000249,cell membrane format,C=C(CC)C(=O)c1ccc(OCC(=O)O)c(Cl)c1Cl,,,CHEMBL1909046,,,,CHEMBL456,ETHACRYNIC ACID,CHEMBL456,,0,,1539743,,15,0,,,IC50,,,,CHEMBL287,Homo sapiens,Sigma opioid receptor,9606,,,IC50,,,,
,Not Active (inhibition < 50% @ 10 uM and thus dose-reponse curve not measured),7665180,[],CHEMBL1909110,DRUGMATRIX: Sigma1 radioligand binding (ligand: [3H] Haloperidol),B,,,BAO_0000190,BAO_0000249,cell membrane format,C#C[C@]1(OC(C)=O)CC[C@H]2[C@@H]3CCC4=C[C@@H](OC(C)=O)CC[C@@H]4[C@H]3CC[C@@]21C,,,CHEMBL1909046,,,,CHEMBL1200624,ETHYNODIOL DIACETATE,CHEMBL1200624,,0,,1539751,,15,0,,,IC50,,,,CHEMBL287,Homo sapiens,Sigma opioid receptor,9606,,,IC50,,,,
,Not Active (inhibition < 50% @ 10 uM and thus dose-reponse curve not measured),7665321,[],CHEMBL1909110,DRUGMATRIX: Sigma1 radioligand binding (ligand: [3H] Haloperidol),B,,,BAO_0000190,BAO_0000249,cell membrane format,O=C(O)Cc1ccc(-c2ccccc2)cc1,,,CHEMBL1909046,,,,CHEMBL413965,FELBINAC,CHEMBL413965,,0,,1539759,,15,0,,,IC50,,,,CHEMBL287,Homo sapiens,Sigma opioid receptor,9606,,,IC50,,,,
,Not Active (inhibition < 50% @ 10 uM and thus dose-reponse curve not measured),7665901,[],CHEMBL1909110,DRUGMATRIX: Sigma1 radioligand binding (ligand: [3H] Haloperidol),B,,,BAO_0000190,BAO_0000249,cell membrane format,NS(=O)(=O)c1cc(C(=O)O)c(NCc2ccco2)cc1Cl,,,CHEMBL1909046,,,,CHEMBL35,FUROSEMIDE,CHEMBL35,,0,,1539791,,15,0,,,IC50,,,,CHEMBL287,Homo sapiens,Sigma opioid receptor,9606,,,IC50,,,,
,Not Active (inhibition < 50% @ 10 uM and thus dose-reponse curve not measured),7666045,[],CHEMBL1909110,DRUGMATRIX: Sigma1 radioligand binding (ligand: [3H] Haloperidol),B,,,BAO_0000190,BAO_0000249,cell membrane format,Nc1ccn([C@@H]2O[C@H](CO)[C@@H](O)C2(F)F)c(=O)n1,,,CHEMBL1909046,,,,CHEMBL888,GEMCITABINE,CHEMBL888,,0,,1539799,,15,0,,,IC50,,,,CHEMBL287,Homo sapiens,Sigma opioid receptor,9606,,,IC50,,,,
,Not Active (inhibition < 50% @ 10 uM and thus dose-reponse curve not measured),7666141,[],CHEMBL1909110,DRUGMATRIX: Sigma1 radioligand binding (ligand: [3H] Haloperidol),B,,,BAO_0000190,BAO_0000249,cell membrane format,CCC1=C(C)CN(C(=O)NCCc2ccc(S(=O)(=O)NC(=O)N[C@H]3CC[C@H](C)CC3)cc2)C1=O,,,CHEMBL1909046,,,,CHEMBL1481,GLIMEPIRIDE,CHEMBL1481,,0,,1539807,,15,0,,,IC50,,,,CHEMBL287,Homo sapiens,Sigma opioid receptor,9606,,,IC50,,,,
,Not Active (inhibition < 50% @ 10 uM and thus dose-reponse curve not measured),7666284,[],CHEMBL1909110,DRUGMATRIX: Sigma1 radioligand binding (ligand: [3H] Haloperidol),B,,,BAO_0000190,BAO_0000249,cell membrane format,,,,CHEMBL1909046,,,,CHEMBL306043,GOLD SODIUM THIOMALATE,CHEMBL306043,,0,,1539815,,15,0,,,IC50,,,,CHEMBL287,Homo sapiens,Sigma opioid receptor,9606,,,IC50,,,,
,Not Active (inhibition < 50% @ 10 uM and thus dose-reponse curve not measured),7666398,[],CHEMBL1909110,DRUGMATRIX: Sigma1 radioligand binding (ligand: [3H] Haloperidol),B,,,BAO_0000190,BAO_0000249,cell membrane format,N=C(N)NC(=O)Cc1c(Cl)cccc1Cl,,,CHEMBL1909046,,,,CHEMBL862,GUANFACINE,CHEMBL862,,0,,1539823,,15,0,,,IC50,,,,CHEMBL287,Homo sapiens,Sigma opioid receptor,9606,,,IC50,,,,
,Not Active (inhibition < 50% @ 10 uM and thus dose-reponse curve not measured),7666891,[],CHEMBL1909110,DRUGMATRIX: Sigma1 radioligand binding (ligand: [3H] Haloperidol),B,,,BAO_0000190,BAO_0000249,cell membrane format,CCOC(=O)[C@H](CCc1ccccc1)N[C@@H](C)C(=O)N1CCC[C@H]1C(=O)O,,,CHEMBL1909046,,,,CHEMBL578,ENALAPRIL,CHEMBL578,,0,,1539727,,15,0,,,IC50,,,,CHEMBL287,Homo sapiens,Sigma opioid receptor,9606,,,IC50,,,,
,Not Active (inhibition < 50% @ 10 uM and thus dose-reponse curve not measured),7667597,[],CHEMBL1909110,DRUGMATRIX: Sigma1 radioligand binding (ligand: [3H] Haloperidol),B,,,BAO_0000190,BAO_0000249,cell membrane format,Cc1c(-c2ccccc2)oc2c(C(=O)OCCN3CCCCC3)cccc2c1=O,,,CHEMBL1909046,,,,CHEMBL1493,FLAVOXATE,CHEMBL1493,,0,,1539767,,15,0,,,IC50,,,,CHEMBL287,Homo sapiens,Sigma opioid receptor,9606,,,IC50,,,,
,,7667711,[],CHEMBL1909110,DRUGMATRIX: Sigma1 radioligand binding (ligand: [3H] Haloperidol),B,,,BAO_0000190,BAO_0000249,cell membrane format,Fc1ccc(C(c2ccc(F)cc2)N2CCN(C/C=C/c3ccccc3)CC2)cc1,,,CHEMBL1909046,,,"{'bei': '18.79', 'le': '0.35', 'lle': '2.21', 'sei': '117.32'}",CHEMBL30008,FLUNARIZINE,CHEMBL30008,7.60,0,http://www.openphacts.org/units/Nanomolar,1539775,=,15,1,=,,IC50,nM,,25.0,CHEMBL287,Homo sapiens,Sigma opioid receptor,9606,,,IC50,uM,UO_0000065,,0.025
,,7667830,[],CHEMBL1909110,DRUGMATRIX: Sigma1 radioligand binding (ligand: [3H] Haloperidol),B,,,BAO_0000190,BAO_0000249,cell membrane format,CNCCC(Oc1ccc(C(F)(F)F)cc1)c1ccccc1,,,CHEMBL1909046,,,"{'bei': '20.37', 'le': '0.39', 'lle': '1.86', 'sei': '29.64'}",CHEMBL41,FLUOXETINE,CHEMBL41,6.30,0,http://www.openphacts.org/units/Nanomolar,1539783,=,15,1,=,,IC50,nM,,499.0,CHEMBL287,Homo sapiens,Sigma opioid receptor,9606,,,IC50,uM,UO_0000065,,0.499
,Not Active (inhibition < 50% @ 10 uM and thus dose-reponse curve not measured),7668746,[],CHEMBL1909110,DRUGMATRIX: Sigma1 radioligand binding (ligand: [3H] Haloperidol),B,,,BAO_0000190,BAO_0000249,cell membrane format,NNc1nncc2ccccc12,,,CHEMBL1909046,,,,CHEMBL276832,HYDRALAZINE,CHEMBL276832,,0,,1539832,,15,0,,,IC50,,,,CHEMBL287,Homo sapiens,Sigma opioid receptor,9606,,,IC50,,,,
,Not Active (inhibition < 50% @ 10 uM and thus dose-reponse curve not measured),7668878,[],CHEMBL1909110,DRUGMATRIX: Sigma1 radioligand binding (ligand: [3H] Haloperidol),B,,,BAO_0000190,BAO_0000249,cell membrane format,CC(=O)[C@]1(O)Cc2c(O)c3c(c(O)c2[C@@H](O[C@H]2C[C@H](N)[C@H](O)[C@H](C)O2)C1)C(=O)c1ccccc1C3=O,,,CHEMBL1909046,,,,CHEMBL1117,IDARUBICIN,CHEMBL1117,,0,,1539840,,15,0,,,IC50,,,,CHEMBL287,Homo sapiens,Sigma opioid receptor,9606,,,IC50,,,,
,Not Active (inhibition < 50% @ 10 uM and thus dose-reponse curve not measured),7668922,[],CHEMBL1909110,DRUGMATRIX: Sigma1 radioligand binding (ligand: [3H] Haloperidol),B,,,BAO_0000190,BAO_0000249,cell membrane format,COc1cccc2c1C(=O)c1c(O)c3c(c(O)c1C2=O)C[C@@](O)(C(=O)CO)C[C@@H]3O[C@H]1C[C@H](N)[C@H](O)[C@H](C)O1,,,CHEMBL1909046,,,,CHEMBL53463,DOXORUBICIN,CHEMBL53463,,0,,1539719,,15,0,,,IC50,,,,CHEMBL287,Homo sapiens,Sigma opioid receptor,9606,,,IC50,,,,
,Not Active (inhibition < 50% @ 10 uM and thus dose-reponse curve not measured),7669282,[],CHEMBL1909110,DRUGMATRIX: Sigma1 radioligand binding (ligand: [3H] Haloperidol),B,,,BAO_0000190,BAO_0000249,cell membrane format,C[C@@H](CO)NC(=O)[C@@H]1C=C2c3cccc4[nH]cc(c34)C[C@H]2N(C)C1,,,CHEMBL1909046,,,,CHEMBL119443,ERGONOVINE,CHEMBL119443,,0,,1539736,,15,0,,,IC50,,,,CHEMBL287,Homo sapiens,Sigma opioid receptor,9606,,,IC50,,,,
,Not Active (inhibition < 50% @ 10 uM and thus dose-reponse curve not measured),7669389,[],CHEMBL1909110,DRUGMATRIX: Sigma1 radioligand binding (ligand: [3H] Haloperidol),B,,,BAO_0000190,BAO_0000249,cell membrane format,CC[C@@H](CO)NCCN[C@@H](CC)CO,,,CHEMBL1909046,,,,CHEMBL44884,ETHAMBUTOL,CHEMBL44884,,0,,1539744,,15,0,,,IC50,,,,CHEMBL287,Homo sapiens,Sigma opioid receptor,9606,,,IC50,,,,
,Not Active (inhibition < 50% @ 10 uM and thus dose-reponse curve not measured),7669499,[],CHEMBL1909110,DRUGMATRIX: Sigma1 radioligand binding (ligand: [3H] Haloperidol),B,,,BAO_0000190,BAO_0000249,cell membrane format,CC(O)(P(=O)(O)O)P(=O)(O)O,,,CHEMBL1909046,,,,CHEMBL871,ETIDRONIC ACID,CHEMBL871,,0,,1539752,,15,0,,,IC50,,,,CHEMBL287,Homo sapiens,Sigma opioid receptor,9606,,,IC50,,,,
,Not Active (inhibition < 50% @ 10 uM and thus dose-reponse curve not measured),7669635,[],CHEMBL1909110,DRUGMATRIX: Sigma1 radioligand binding (ligand: [3H] Haloperidol),B,,,BAO_0000190,BAO_0000249,cell membrane format,CCOC(=O)C1=C(C)NC(C)=C(C(=O)OC)C1c1cccc(Cl)c1Cl,,,CHEMBL1909046,,,,CHEMBL1480,FELODIPINE,CHEMBL1480,,0,,1539760,,15,0,,,IC50,,,,CHEMBL287,Homo sapiens,Sigma opioid receptor,9606,,,IC50,,,,
,,7670088,[],CHEMBL1909110,DRUGMATRIX: Sigma1 radioligand binding (ligand: [3H] Haloperidol),B,,,BAO_0000190,BAO_0000249,cell membrane format,OCCN1CCN(CCCN2c3ccccc3Sc3ccc(C(F)(F)F)cc32)CC1,,,CHEMBL1909046,,,"{'bei': '17.60', 'le': '0.35', 'lle': '3.39', 'sei': '25.71'}",CHEMBL726,FLUPHENAZINE,CHEMBL726,7.70,0,http://www.openphacts.org/units/Nanomolar,1539784,=,15,1,=,,IC50,nM,,20.0,CHEMBL287,Homo sapiens,Sigma opioid receptor,9606,,,IC50,uM,UO_0000065,,0.02
,Not Active (inhibition < 50% @ 10 uM and thus dose-reponse curve not measured),7670224,[],CHEMBL1909110,DRUGMATRIX: Sigma1 radioligand binding (ligand: [3H] Haloperidol),B,,,BAO_0000190,BAO_0000249,cell membrane format,NCC1(CC(=O)O)CCCCC1,,,CHEMBL1909046,,,,CHEMBL940,GABAPENTIN,CHEMBL940,,0,,1539792,,15,0,,,IC50,,,,CHEMBL287,Homo sapiens,Sigma opioid receptor,9606,,,IC50,,,,
,Not Active (inhibition < 50% @ 10 uM and thus dose-reponse curve not measured),7670368,[],CHEMBL1909110,DRUGMATRIX: Sigma1 radioligand binding (ligand: [3H] Haloperidol),B,,,BAO_0000190,BAO_0000249,cell membrane format,Cc1ccc(C)c(OCCCC(C)(C)C(=O)O)c1,,,CHEMBL1909046,,,,CHEMBL457,GEMFIBROZIL,CHEMBL457,,0,,1539800,,15,0,,,IC50,,,,CHEMBL287,Homo sapiens,Sigma opioid receptor,9606,,,IC50,,,,
,Not Active (inhibition < 50% @ 10 uM and thus dose-reponse curve not measured),7670463,[],CHEMBL1909110,DRUGMATRIX: Sigma1 radioligand binding (ligand: [3H] Haloperidol),B,,,BAO_0000190,BAO_0000249,cell membrane format,Cc1cnc(C(=O)NCCc2ccc(S(=O)(=O)NC(=O)NC3CCCCC3)cc2)cn1,,,CHEMBL1909046,,,,CHEMBL1073,GLIPIZIDE,CHEMBL1073,,0,,1539808,,15,0,,,IC50,,,,CHEMBL287,Homo sapiens,Sigma opioid receptor,9606,,,IC50,,,,
,Not Active (inhibition < 50% @ 10 uM and thus dose-reponse curve not measured),7670600,[],CHEMBL1909110,DRUGMATRIX: Sigma1 radioligand binding (ligand: [3H] Haloperidol),B,,,BAO_0000190,BAO_0000249,cell membrane format,,,,CHEMBL1909046,,,,CHEMBL1201469,GRAMICIDIN,CHEMBL1201469,,0,,1539816,,15,0,,,IC50,,,,CHEMBL287,Homo sapiens,Sigma opioid receptor,9606,,,IC50,,,,
,Not Active (inhibition < 50% @ 10 uM and thus dose-reponse curve not measured),7670703,[],CHEMBL1909110,DRUGMATRIX: Sigma1 radioligand binding (ligand: [3H] Haloperidol),B,,,BAO_0000190,BAO_0000249,cell membrane format,CN(CCOc1ccc(C[C@H](Nc2ccccc2C(=O)c2ccccc2)C(=O)O)cc1)c1ccccn1,,,CHEMBL1909046,,,,CHEMBL434063,,CHEMBL434063,,0,,1539824,,15,0,,,IC50,,,,CHEMBL287,Homo sapiens,Sigma opioid receptor,9606,,,IC50,,,,
,Not Active (inhibition < 50% @ 10 uM and thus dose-reponse curve not measured),7671203,[],CHEMBL1909110,DRUGMATRIX: Sigma1 radioligand binding (ligand: [3H] Haloperidol),B,,,BAO_0000190,BAO_0000249,cell membrane format,CCn1cc(C(=O)O)c(=O)c2cc(F)c(N3CCNCC3)nc21,,,CHEMBL1909046,,,,CHEMBL826,ENOXACIN,CHEMBL826,,0,,1539728,,15,0,,,IC50,,,,CHEMBL287,Homo sapiens,Sigma opioid receptor,9606,,,IC50,,,,
,Not Active (inhibition < 50% @ 10 uM and thus dose-reponse curve not measured),7671916,[],CHEMBL1909110,DRUGMATRIX: Sigma1 radioligand binding (ligand: [3H] Haloperidol),B,,,BAO_0000190,BAO_0000249,cell membrane format,CN1CCN(c2c(F)cc3c(=O)c(C(=O)O)cn(CCF)c3c2F)CC1,,,CHEMBL1909046,,,,CHEMBL6273,FLEROXACIN,CHEMBL6273,,0,,1539768,,15,0,,,IC50,,,,CHEMBL287,Homo sapiens,Sigma opioid receptor,9606,,,IC50,,,,
,Not Active (inhibition < 50% @ 10 uM and thus dose-reponse curve not measured),7672017,[],CHEMBL1909110,DRUGMATRIX: Sigma1 radioligand binding (ligand: [3H] Haloperidol),B,,,BAO_0000190,BAO_0000249,cell membrane format,CC1(C)O[C@@H]2C[C@H]3[C@@H]4C[C@H](F)C5=CC(=O)C=C[C@]5(C)[C@H]4[C@@H](O)C[C@]3(C)[C@]2(C(=O)CO)O1,,,CHEMBL1909046,,,,CHEMBL1512,FLUNISOLIDE,CHEMBL1512,,0,,1539776,,15,0,,,IC50,,,,CHEMBL287,Homo sapiens,Sigma opioid receptor,9606,,,IC50,,,,
,Not Active (inhibition < 50% @ 10 uM and thus dose-reponse curve not measured),7673018,[],CHEMBL1909110,DRUGMATRIX: Sigma1 radioligand binding (ligand: [3H] Haloperidol),B,,,BAO_0000190,BAO_0000249,cell membrane format,NN,,,CHEMBL1909046,,,,CHEMBL1237174,HYDRAZINE,CHEMBL1237174,,0,,1539833,,15,0,,,IC50,,,,CHEMBL287,Homo sapiens,Sigma opioid receptor,9606,,,IC50,,,,
,Not Active (inhibition < 50% @ 10 uM and thus dose-reponse curve not measured),7673146,[],CHEMBL1909110,DRUGMATRIX: Sigma1 radioligand binding (ligand: [3H] Haloperidol),B,,,BAO_0000190,BAO_0000249,cell membrane format,COC1=C(OC)C(=O)C(CCCCCCCCCCO)=C(C)C1=O,,,CHEMBL1909046,,,,CHEMBL252556,IDEBENONE,CHEMBL252556,,0,,1539841,,15,0,,,IC50,,,,CHEMBL287,Homo sapiens,Sigma opioid receptor,9606,,,IC50,,,,
,Not Active (inhibition < 50% @ 10 uM and thus dose-reponse curve not measured),7673191,[],CHEMBL1909110,DRUGMATRIX: Sigma1 radioligand binding (ligand: [3H] Haloperidol),B,,,BAO_0000190,BAO_0000249,cell membrane format,C[C@H]1c2cccc(O)c2C(=O)C2=C(O)[C@]3(O)C(=O)C(C(N)=O)=C(O)[C@@H](N(C)C)[C@@H]3[C@@H](O)[C@@H]21,,,CHEMBL1909046,,,,CHEMBL1433,DOXYCYCLINE ANHYDROUS,CHEMBL1433,,0,,1539720,,15,0,,,IC50,,,,CHEMBL287,Homo sapiens,Sigma opioid receptor,9606,,,IC50,,,,
,Not Active (inhibition < 50% @ 10 uM and thus dose-reponse curve not measured),7673540,[],CHEMBL1909110,DRUGMATRIX: Sigma1 radioligand binding (ligand: [3H] Haloperidol),B,,,BAO_0000190,BAO_0000249,cell membrane format,CN1C[C@H](C(=O)N[C@]2(C)O[C@@]3(O)[C@@H]4CCCN4C(=O)[C@H](Cc4ccccc4)N3C2=O)C=C2c3cccc4[nH]cc(c34)C[C@H]21,,,CHEMBL1909046,,,,CHEMBL442,ERGOTAMINE,CHEMBL442,,0,,1539737,,15,0,,,IC50,,,,CHEMBL287,Homo sapiens,Sigma opioid receptor,9606,,,IC50,,,,
,Not Active (inhibition < 50% @ 10 uM and thus dose-reponse curve not measured),7673672,[],CHEMBL1909110,DRUGMATRIX: Sigma1 radioligand binding (ligand: [3H] Haloperidol),B,,,BAO_0000190,BAO_0000249,cell membrane format,CCO,,,CHEMBL1909046,,,,CHEMBL545,ALCOHOL,CHEMBL545,,0,,1539745,,15,0,,,IC50,,,,CHEMBL287,Homo sapiens,Sigma opioid receptor,9606,,,IC50,,,,
,Not Active (inhibition < 50% @ 10 uM and thus dose-reponse curve not measured),7673784,[],CHEMBL1909110,DRUGMATRIX: Sigma1 radioligand binding (ligand: [3H] Haloperidol),B,,,BAO_0000190,BAO_0000249,cell membrane format,CCc1cccc2c3c([nH]c12)C(CC)(CC(=O)O)OCC3,,,CHEMBL1909046,,,,CHEMBL622,ETODOLAC,CHEMBL622,,0,,1539753,,15,0,,,IC50,,,,CHEMBL287,Homo sapiens,Sigma opioid receptor,9606,,,IC50,,,,
,Not Active (inhibition < 50% @ 10 uM and thus dose-reponse curve not measured),7673921,[],CHEMBL1909110,DRUGMATRIX: Sigma1 radioligand binding (ligand: [3H] Haloperidol),B,,,BAO_0000190,BAO_0000249,cell membrane format,COC(=O)Nc1nc2cc(Sc3ccccc3)ccc2[nH]1,,,CHEMBL1909046,,,,CHEMBL37161,FENBENDAZOLE,CHEMBL37161,,0,,1539761,,15,0,,,IC50,,,,CHEMBL287,Homo sapiens,Sigma opioid receptor,9606,,,IC50,,,,
,Not Active (inhibition < 50% @ 10 uM and thus dose-reponse curve not measured),7674349,[],CHEMBL1909110,DRUGMATRIX: Sigma1 radioligand binding (ligand: [3H] Haloperidol),B,,,BAO_0000190,BAO_0000249,cell membrane format,CC1(C)O[C@@H]2C[C@H]3[C@@H]4C[C@H](F)C5=CC(=O)CC[C@]5(C)[C@H]4[C@@H](O)C[C@]3(C)[C@]2(C(=O)CO)O1,,,CHEMBL1909046,,,,CHEMBL1201012,FLURANDRENOLIDE,CHEMBL1201012,,0,,1539785,,15,0,,,IC50,,,,CHEMBL287,Homo sapiens,Sigma opioid receptor,9606,,,IC50,,,,
,Not Active (inhibition < 50% @ 10 uM and thus dose-reponse curve not measured),7674488,[],CHEMBL1909110,DRUGMATRIX: Sigma1 radioligand binding (ligand: [3H] Haloperidol),B,,,BAO_0000190,BAO_0000249,cell membrane format,,,,CHEMBL1909046,,,,CHEMBL1200431,GADOPENTETATE DIMEGLUMINE,CHEMBL1200431,,0,,1539793,,15,0,,,IC50,,,,CHEMBL287,Homo sapiens,Sigma opioid receptor,9606,,,IC50,,,,
,Not Active (inhibition < 50% @ 10 uM and thus dose-reponse curve not measured),7674633,[],CHEMBL1909110,DRUGMATRIX: Sigma1 radioligand binding (ligand: [3H] Haloperidol),B,,,BAO_0000190,BAO_0000249,cell membrane format,C[C@H]([C@](O)(Cn1cncn1)c1ccc(F)cc1F)S(C)(=O)=O,,,CHEMBL1909046,,,,CHEMBL34139,GENACONAZOLE,CHEMBL34139,,0,,1539801,,15,0,,,IC50,,,,CHEMBL287,Homo sapiens,Sigma opioid receptor,9606,,,IC50,,,,
,Not Active (inhibition < 50% @ 10 uM and thus dose-reponse curve not measured),7674729,[],CHEMBL1909110,DRUGMATRIX: Sigma1 radioligand binding (ligand: [3H] Haloperidol),B,,,BAO_0000190,BAO_0000249,cell membrane format,N[C@@H](CCC(=O)N[C@@H](CSSC[C@H](NC(=O)CC[C@H](N)C(=O)O)C(=O)NCC(=O)O)C(=O)NCC(=O)O)C(=O)O,,,CHEMBL1909046,,,,CHEMBL1372,OXIGLUTATIONE,CHEMBL1372,,0,,1539809,,15,0,,,IC50,,,,CHEMBL287,Homo sapiens,Sigma opioid receptor,9606,,,IC50,,,,
,Not Active (inhibition < 50% @ 10 uM and thus dose-reponse curve not measured),7674862,[],CHEMBL1909110,DRUGMATRIX: Sigma1 radioligand binding (ligand: [3H] Haloperidol),B,,,BAO_0000190,BAO_0000249,cell membrane format,CN1C2CCCC1CC(NC(=O)c1nn(C)c3ccccc13)C2,,,CHEMBL1909046,,,,CHEMBL289469,GRANISETRON,CHEMBL289469,,0,,1539817,,15,0,,,IC50,,,,CHEMBL287,Homo sapiens,Sigma opioid receptor,9606,,,IC50,,,,
,Not Active (inhibition < 50% @ 10 uM and thus dose-reponse curve not measured),7674960,[],CHEMBL1909110,DRUGMATRIX: Sigma1 radioligand binding (ligand: [3H] Haloperidol),B,,,BAO_0000190,BAO_0000249,cell membrane format,CC1(C)O[C@@H]2C[C@H]3[C@@H]4CCC5=CC(=O)CC[C@]5(C)[C@@]4(F)[C@@H](O)C[C@]3(C)[C@]2(C(=O)CCl)O1,,,CHEMBL1909046,,,,CHEMBL1200845,HALCINONIDE,CHEMBL1200845,,0,,1539825,,15,0,,,IC50,,,,CHEMBL287,Homo sapiens,Sigma opioid receptor,9606,,,IC50,,,,
,Not Active (inhibition < 50% @ 10 uM and thus dose-reponse curve not measured),7675466,[],CHEMBL1909110,DRUGMATRIX: Sigma1 radioligand binding (ligand: [3H] Haloperidol),B,,,BAO_0000190,BAO_0000249,cell membrane format,O=C(CCCN1CC=C(n2c(=O)[nH]c3ccccc32)CC1)c1ccc(F)cc1,,,CHEMBL1909046,,,,CHEMBL1108,DROPERIDOL,CHEMBL1108,,0,,1539721,,15,0,,,IC50,,,,CHEMBL287,Homo sapiens,Sigma opioid receptor,9606,,,IC50,,,,
,Not Active (inhibition < 50% @ 10 uM and thus dose-reponse curve not measured),7675492,[],CHEMBL1909110,DRUGMATRIX: Sigma1 radioligand binding (ligand: [3H] Haloperidol),B,,,BAO_0000190,BAO_0000249,cell membrane format,CCN1CCN(c2cc3c(cc2F)c(=O)c(C(=O)O)cn3C2CC2)CC1,,,CHEMBL1909046,,,,CHEMBL15511,ENROFLOXACIN,CHEMBL15511,,0,,1539729,,15,0,,,IC50,,,,CHEMBL287,Homo sapiens,Sigma opioid receptor,9606,,,IC50,,,,
,Not Active (inhibition < 50% @ 10 uM and thus dose-reponse curve not measured),7676204,[],CHEMBL1909110,DRUGMATRIX: Sigma1 radioligand binding (ligand: [3H] Haloperidol),B,,,BAO_0000190,BAO_0000249,cell membrane format,COC(=O)Nc1nc2cc(C(=O)c3ccc(F)cc3)ccc2[nH]1,,,CHEMBL1909046,,,,CHEMBL1454946,FLUBENDAZOLE,CHEMBL1454946,,0,,1539769,,15,0,,,IC50,,,,CHEMBL287,Homo sapiens,Sigma opioid receptor,9606,,,IC50,,,,
,Not Active (inhibition < 50% @ 10 uM and thus dose-reponse curve not measured),7676305,[],CHEMBL1909110,DRUGMATRIX: Sigma1 radioligand binding (ligand: [3H] Haloperidol),B,,,BAO_0000190,BAO_0000249,cell membrane format,C[C@H](C(=O)O)c1ccc2oc(-c3ccc(F)cc3)nc2c1,,,CHEMBL1909046,,,,CHEMBL1614641,FLUNOXAPROFEN,CHEMBL1614641,,0,,1539777,,15,0,,,IC50,,,,CHEMBL287,Homo sapiens,Sigma opioid receptor,9606,,,IC50,,,,
,Not Active (inhibition < 50% @ 10 uM and thus dose-reponse curve not measured),7677319,[],CHEMBL1909110,DRUGMATRIX: Sigma1 radioligand binding (ligand: [3H] Haloperidol),B,,,BAO_0000190,BAO_0000249,cell membrane format,NS(=O)(=O)c1cc2c(cc1Cl)NCNS2(=O)=O,,,CHEMBL1909046,,,,CHEMBL435,HYDROCHLOROTHIAZIDE,CHEMBL435,,0,,1539834,,15,0,,,IC50,,,,CHEMBL287,Homo sapiens,Sigma opioid receptor,9606,,,IC50,,,,
,Not Active (inhibition < 50% @ 10 uM and thus dose-reponse curve not measured),7677447,[],CHEMBL1909110,DRUGMATRIX: Sigma1 radioligand binding (ligand: [3H] Haloperidol),B,,,BAO_0000190,BAO_0000249,cell membrane format,O=c1[nH]c(=O)n([C@H]2C[C@H](O)[C@@H](CO)O2)cc1I,,,CHEMBL1909046,,,,CHEMBL788,IDOXURIDINE,CHEMBL788,,0,,1539842,,15,0,,,IC50,,,,CHEMBL287,Homo sapiens,Sigma opioid receptor,9606,,,IC50,,,,
,Not Active (inhibition < 50% @ 10 uM and thus dose-reponse curve not measured),7677817,[],CHEMBL1909110,DRUGMATRIX: Sigma1 radioligand binding (ligand: [3H] Haloperidol),B,,,BAO_0000190,BAO_0000249,cell membrane format,CC[C@H]1OC(=O)[C@H](C)[C@@H](O[C@H]2C[C@@](C)(OC)[C@@H](O)[C@H](C)O2)[C@H](C)[C@@H](O[C@@H]2O[C@H](C)C[C@H](N(C)C)[C@H]2O)[C@](C)(O)C[C@@H](C)C(=O)[C@H](C)[C@@H](O)[C@]1(C)O,,,CHEMBL1909046,,,,CHEMBL532,ERYTHROMYCIN,CHEMBL532,,0,,1539738,,15,0,,,IC50,,,,CHEMBL287,Homo sapiens,Sigma opioid receptor,9606,,,IC50,,,,
,Not Active (inhibition < 50% @ 10 uM and thus dose-reponse curve not measured),7677935,[],CHEMBL1909110,DRUGMATRIX: Sigma1 radioligand binding (ligand: [3H] Haloperidol),B,,,BAO_0000190,BAO_0000249,cell membrane format,C#C[C@]1(O)CC[C@H]2[C@@H]3CCc4cc(O)ccc4[C@H]3CC[C@@]21C,,,CHEMBL1909046,,,,CHEMBL691,ETHINYL ESTRADIOL,CHEMBL691,,0,,1539746,,15,0,,,IC50,,,,CHEMBL287,Homo sapiens,Sigma opioid receptor,9606,,,IC50,,,,
,Not Active (inhibition < 50% @ 10 uM and thus dose-reponse curve not measured),7678062,[],CHEMBL1909110,DRUGMATRIX: Sigma1 radioligand binding (ligand: [3H] Haloperidol),B,,,BAO_0000190,BAO_0000249,cell membrane format,COc1cc([C@@H]2c3cc4c(cc3[C@@H](O[C@@H]3O[C@@H]5CO[C@@H](C)O[C@H]5[C@H](O)[C@H]3O)[C@H]3COC(=O)[C@H]23)OCO4)cc(OC)c1O,,,CHEMBL1909046,,,,CHEMBL44657,ETOPOSIDE,CHEMBL44657,,0,,1539754,,15,0,,,IC50,,,,CHEMBL287,Homo sapiens,Sigma opioid receptor,9606,,,IC50,,,,
,Not Active (inhibition < 50% @ 10 uM and thus dose-reponse curve not measured),7678264,[],CHEMBL1909110,DRUGMATRIX: Sigma1 radioligand binding (ligand: [3H] Haloperidol),B,,,BAO_0000190,BAO_0000249,cell membrane format,O=C1CN=C(c2ccccc2Cl)c2cc([N+](=O)[O-])ccc2N1,,,CHEMBL1909046,,,,CHEMBL452,CLONAZEPAM,CHEMBL452,,0,,1539640,,15,0,,,IC50,,,,CHEMBL287,Homo sapiens,Sigma opioid receptor,9606,,,IC50,,,,
,Not Active (inhibition < 50% @ 10 uM and thus dose-reponse curve not measured),7678279,[],CHEMBL1909110,DRUGMATRIX: Sigma1 radioligand binding (ligand: [3H] Haloperidol),B,,,BAO_0000190,BAO_0000249,cell membrane format,,,,CHEMBL1909046,,,,CHEMBL1909055,COBALTOUS CHLORIDE,CHEMBL1909055,,0,,1539648,,15,0,,,IC50,,,,CHEMBL287,Homo sapiens,Sigma opioid receptor,9606,,,IC50,,,,
,Not Active (inhibition < 50% @ 10 uM and thus dose-reponse curve not measured),7678415,[],CHEMBL1909110,DRUGMATRIX: Sigma1 radioligand binding (ligand: [3H] Haloperidol),B,,,BAO_0000190,BAO_0000249,cell membrane format,O=c1ccc2ccccc2o1,,,CHEMBL1909046,,,,CHEMBL6466,COUMARIN,CHEMBL6466,,0,,1539656,,15,0,,,IC50,,,,CHEMBL287,Homo sapiens,Sigma opioid receptor,9606,,,IC50,,,,
,Not Active (inhibition < 50% @ 10 uM and thus dose-reponse curve not measured),7679157,[],CHEMBL1909110,DRUGMATRIX: Sigma1 radioligand binding (ligand: [3H] Haloperidol),B,,,BAO_0000190,BAO_0000249,cell membrane format,O=C(O)c1cc(-c2ccc(F)cc2F)ccc1O,,,CHEMBL1909046,,,,CHEMBL898,DIFLUNISAL,CHEMBL898,,0,,1539697,,15,0,,,IC50,,,,CHEMBL287,Homo sapiens,Sigma opioid receptor,9606,,,IC50,,,,
,Not Active (inhibition < 50% @ 10 uM and thus dose-reponse curve not measured),7679224,[],CHEMBL1909110,DRUGMATRIX: Sigma1 radioligand binding (ligand: [3H] Haloperidol),B,,,BAO_0000190,BAO_0000249,cell membrane format,C[S+](C)[O-],,,CHEMBL1909046,,,,CHEMBL504,DIMETHYL SULFOXIDE,CHEMBL504,,0,,1539705,,15,0,,,IC50,,,,CHEMBL287,Homo sapiens,Sigma opioid receptor,9606,,,IC50,,,,
,Not Active (inhibition < 50% @ 10 uM and thus dose-reponse curve not measured),7679611,[],CHEMBL1909110,DRUGMATRIX: Sigma1 radioligand binding (ligand: [3H] Haloperidol),B,,,BAO_0000190,BAO_0000249,cell membrane format,COc1ccccc1OCCNCC(O)COc1cccc2[nH]c3ccccc3c12,,,CHEMBL1909046,,,,CHEMBL723,CARVEDILOL,CHEMBL723,,0,,1539591,,15,0,,,IC50,,,,CHEMBL287,Homo sapiens,Sigma opioid receptor,9606,,,IC50,,,,
,Not Active (inhibition < 50% @ 10 uM and thus dose-reponse curve not measured),7679724,[],CHEMBL1909110,DRUGMATRIX: Sigma1 radioligand binding (ligand: [3H] Haloperidol),B,,,BAO_0000190,BAO_0000249,cell membrane format,CCCCCCCCCCCCCCCC[n+]1ccccc1.[Br-],,,CHEMBL1909046,,,,CHEMBL334255,CETYLPYRIDINIUM BROMIDE,CHEMBL305906,,0,,1539599,,15,0,,,IC50,,,,CHEMBL287,Homo sapiens,Sigma opioid receptor,9606,,,IC50,,,,
,Not Active (inhibition < 50% @ 10 uM and thus dose-reponse curve not measured),7679803,[],CHEMBL1909110,DRUGMATRIX: Sigma1 radioligand binding (ligand: [3H] Haloperidol),B,,,BAO_0000190,BAO_0000249,cell membrane format,CCCNC(=O)NS(=O)(=O)c1ccc(Cl)cc1,,,CHEMBL1909046,,,,CHEMBL498,CHLORPROPAMIDE,CHEMBL498,,0,,1539607,,15,0,,,IC50,,,,CHEMBL287,Homo sapiens,Sigma opioid receptor,9606,,,IC50,,,,
,Not Active (inhibition < 50% @ 10 uM and thus dose-reponse curve not measured),7679948,[],CHEMBL1909110,DRUGMATRIX: Sigma1 radioligand binding (ligand: [3H] Haloperidol),B,,,BAO_0000190,BAO_0000249,cell membrane format,,,,CHEMBL1909046,,,,CHEMBL1200528,CHROMIC CHLORIDE,CHEMBL1200528,,0,,1539615,,15,0,,,IC50,,,,CHEMBL287,Homo sapiens,Sigma opioid receptor,9606,,,IC50,,,,
,Not Active (inhibition < 50% @ 10 uM and thus dose-reponse curve not measured),7680034,[],CHEMBL1909110,DRUGMATRIX: Sigma1 radioligand binding (ligand: [3H] Haloperidol),B,,,BAO_0000190,BAO_0000249,cell membrane format,CC(C)(Oc1ccc(C2CC2(Cl)Cl)cc1)C(=O)O,,,CHEMBL1909046,,,,CHEMBL557555,CIPROFIBRATE,CHEMBL557555,,0,,1539623,,15,0,,,IC50,,,,CHEMBL287,Homo sapiens,Sigma opioid receptor,9606,,,IC50,,,,
,Not Active (inhibition < 50% @ 10 uM and thus dose-reponse curve not measured),7680804,[],CHEMBL1909110,DRUGMATRIX: Sigma1 radioligand binding (ligand: [3H] Haloperidol),B,,,BAO_0000190,BAO_0000249,cell membrane format,CC(=O)O[C@]1(C(C)=O)CC[C@H]2[C@@H]3C=C(Cl)C4=CC(=O)[C@@H]5C[C@@H]5[C@]4(C)[C@H]3CC[C@@]21C,,,CHEMBL1909046,,,,CHEMBL139835,CYPROTERONE ACETATE,CHEMBL139835,,0,,1539665,,15,0,,,IC50,,,,CHEMBL287,Homo sapiens,Sigma opioid receptor,9606,,,IC50,,,,
,Not Active (inhibition < 50% @ 10 uM and thus dose-reponse curve not measured),7680918,[],CHEMBL1909110,DRUGMATRIX: Sigma1 radioligand binding (ligand: [3H] Haloperidol),B,,,BAO_0000190,BAO_0000249,cell membrane format,CN1C[C@@H]2C[C@H]1CN2c1cc2c(cc1F)c(=O)c(C(=O)O)cn2C1CC1,,,CHEMBL1909046,,,,CHEMBL157548,DANOFLOXACIN,CHEMBL157548,,0,,1539673,,15,0,,,IC50,,,,CHEMBL287,Homo sapiens,Sigma opioid receptor,9606,,,IC50,,,,
,,7681007,[],CHEMBL1909110,DRUGMATRIX: Sigma1 radioligand binding (ligand: [3H] Haloperidol),B,,,BAO_0000190,BAO_0000249,cell membrane format,CN(C)CC[C@@H](c1ccc(Cl)cc1)c1ccccn1,,,CHEMBL1909046,,,"{'bei': '21.03', 'le': '0.42', 'lle': '1.96', 'sei': '35.84'}",CHEMBL1201353,DEXCHLORPHENIRAMINE,CHEMBL1201353,5.78,0,http://www.openphacts.org/units/Nanomolar,1539681,=,15,1,=,,IC50,nM,,1658.0,CHEMBL287,Homo sapiens,Sigma opioid receptor,9606,,,IC50,uM,UO_0000065,,1.658
,Not Active (inhibition < 50% @ 10 uM and thus dose-reponse curve not measured),7681145,[],CHEMBL1909110,DRUGMATRIX: Sigma1 radioligand binding (ligand: [3H] Haloperidol),B,,,BAO_0000190,BAO_0000249,cell membrane format,COP(=O)(OC)OC=C(Cl)Cl,,,CHEMBL1909046,,,,CHEMBL167911,DICHLORVOS,CHEMBL167911,,0,,1539689,,15,0,,,IC50,,,,CHEMBL287,Homo sapiens,Sigma opioid receptor,9606,,,IC50,,,,
,,7681553,[],CHEMBL1909110,DRUGMATRIX: Sigma1 radioligand binding (ligand: [3H] Haloperidol),B,,,BAO_0000190,BAO_0000249,cell membrane format,CN(C)CCC=C1c2ccccc2COc2ccccc21,,,CHEMBL1909046,,,"{'bei': '22.19', 'le': '0.40', 'lle': '2.24', 'sei': '49.72'}",CHEMBL1628227,DOXEPIN,CHEMBL1628227,6.20,0,http://www.openphacts.org/units/Nanomolar,1539716,=,15,1,=,,IC50,nM,,631.0,CHEMBL287,Homo sapiens,Sigma opioid receptor,9606,,,IC50,uM,UO_0000065,,0.631
,,7682403,[],CHEMBL1909110,DRUGMATRIX: Sigma1 radioligand binding (ligand: [3H] Haloperidol),B,,,BAO_0000190,BAO_0000249,cell membrane format,CN1CCC[C@@H]1CCO[C@](C)(c1ccccc1)c1ccc(Cl)cc1,,,CHEMBL1909046,,,"{'bei': '21.72', 'le': '0.42', 'lle': '2.37', 'sei': '59.89'}",CHEMBL1626,CLEMASTINE,CHEMBL1626,7.47,0,http://www.openphacts.org/units/Nanomolar,1539632,=,15,1,=,,IC50,nM,,34.0,CHEMBL287,Homo sapiens,Sigma opioid receptor,9606,,,IC50,uM,UO_0000065,,0.034
,Not Active (inhibition < 50% @ 10 uM and thus dose-reponse curve not measured),7682592,[],CHEMBL1909110,DRUGMATRIX: Sigma1 radioligand binding (ligand: [3H] Haloperidol),B,,,BAO_0000190,BAO_0000249,cell membrane format,Clc1cccc(Cl)c1NC1=NCCN1,,,CHEMBL1909046,,,,CHEMBL134,CLONIDINE,CHEMBL134,,0,,1539641,,15,0,,,IC50,,,,CHEMBL287,Homo sapiens,Sigma opioid receptor,9606,,,IC50,,,,
,Not Active (inhibition < 50% @ 10 uM and thus dose-reponse curve not measured),7682615,[],CHEMBL1909110,DRUGMATRIX: Sigma1 radioligand binding (ligand: [3H] Haloperidol),B,,,BAO_0000190,BAO_0000249,cell membrane format,,,,CHEMBL1909046,,,,CHEMBL1909056,COBALT(II) ACETYLACETONATE,CHEMBL1909056,,0,,1539649,,15,0,,,IC50,,,,CHEMBL287,Homo sapiens,Sigma opioid receptor,9606,,,IC50,,,,
,Not Active (inhibition < 50% @ 10 uM and thus dose-reponse curve not measured),7682752,[],CHEMBL1909110,DRUGMATRIX: Sigma1 radioligand binding (ligand: [3H] Haloperidol),B,,,BAO_0000190,BAO_0000249,cell membrane format,O=C(O)c1cc(=O)c2c(OCC(O)COc3cccc4oc(C(=O)O)cc(=O)c34)cccc2o1,,,CHEMBL1909046,,,,CHEMBL428880,CROMOLYN,CHEMBL428880,,0,,1539657,,15,0,,,IC50,,,,CHEMBL287,Homo sapiens,Sigma opioid receptor,9606,,,IC50,,,,
,Not Active (inhibition < 50% @ 10 uM and thus dose-reponse curve not measured),7683479,[],CHEMBL1909110,DRUGMATRIX: Sigma1 radioligand binding (ligand: [3H] Haloperidol),B,,,BAO_0000190,BAO_0000249,cell membrane format,C[C@@H]1CC[C@@]2(OC1)O[C@H]1[C@@H](O)[C@H]3[C@@H]4CC[C@H]5C[C@@H](O[C@@H]6O[C@H](CO)[C@H](O[C@@H]7O[C@H](CO)C(O)[C@H](O[C@@H]8OC[C@@H](O)[C@H](O)[C@H]8O)[C@H]7O[C@@H]7O[C@H](CO)[C@H](O)[C@H](O[C@@H]8O[C@H](CO)[C@@H](O)[C@H](O)[C@H]8O)[C@H]7O)[C@H](O)[C@H]6O)[C@H](O)C[C@]5(C)[C@H]4CC[C@]3(C)[C@H]1[C@@H]2C,,,CHEMBL1909046,,,,CHEMBL404811,DIGITONIN,CHEMBL404811,,0,,1539698,,15,0,,,IC50,,,,CHEMBL287,Homo sapiens,Sigma opioid receptor,9606,,,IC50,,,,
,Not Active (inhibition < 50% @ 10 uM and thus dose-reponse curve not measured),7683533,[],CHEMBL1909110,DRUGMATRIX: Sigma1 radioligand binding (ligand: [3H] Haloperidol),B,,,BAO_0000190,BAO_0000249,cell membrane format,CN(C)CCOC(c1ccccc1)c1ccccc1,,,CHEMBL1909046,,,,CHEMBL657,DIPHENHYDRAMINE,CHEMBL657,,0,,1539706,,15,0,,,IC50,,,,CHEMBL287,Homo sapiens,Sigma opioid receptor,9606,,,IC50,,,,
,Not Active (inhibition < 50% @ 10 uM and thus dose-reponse curve not measured),7683720,[],CHEMBL1909110,DRUGMATRIX: Sigma1 radioligand binding (ligand: [3H] Haloperidol),B,,,BAO_0000190,BAO_0000249,cell membrane format,CCN1CC(CCN2CCOCC2)C(c2ccccc2)(c2ccccc2)C1=O,,,CHEMBL1909046,,,,CHEMBL1754,DOXAPRAM,CHEMBL1754,,0,,1539714,,15,0,,,IC50,,,,CHEMBL287,Homo sapiens,Sigma opioid receptor,9606,,,IC50,,,,
,Not Active (inhibition < 50% @ 10 uM and thus dose-reponse curve not measured),7683928,[],CHEMBL1909110,DRUGMATRIX: Sigma1 radioligand binding (ligand: [3H] Haloperidol),B,,,BAO_0000190,BAO_0000249,cell membrane format,Oc1ccccc1O,,,CHEMBL1909046,,,,CHEMBL280998,CATECHOL,CHEMBL280998,,0,,1539592,,15,0,,,IC50,,,,CHEMBL287,Homo sapiens,Sigma opioid receptor,9606,,,IC50,,,,
,Not Active (inhibition < 50% @ 10 uM and thus dose-reponse curve not measured),7684025,[],CHEMBL1909110,DRUGMATRIX: Sigma1 radioligand binding (ligand: [3H] Haloperidol),B,,,BAO_0000190,BAO_0000249,cell membrane format,O=C(O)CCCc1ccc(N(CCCl)CCCl)cc1,,,CHEMBL1909046,,,,CHEMBL515,CHLORAMBUCIL,CHEMBL515,,0,,1539600,,15,0,,,IC50,,,,CHEMBL287,Homo sapiens,Sigma opioid receptor,9606,,,IC50,,,,
,Not Active (inhibition < 50% @ 10 uM and thus dose-reponse curve not measured),7684105,[],CHEMBL1909110,DRUGMATRIX: Sigma1 radioligand binding (ligand: [3H] Haloperidol),B,,,BAO_0000190,BAO_0000249,cell membrane format,CN(C)[C@@H]1C(O)=C(C(N)=O)C(=O)[C@@]2(O)C(O)=C3C(=O)c4c(O)ccc(Cl)c4[C@@](C)(O)[C@H]3C[C@@H]12,,,CHEMBL1909046,,,,CHEMBL404520,CHLORTETRACYCLINE,CHEMBL404520,,0,,1539608,,15,0,,,IC50,,,,CHEMBL287,Homo sapiens,Sigma opioid receptor,9606,,,IC50,,,,
,Not Active (inhibition < 50% @ 10 uM and thus dose-reponse curve not measured),7684249,[],CHEMBL1909110,DRUGMATRIX: Sigma1 radioligand binding (ligand: [3H] Haloperidol),B,,,BAO_0000190,BAO_0000249,cell membrane format,Cc1cc(C2CCCCC2)n(O)c(=O)c1,,,CHEMBL1909046,,,,CHEMBL1413,CICLOPIROX,CHEMBL1413,,0,,1539616,,15,0,,,IC50,,,,CHEMBL287,Homo sapiens,Sigma opioid receptor,9606,,,IC50,,,,
,Not Active (inhibition < 50% @ 10 uM and thus dose-reponse curve not measured),7684343,[],CHEMBL1909110,DRUGMATRIX: Sigma1 radioligand binding (ligand: [3H] Haloperidol),B,,,BAO_0000190,BAO_0000249,cell membrane format,O=C(O)c1cn(C2CC2)c2cc(N3CCNCC3)c(F)cc2c1=O,,,CHEMBL1909046,,,,CHEMBL8,CIPROFLOXACIN,CHEMBL8,,0,,1539624,,15,0,,,IC50,,,,CHEMBL287,Homo sapiens,Sigma opioid receptor,9606,,,IC50,,,,
,Not Active (inhibition < 50% @ 10 uM and thus dose-reponse curve not measured),7685099,[],CHEMBL1909110,DRUGMATRIX: Sigma1 radioligand binding (ligand: [3H] Haloperidol),B,,,BAO_0000190,BAO_0000249,cell membrane format,Nc1nc(N)nc(NC2CC2)n1,,,CHEMBL1909046,,,,CHEMBL1231107,CYROMAZINE,CHEMBL1231107,,0,,1539666,,15,0,,,IC50,,,,CHEMBL287,Homo sapiens,Sigma opioid receptor,9606,,,IC50,,,,
,Not Active (inhibition < 50% @ 10 uM and thus dose-reponse curve not measured),7685208,[],CHEMBL1909110,DRUGMATRIX: Sigma1 radioligand binding (ligand: [3H] Haloperidol),B,,,BAO_0000190,BAO_0000249,cell membrane format,Cc1ccccc1N1CCN(CCc2nnc3n2CCCC3)CC1,,,CHEMBL1909046,,,,CHEMBL1201216,DAPIPRAZOLE,CHEMBL1201216,,0,,1539674,,15,0,,,IC50,,,,CHEMBL287,Homo sapiens,Sigma opioid receptor,9606,,,IC50,,,,
,,7685294,[],CHEMBL1909110,DRUGMATRIX: Sigma1 radioligand binding (ligand: [3H] Haloperidol),B,,,BAO_0000190,BAO_0000249,cell membrane format,CCN[C@@H](C)Cc1cccc(C(F)(F)F)c1,,,CHEMBL1909046,,,"{'bei': '27.19', 'le': '0.54', 'lle': '3.04', 'sei': '52.26'}",CHEMBL248702,DEXFENFLURAMINE,CHEMBL248702,6.29,0,http://www.openphacts.org/units/Nanomolar,1539682,=,15,1,=,,IC50,nM,,516.0,CHEMBL287,Homo sapiens,Sigma opioid receptor,9606,,,IC50,uM,UO_0000065,,0.516
,Not Active (inhibition < 50% @ 10 uM and thus dose-reponse curve not measured),7685434,[],CHEMBL1909110,DRUGMATRIX: Sigma1 radioligand binding (ligand: [3H] Haloperidol),B,,,BAO_0000190,BAO_0000249,cell membrane format,O=C(O)Cc1ccccc1Nc1c(Cl)cccc1Cl,,,CHEMBL1909046,,,,CHEMBL139,DICLOFENAC,CHEMBL139,,0,,1539690,,15,0,,,IC50,,,,CHEMBL287,Homo sapiens,Sigma opioid receptor,9606,,,IC50,,,,
,,7685809,[],CHEMBL1909110,DRUGMATRIX: Sigma1 radioligand binding (ligand: [3H] Haloperidol),B,,,BAO_0000190,BAO_0000249,cell membrane format,OC(CCCN1CCCCC1)(c1ccccc1)c1ccccc1,,,CHEMBL1909046,,,"{'bei': '21.30', 'le': '0.39', 'lle': '2.40', 'sei': '28.09'}",CHEMBL936,DIPHENIDOL,CHEMBL936,6.59,0,http://www.openphacts.org/units/Nanomolar,1539707,=,15,1,=,,IC50,nM,,256.0,CHEMBL287,Homo sapiens,Sigma opioid receptor,9606,,,IC50,uM,UO_0000065,,0.256
,,7686609,[],CHEMBL1909110,DRUGMATRIX: Sigma1 radioligand binding (ligand: [3H] Haloperidol),B,,,BAO_0000190,BAO_0000249,cell membrane format,COc1cc(N)c(Cl)cc1C(=O)NC1CCN(CCCOc2ccc(F)cc2)CC1OC,,,CHEMBL1909046,,,"{'bei': '12.88', 'le': '0.26', 'lle': '2.64', 'sei': '6.98'}",CHEMBL1729,CISAPRIDE,CHEMBL1729,6.00,0,http://www.openphacts.org/units/Nanomolar,1539625,=,15,1,=,,IC50,nM,,994.0,CHEMBL287,Homo sapiens,Sigma opioid receptor,9606,,,IC50,uM,UO_0000065,,0.994
,Not Active (inhibition < 50% @ 10 uM and thus dose-reponse curve not measured),7686688,[],CHEMBL1909110,DRUGMATRIX: Sigma1 radioligand binding (ligand: [3H] Haloperidol),B,,,BAO_0000190,BAO_0000249,cell membrane format,CC(C)(C)NCC(O)c1cc(Cl)c(N)c(Cl)c1,,,CHEMBL1909046,,,,CHEMBL49080,CLENBUTEROL,CHEMBL49080,,0,,1539633,,15,0,,,IC50,,,,CHEMBL287,Homo sapiens,Sigma opioid receptor,9606,,,IC50,,,,
,Not Active (inhibition < 50% @ 10 uM and thus dose-reponse curve not measured),7686877,[],CHEMBL1909110,DRUGMATRIX: Sigma1 radioligand binding (ligand: [3H] Haloperidol),B,,,BAO_0000190,BAO_0000249,cell membrane format,COC(=O)[C@H](c1ccccc1Cl)N1CCc2sccc2C1,,,CHEMBL1909046,,,,CHEMBL1771,CLOPIDOGREL,CHEMBL1771,,0,,1539642,,15,0,,,IC50,,,,CHEMBL287,Homo sapiens,Sigma opioid receptor,9606,,,IC50,,,,
,Not Active (inhibition < 50% @ 10 uM and thus dose-reponse curve not measured),7686900,[],CHEMBL1909110,DRUGMATRIX: Sigma1 radioligand binding (ligand: [3H] Haloperidol),B,,,BAO_0000190,BAO_0000249,cell membrane format,C=C(C)[C@@H]1[C@H]2OC(=O)[C@@H]1[C@]1(O)C[C@H]3O[C@]34C(=O)O[C@H]2[C@]14C,,,CHEMBL1909046,,,,CHEMBL47244,PICROTOXININ,CHEMBL47244,,0,,1539650,,15,0,,,IC50,,,,CHEMBL287,Homo sapiens,Sigma opioid receptor,9606,,,IC50,,,,
,Not Active (inhibition < 50% @ 10 uM and thus dose-reponse curve not measured),7687038,[],CHEMBL1909110,DRUGMATRIX: Sigma1 radioligand binding (ligand: [3H] Haloperidol),B,,,BAO_0000190,BAO_0000249,cell membrane format,C/C=C/C(=O)N(CC)c1ccccc1C,,,CHEMBL1909046,,,,CHEMBL1200709,CROTAMITON,CHEMBL1200709,,0,,1539658,,15,0,,,IC50,,,,CHEMBL287,Homo sapiens,Sigma opioid receptor,9606,,,IC50,,,,
,Not Active (inhibition < 50% @ 10 uM and thus dose-reponse curve not measured),7687764,[],CHEMBL1909110,DRUGMATRIX: Sigma1 radioligand binding (ligand: [3H] Haloperidol),B,,,BAO_0000190,BAO_0000249,cell membrane format,C[C@H]1O[C@@H](O[C@H]2[C@@H](O)C[C@H](O[C@H]3[C@@H](O)C[C@H](O[C@H]4CC[C@@]5(C)[C@H](CC[C@@H]6[C@@H]5CC[C@]5(C)[C@@H](C7=CC(=O)OC7)CC[C@]65O)C4)O[C@@H]3C)O[C@@H]2C)C[C@H](O)[C@@H]1O,,,CHEMBL1909046,,,,CHEMBL254219,DIGITOXIN,CHEMBL254219,,0,,1539699,,15,0,,,IC50,,,,CHEMBL287,Homo sapiens,Sigma opioid receptor,9606,,,IC50,,,,
,Not Active (inhibition < 50% @ 10 uM and thus dose-reponse curve not measured),7687995,[],CHEMBL1909110,DRUGMATRIX: Sigma1 radioligand binding (ligand: [3H] Haloperidol),B,,,BAO_0000190,BAO_0000249,cell membrane format,COc1cc2nc(N3CCN(C(=O)C4COc5ccccc5O4)CC3)nc(N)c2cc1OC,,,CHEMBL1909046,,,,CHEMBL707,DOXAZOSIN,CHEMBL707,,0,,1539715,,15,0,,,IC50,,,,CHEMBL287,Homo sapiens,Sigma opioid receptor,9606,,,IC50,,,,
,Not Active (inhibition < 50% @ 10 uM and thus dose-reponse curve not measured),7688219,[],CHEMBL1909110,DRUGMATRIX: Sigma1 radioligand binding (ligand: [3H] Haloperidol),B,,,BAO_0000190,BAO_0000249,cell membrane format,CO[C@@]1(NC(=O)CSCC#N)C(=O)N2C(C(=O)O)=C(CSc3nnnn3C)CS[C@@H]21,,,CHEMBL1909046,,,,CHEMBL1201195,CEFMETAZOLE,CHEMBL1201195,,0,,1539593,,15,0,,,IC50,,,,CHEMBL287,Homo sapiens,Sigma opioid receptor,9606,,,IC50,,,,
,Not Active (inhibition < 50% @ 10 uM and thus dose-reponse curve not measured),7688316,[],CHEMBL1909110,DRUGMATRIX: Sigma1 radioligand binding (ligand: [3H] Haloperidol),B,,,BAO_0000190,BAO_0000249,cell membrane format,O=C(N[C@H](CO)[C@H](O)c1ccc([N+](=O)[O-])cc1)C(Cl)Cl,,,CHEMBL1909046,,,,CHEMBL130,CHLORAMPHENICOL,CHEMBL130,,0,,1539601,,15,0,,,IC50,,,,CHEMBL287,Homo sapiens,Sigma opioid receptor,9606,,,IC50,,,,
,Not Active (inhibition < 50% @ 10 uM and thus dose-reponse curve not measured),7688395,[],CHEMBL1909110,DRUGMATRIX: Sigma1 radioligand binding (ligand: [3H] Haloperidol),B,,,BAO_0000190,BAO_0000249,cell membrane format,NS(=O)(=O)c1cc(C2(O)NC(=O)c3ccccc32)ccc1Cl,,,CHEMBL1909046,,,,CHEMBL1055,CHLORTHALIDONE,CHEMBL1055,,0,,1539609,,15,0,,,IC50,,,,CHEMBL287,Homo sapiens,Sigma opioid receptor,9606,,,IC50,,,,
,Not Active (inhibition < 50% @ 10 uM and thus dose-reponse curve not measured),7688520,[],CHEMBL1909110,DRUGMATRIX: Sigma1 radioligand binding (ligand: [3H] Haloperidol),B,,,BAO_0000190,BAO_0000249,cell membrane format,CC1(COc2ccc(CC3SC(=O)NC3=O)cc2)CCCCC1,,,CHEMBL1909046,,,,CHEMBL7002,CIGLITAZONE,CHEMBL7002,,0,,1539617,,15,0,,,IC50,,,,CHEMBL287,Homo sapiens,Sigma opioid receptor,9606,,,IC50,,,,
,Not Active (inhibition < 50% @ 10 uM and thus dose-reponse curve not measured),7689376,[],CHEMBL1909110,DRUGMATRIX: Sigma1 radioligand binding (ligand: [3H] Haloperidol),B,,,BAO_0000190,BAO_0000249,cell membrane format,Nc1ccn([C@@H]2O[C@H](CO)[C@@H](O)[C@@H]2O)c(=O)n1,,,CHEMBL1909046,,,,CHEMBL803,CYTARABINE,CHEMBL803,,0,,1539667,,15,0,,,IC50,,,,CHEMBL287,Homo sapiens,Sigma opioid receptor,9606,,,IC50,,,,
,Not Active (inhibition < 50% @ 10 uM and thus dose-reponse curve not measured),7689480,[],CHEMBL1909110,DRUGMATRIX: Sigma1 radioligand binding (ligand: [3H] Haloperidol),B,,,BAO_0000190,BAO_0000249,cell membrane format,COc1cccc2c1C(=O)c1c(O)c3c(c(O)c1C2=O)C[C@@](O)(C(C)=O)C[C@@H]3O[C@H]1C[C@H](N)[C@H](O)[C@H](C)O1,,,CHEMBL1909046,,,,CHEMBL178,DAUNORUBICIN,CHEMBL178,,0,,1539675,,15,0,,,IC50,,,,CHEMBL287,Homo sapiens,Sigma opioid receptor,9606,,,IC50,,,,
,Not Active (inhibition < 50% @ 10 uM and thus dose-reponse curve not measured),7689562,[],CHEMBL1909110,DRUGMATRIX: Sigma1 radioligand binding (ligand: [3H] Haloperidol),B,,,BAO_0000190,BAO_0000249,cell membrane format,CC(C)Cc1ccc([C@H](C)C(=O)O)cc1,,,CHEMBL1909046,,,,CHEMBL175,DEXIBUPROFEN,CHEMBL175,,0,,1539683,,15,0,,,IC50,,,,CHEMBL287,Homo sapiens,Sigma opioid receptor,9606,,,IC50,,,,
,Not Active (inhibition < 50% @ 10 uM and thus dose-reponse curve not measured),7689700,[],CHEMBL1909110,DRUGMATRIX: Sigma1 radioligand binding (ligand: [3H] Haloperidol),B,,,BAO_0000190,BAO_0000249,cell membrane format,O=c1oc2ccccc2c(O)c1Cc1c(O)c2ccccc2oc1=O,,,CHEMBL1909046,,,,CHEMBL1466,DICUMAROL,CHEMBL1466,,0,,1539691,,15,0,,,IC50,,,,CHEMBL287,Homo sapiens,Sigma opioid receptor,9606,,,IC50,,,,
,Not Active (inhibition < 50% @ 10 uM and thus dose-reponse curve not measured),7690068,[],CHEMBL1909110,DRUGMATRIX: Sigma1 radioligand binding (ligand: [3H] Haloperidol),B,,,BAO_0000190,BAO_0000249,cell membrane format,OCCN(CCO)c1nc(N2CCCCC2)c2nc(N(CCO)CCO)nc(N3CCCCC3)c2n1,,,CHEMBL1909046,,,,CHEMBL932,DIPYRIDAMOLE,CHEMBL932,,0,,1539708,,15,0,,,IC50,,,,CHEMBL287,Homo sapiens,Sigma opioid receptor,9606,,,IC50,,,,
,Not Active (inhibition < 50% @ 10 uM and thus dose-reponse curve not measured),7690861,[],CHEMBL1909110,DRUGMATRIX: Sigma1 radioligand binding (ligand: [3H] Haloperidol),B,,,BAO_0000190,BAO_0000249,cell membrane format,,,,CHEMBL1909046,,,,CHEMBL11359,CISPLATIN,CHEMBL11359,,0,,1539626,,15,0,,,IC50,,,,CHEMBL287,Homo sapiens,Sigma opioid receptor,9606,,,IC50,,,,
,Not Active (inhibition < 50% @ 10 uM and thus dose-reponse curve not measured),7690951,[],CHEMBL1909110,DRUGMATRIX: Sigma1 radioligand binding (ligand: [3H] Haloperidol),B,,,BAO_0000190,BAO_0000249,cell membrane format,CCC[C@@H]1C[C@@H](C(=O)N[C@@H]([C@H]2O[C@H](SC)[C@H](O)[C@@H](O)[C@H]2O)[C@H](C)Cl)N(C)C1,,,CHEMBL1909046,,,,CHEMBL1753,CLINDAMYCIN,CHEMBL1753,,0,,1539634,,15,0,,,IC50,,,,CHEMBL287,Homo sapiens,Sigma opioid receptor,9606,,,IC50,,,,
,Not Active (inhibition < 50% @ 10 uM and thus dose-reponse curve not measured),7691136,[],CHEMBL1909110,DRUGMATRIX: Sigma1 radioligand binding (ligand: [3H] Haloperidol),B,,,BAO_0000190,BAO_0000249,cell membrane format,CC(C)NCC(O)c1ccccc1Cl,,,CHEMBL1909046,,,,CHEMBL1902627,CLORPRENALINE,CHEMBL1902627,,0,,1539643,,15,0,,,IC50,,,,CHEMBL287,Homo sapiens,Sigma opioid receptor,9606,,,IC50,,,,
,Not Active (inhibition < 50% @ 10 uM and thus dose-reponse curve not measured),7691162,[],CHEMBL1909110,DRUGMATRIX: Sigma1 radioligand binding (ligand: [3H] Haloperidol),B,,,BAO_0000190,BAO_0000249,cell membrane format,COc1cc2c(c(OC)c1OC)-c1ccc(OC)c(=O)cc1[C@@H](NC(C)=O)CC2,,,CHEMBL1909046,,,,CHEMBL107,COLCHICINE,CHEMBL107,,0,,1539651,,15,0,,,IC50,,,,CHEMBL287,Homo sapiens,Sigma opioid receptor,9606,,,IC50,,,,
,Not Active (inhibition < 50% @ 10 uM and thus dose-reponse curve not measured),7691300,[],CHEMBL1909110,DRUGMATRIX: Sigma1 radioligand binding (ligand: [3H] Haloperidol),B,,,BAO_0000190,BAO_0000249,cell membrane format,CC1CC(OC(=O)C(O)c2ccccc2)CC(C)(C)C1,,,CHEMBL1909046,,,,CHEMBL1480987,CYCLANDELATE,CHEMBL1480987,,0,,1539659,,15,0,,,IC50,,,,CHEMBL287,Homo sapiens,Sigma opioid receptor,9606,,,IC50,,,,
,Not Active (inhibition < 50% @ 10 uM and thus dose-reponse curve not measured),7692046,[],CHEMBL1909110,DRUGMATRIX: Sigma1 radioligand binding (ligand: [3H] Haloperidol),B,,,BAO_0000190,BAO_0000249,cell membrane format,C[C@H]1O[C@@H](O[C@H]2[C@@H](O)C[C@H](O[C@H]3[C@@H](O)C[C@H](O[C@H]4CC[C@@]5(C)[C@H](CC[C@@H]6[C@@H]5C[C@@H](O)[C@]5(C)[C@@H](C7=CC(=O)OC7)CC[C@]65O)C4)O[C@@H]3C)O[C@@H]2C)C[C@H](O)[C@@H]1O,,,CHEMBL1909046,,,,CHEMBL1751,DIGOXIN,CHEMBL1751,,0,,1539700,,15,0,,,IC50,,,,CHEMBL287,Homo sapiens,Sigma opioid receptor,9606,,,IC50,,,,
,Not Active (inhibition < 50% @ 10 uM and thus dose-reponse curve not measured),7692490,[],CHEMBL1909110,DRUGMATRIX: Sigma1 radioligand binding (ligand: [3H] Haloperidol),B,,,BAO_0000190,BAO_0000249,cell membrane format,CO/N=C(\C(=O)N[C@@H]1C(=O)N2C(C(=O)O)=C(COC(C)=O)CS[C@H]12)c1csc(N)n1,,,CHEMBL1909046,,,,CHEMBL1730,CEFOTAXIME,CHEMBL1730,,0,,1539594,,15,0,,,IC50,,,,CHEMBL287,Homo sapiens,Sigma opioid receptor,9606,,,IC50,,,,
,Not Active (inhibition < 50% @ 10 uM and thus dose-reponse curve not measured),7692584,[],CHEMBL1909110,DRUGMATRIX: Sigma1 radioligand binding (ligand: [3H] Haloperidol),B,,,BAO_0000190,BAO_0000249,cell membrane format,CNC1=Nc2ccc(Cl)cc2C(c2ccccc2)=[N+]([O-])C1,,,CHEMBL1909046,,,,CHEMBL451,CHLORDIAZEPOXIDE,CHEMBL451,,0,,1539602,,15,0,,,IC50,,,,CHEMBL287,Homo sapiens,Sigma opioid receptor,9606,,,IC50,,,,
,Not Active (inhibition < 50% @ 10 uM and thus dose-reponse curve not measured),7692665,[],CHEMBL1909110,DRUGMATRIX: Sigma1 radioligand binding (ligand: [3H] Haloperidol),B,,,BAO_0000190,BAO_0000249,cell membrane format,O=c1[nH]c2cc(Cl)ccc2o1,,,CHEMBL1909046,,,,CHEMBL1371,CHLORZOXAZONE,CHEMBL1371,,0,,1539610,,15,0,,,IC50,,,,CHEMBL287,Homo sapiens,Sigma opioid receptor,9606,,,IC50,,,,
,Not Active (inhibition < 50% @ 10 uM and thus dose-reponse curve not measured),7692786,[],CHEMBL1909110,DRUGMATRIX: Sigma1 radioligand binding (ligand: [3H] Haloperidol),B,,,BAO_0000190,BAO_0000249,cell membrane format,CN(C(=O)CCCOc1ccc2[nH]c(=O)ccc2c1)C1CCCCC1,,,CHEMBL1909046,,,,CHEMBL34431,CILOSTAMIDE,CHEMBL34431,,0,,1539618,,15,0,,,IC50,,,,CHEMBL287,Homo sapiens,Sigma opioid receptor,9606,,,IC50,,,,
,Not Active (inhibition < 50% @ 10 uM and thus dose-reponse curve not measured),7693578,[],CHEMBL1909110,DRUGMATRIX: Sigma1 radioligand binding (ligand: [3H] Haloperidol),B,,,BAO_0000190,BAO_0000249,cell membrane format,CN1CCN(C(c2ccccc2)c2ccccc2)CC1,,,CHEMBL1909046,,,,CHEMBL648,CYCLIZINE,CHEMBL648,,0,,1539660,,15,0,,,IC50,,,,CHEMBL287,Homo sapiens,Sigma opioid receptor,9606,,,IC50,,,,
,Not Active (inhibition < 50% @ 10 uM and thus dose-reponse curve not measured),7693678,[],CHEMBL1909110,DRUGMATRIX: Sigma1 radioligand binding (ligand: [3H] Haloperidol),B,,,BAO_0000190,BAO_0000249,cell membrane format,CC1(C)[C@@H]2CC[C@@]1(C)C(=O)C2,,,CHEMBL1909046,,,,CHEMBL504760,CAMPHOR,CHEMBL504760,,0,,1539668,,15,0,,,IC50,,,,CHEMBL287,Homo sapiens,Sigma opioid receptor,9606,,,IC50,,,,
,Not Active (inhibition < 50% @ 10 uM and thus dose-reponse curve not measured),7693782,[],CHEMBL1909110,DRUGMATRIX: Sigma1 radioligand binding (ligand: [3H] Haloperidol),B,,,BAO_0000190,BAO_0000249,cell membrane format,Cc1c(O)c(=O)ccn1C,,,CHEMBL1909046,,,,CHEMBL70927,DEFERIPRONE,CHEMBL70927,,0,,1539676,,15,0,,,IC50,,,,CHEMBL287,Homo sapiens,Sigma opioid receptor,9606,,,IC50,,,,
,Not Active (inhibition < 50% @ 10 uM and thus dose-reponse curve not measured),7693862,[],CHEMBL1909110,DRUGMATRIX: Sigma1 radioligand binding (ligand: [3H] Haloperidol),B,,,BAO_0000190,BAO_0000249,cell membrane format,C[C@H](C(=O)O)c1cccc(C(=O)c2ccccc2)c1,,,CHEMBL1909046,,,,CHEMBL75435,DEXKETOPROFEN,CHEMBL75435,,0,,1539684,,15,0,,,IC50,,,,CHEMBL287,Homo sapiens,Sigma opioid receptor,9606,,,IC50,,,,
,,7693984,[],CHEMBL1909110,DRUGMATRIX: Sigma1 radioligand binding (ligand: [3H] Haloperidol),B,,,BAO_0000190,BAO_0000249,cell membrane format,CCN(CC)CCOC(=O)C1(C2CCCCC2)CCCCC1,,,CHEMBL1909046,,,"{'bei': '26.85', 'le': '0.52', 'lle': '3.91', 'sei': '28.13'}",CHEMBL1123,DICYCLOMINE,CHEMBL1123,8.31,0,http://www.openphacts.org/units/Nanomolar,1539692,=,15,1,=,,IC50,nM,,4.89,CHEMBL287,Homo sapiens,Sigma opioid receptor,9606,,,IC50,uM,UO_0000065,,0.00489
,Not Active (inhibition < 50% @ 10 uM and thus dose-reponse curve not measured),7694375,[],CHEMBL1909110,DRUGMATRIX: Sigma1 radioligand binding (ligand: [3H] Haloperidol),B,,,BAO_0000190,BAO_0000249,cell membrane format,Cc1c(N(C)CS(=O)(=O)[O-])c(=O)n(-c2ccccc2)n1C.[Na+],,,CHEMBL1909046,,,,CHEMBL487894,DIPYRONE SODIUM,CHEMBL461522,,0,,1539709,,15,0,,,IC50,,,,CHEMBL287,Homo sapiens,Sigma opioid receptor,9606,,,IC50,,,,
,Not Active (inhibition < 50% @ 10 uM and thus dose-reponse curve not measured),7694407,[],CHEMBL1909110,DRUGMATRIX: Sigma1 radioligand binding (ligand: [3H] Haloperidol),B,,,BAO_0000190,BAO_0000249,cell membrane format,ClC(Cl)(Cl)Cl,,,CHEMBL1909046,,,,CHEMBL44814,CARBON TETRACHLORIDE,CHEMBL44814,,0,,1539586,,15,0,,,IC50,,,,CHEMBL287,Homo sapiens,Sigma opioid receptor,9606,,,IC50,,,,
,,7695151,[],CHEMBL1909110,DRUGMATRIX: Sigma1 radioligand binding (ligand: [3H] Haloperidol),B,,,BAO_0000190,BAO_0000249,cell membrane format,CN(C)CCCC1(c2ccc(F)cc2)OCc2cc(C#N)ccc21,,,CHEMBL1909046,,,"{'bei': '19.73', 'le': '0.36', 'lle': '2.59', 'sei': '17.65'}",CHEMBL549,CITALOPRAM,CHEMBL549,6.40,0,http://www.openphacts.org/units/Nanomolar,1539627,=,15,1,=,,IC50,nM,,398.0,CHEMBL287,Homo sapiens,Sigma opioid receptor,9606,,,IC50,uM,UO_0000065,,0.398
,Not Active (inhibition < 50% @ 10 uM and thus dose-reponse curve not measured),7695255,[],CHEMBL1909110,DRUGMATRIX: Sigma1 radioligand binding (ligand: [3H] Haloperidol),B,,,BAO_0000190,BAO_0000249,cell membrane format,CCC(=O)O[C@]1(C(=O)CCl)[C@@H](C)C[C@H]2[C@@H]3CCC4=CC(=O)C=C[C@]4(C)[C@@]3(F)[C@@H](O)C[C@@]21C,,,CHEMBL1909046,,,,CHEMBL1159650,CLOBETASOL PROPIONATE,CHEMBL1159650,,0,,1539635,,15,0,,,IC50,,,,CHEMBL287,Homo sapiens,Sigma opioid receptor,9606,,,IC50,,,,
,Not Active (inhibition < 50% @ 10 uM and thus dose-reponse curve not measured),7695434,[],CHEMBL1909110,DRUGMATRIX: Sigma1 radioligand binding (ligand: [3H] Haloperidol),B,,,BAO_0000190,BAO_0000249,cell membrane format,Cc1cc(C(C#N)c2ccc(Cl)cc2)c(Cl)cc1NC(=O)c1cc(I)cc(I)c1O,,,CHEMBL1909046,,,,CHEMBL12131,CLOSANTEL,CHEMBL12131,,0,,1539644,,15,0,,,IC50,,,,CHEMBL287,Homo sapiens,Sigma opioid receptor,9606,,,IC50,,,,
,Not Active (inhibition < 50% @ 10 uM and thus dose-reponse curve not measured),7695477,[],CHEMBL1909110,DRUGMATRIX: Sigma1 radioligand binding (ligand: [3H] Haloperidol),B,,,BAO_0000190,BAO_0000249,cell membrane format,CC(C)CCCCC(=O)N[C@@H](CCN)C(=O)N[C@@H](CN[C@@H](CCN)C(=O)N[C@H]1CCNC(=O)[C@H]([C@@H](C)O)NC(=O)[C@H](CCN)NC(=O)[C@H](CCN)NC(=O)[C@H](CC(C)C)NC(=O)[C@@H](CC(C)C)NC(=O)[C@H](CCN)NC1=O)[C@@H](C)O.CCC(C)CCCCC(=O)N[C@@H](CCN)C(=O)N[C@@H](CN[C@@H](CCN)C(=O)N[C@H]1CCNC(=O)[C@H]([C@@H](C)O)NC(=O)[C@H](CCN)NC(=O)[C@H](CCN)NC(=O)[C@H](CC(C)C)NC(=O)[C@@H](CC(C)C)NC(=O)[C@H](CCN)NC1=O)[C@@H](C)O,,,CHEMBL1909046,,,,CHEMBL2221249,COLISTIN,CHEMBL2221249,,0,,1539652,,15,0,,,IC50,,,,CHEMBL287,Homo sapiens,Sigma opioid receptor,9606,,,IC50,,,,
,Not Active (inhibition < 50% @ 10 uM and thus dose-reponse curve not measured),7696332,[],CHEMBL1909110,DRUGMATRIX: Sigma1 radioligand binding (ligand: [3H] Haloperidol),B,,,BAO_0000190,BAO_0000249,cell membrane format,CC(C)[C@@]1(NC(=O)[C@@H]2C[C@@H]3c4cccc5[nH]cc(c45)C[C@H]3N(C)C2)O[C@@]2(O)[C@@H]3CCCN3C(=O)[C@H](Cc3ccccc3)N2C1=O.CS(=O)(=O)O,,,CHEMBL1909046,,,,CHEMBL1255837,DIHYDROERGOCRISTINE MESYLATE,CHEMBL601773,,0,,1539701,,15,0,,,IC50,,,,CHEMBL287,Homo sapiens,Sigma opioid receptor,9606,,,IC50,,,,
,Not Active (inhibition < 50% @ 10 uM and thus dose-reponse curve not measured),7696811,[],CHEMBL1909110,DRUGMATRIX: Sigma1 radioligand binding (ligand: [3H] Haloperidol),B,,,BAO_0000190,BAO_0000249,cell membrane format,Cc1ccc(-c2cc(C(F)(F)F)nn2-c2ccc(S(N)(=O)=O)cc2)cc1,,,CHEMBL1909046,,,,CHEMBL118,CELECOXIB,CHEMBL118,,0,,1539595,,15,0,,,IC50,,,,CHEMBL287,Homo sapiens,Sigma opioid receptor,9606,,,IC50,,,,
,Not Active (inhibition < 50% @ 10 uM and thus dose-reponse curve not measured),7696919,[],CHEMBL1909110,DRUGMATRIX: Sigma1 radioligand binding (ligand: [3H] Haloperidol),B,,,BAO_0000190,BAO_0000249,cell membrane format,CC(=O)O[C@]1(C(C)=O)CC[C@H]2[C@@H]3C=C(Cl)C4=CC(=O)CC[C@]4(C)[C@H]3CC[C@@]21C,,,CHEMBL1909046,,,,CHEMBL110691,CHLORMADINONE ACETATE,CHEMBL110691,,0,,1539603,,15,0,,,IC50,,,,CHEMBL287,Homo sapiens,Sigma opioid receptor,9606,,,IC50,,,,
,Not Active (inhibition < 50% @ 10 uM and thus dose-reponse curve not measured),7697006,[],CHEMBL1909110,DRUGMATRIX: Sigma1 radioligand binding (ligand: [3H] Haloperidol),B,,,BAO_0000190,BAO_0000249,cell membrane format,C=C1CC[C@H](O)C/C1=C/C=C1\CCC[C@]2(C)[C@@H]([C@H](C)CCCC(C)C)CC[C@@H]12,,,CHEMBL1909046,,,,CHEMBL1042,CHOLECALCIFEROL,CHEMBL1042,,0,,1539611,,15,0,,,IC50,,,,CHEMBL287,Homo sapiens,Sigma opioid receptor,9606,,,IC50,,,,
,Not Active (inhibition < 50% @ 10 uM and thus dose-reponse curve not measured),7697125,[],CHEMBL1909110,DRUGMATRIX: Sigma1 radioligand binding (ligand: [3H] Haloperidol),B,,,BAO_0000190,BAO_0000249,cell membrane format,O=C1CCc2cc(OCCCCc3nnnn3C3CCCCC3)ccc2N1,,,CHEMBL1909046,,,,CHEMBL799,CILOSTAZOL,CHEMBL799,,0,,1539619,,15,0,,,IC50,,,,CHEMBL287,Homo sapiens,Sigma opioid receptor,9606,,,IC50,,,,
,Not Active (inhibition < 50% @ 10 uM and thus dose-reponse curve not measured),7697914,[],CHEMBL1909110,DRUGMATRIX: Sigma1 radioligand binding (ligand: [3H] Haloperidol),B,,,BAO_0000190,BAO_0000249,cell membrane format,C[C@@H]1C[C@@H]([C@H](O)CC2CC(=O)NC(=O)C2)C(=O)[C@@H](C)C1,,,CHEMBL1909046,,,,CHEMBL123292,CYCLOHEXIMIDE,CHEMBL123292,,0,,1539661,,15,0,,,IC50,,,,CHEMBL287,Homo sapiens,Sigma opioid receptor,9606,,,IC50,,,,
,Not Active (inhibition < 50% @ 10 uM and thus dose-reponse curve not measured),7698016,[],CHEMBL1909110,DRUGMATRIX: Sigma1 radioligand binding (ligand: [3H] Haloperidol),B,,,BAO_0000190,BAO_0000249,cell membrane format,COc1cc2c3cc1Oc1cc(ccc1O)C[C@@H]1c4c(cc(OC)c(O)c4Oc4ccc(cc4)C[C@@H]3N(C)CC2)CC[N+]1(C)C.[Cl-],,,CHEMBL1909046,,,,CHEMBL1687,TUBOCURARINE CHLORIDE,CHEMBL339427,,0,,1539669,,15,0,,,IC50,,,,CHEMBL287,Homo sapiens,Sigma opioid receptor,9606,,,IC50,,,,
,Not Active (inhibition < 50% @ 10 uM and thus dose-reponse curve not measured),7698120,[],CHEMBL1909110,DRUGMATRIX: Sigma1 radioligand binding (ligand: [3H] Haloperidol),B,,,BAO_0000190,BAO_0000249,cell membrane format,CNCCCN1c2ccccc2CCc2ccccc21,,,CHEMBL1909046,,,,CHEMBL72,DESIPRAMINE,CHEMBL72,,0,,1539677,,15,0,,,IC50,,,,CHEMBL287,Homo sapiens,Sigma opioid receptor,9606,,,IC50,,,,
,Not Active (inhibition < 50% @ 10 uM and thus dose-reponse curve not measured),7698204,[],CHEMBL1909110,DRUGMATRIX: Sigma1 radioligand binding (ligand: [3H] Haloperidol),B,,,BAO_0000190,BAO_0000249,cell membrane format,COc1ccc2c(c1)[C@]13CCCC[C@@H]1[C@H](C2)N(C)CC3,,,CHEMBL1909046,,,,CHEMBL52440,DEXTROMETHORPHAN,CHEMBL52440,,0,,1539685,,15,0,,,IC50,,,,CHEMBL287,Homo sapiens,Sigma opioid receptor,9606,,,IC50,,,,
,Not Active (inhibition < 50% @ 10 uM and thus dose-reponse curve not measured),7698322,[],CHEMBL1909110,DRUGMATRIX: Sigma1 radioligand binding (ligand: [3H] Haloperidol),B,,,BAO_0000190,BAO_0000249,cell membrane format,O=c1[nH]cnc2c1ncn2[C@H]1CC[C@@H](CO)O1,,,CHEMBL1909046,,,,CHEMBL1460,DIDANOSINE,CHEMBL1460,,0,,1539693,,15,0,,,IC50,,,,CHEMBL287,Homo sapiens,Sigma opioid receptor,9606,,,IC50,,,,
,Not Active (inhibition < 50% @ 10 uM and thus dose-reponse curve not measured),7698691,[],CHEMBL1909110,DRUGMATRIX: Sigma1 radioligand binding (ligand: [3H] Haloperidol),B,,,BAO_0000190,BAO_0000249,cell membrane format,CCN(CC)C(=S)SSC(=S)N(CC)CC,,,CHEMBL1909046,,,,CHEMBL964,DISULFIRAM,CHEMBL964,,0,,1539710,,15,0,,,IC50,,,,CHEMBL287,Homo sapiens,Sigma opioid receptor,9606,,,IC50,,,,
,Not Active (inhibition < 50% @ 10 uM and thus dose-reponse curve not measured),7698759,[],CHEMBL1909110,DRUGMATRIX: Sigma1 radioligand binding (ligand: [3H] Haloperidol),B,,,BAO_0000190,BAO_0000249,cell membrane format,,,,CHEMBL1909046,,,,CHEMBL1351,CARBOPLATIN,CHEMBL1351,,0,,1539587,,15,0,,,IC50,,,,CHEMBL287,Homo sapiens,Sigma opioid receptor,9606,,,IC50,,,,
,Not Active (inhibition < 50% @ 10 uM and thus dose-reponse curve not measured),7699480,[],CHEMBL1909110,DRUGMATRIX: Sigma1 radioligand binding (ligand: [3H] Haloperidol),B,,,BAO_0000190,BAO_0000249,cell membrane format,O=C(O)CC(O)(CC(=O)O)C(=O)O,,,CHEMBL1909046,,,,CHEMBL1261,CITRIC ACID,CHEMBL1261,,0,,1539628,,15,0,,,IC50,,,,CHEMBL287,Homo sapiens,Sigma opioid receptor,9606,,,IC50,,,,
,Not Active (inhibition < 50% @ 10 uM and thus dose-reponse curve not measured),7699582,[],CHEMBL1909110,DRUGMATRIX: Sigma1 radioligand binding (ligand: [3H] Haloperidol),B,,,BAO_0000190,BAO_0000249,cell membrane format,CCOC(=O)C(C)(C)Oc1ccc(Cl)cc1,,,CHEMBL1909046,,,,CHEMBL565,CLOFIBRATE,CHEMBL565,,0,,1539636,,15,0,,,IC50,,,,CHEMBL287,Homo sapiens,Sigma opioid receptor,9606,,,IC50,,,,
,Not Active (inhibition < 50% @ 10 uM and thus dose-reponse curve not measured),7699708,[],CHEMBL1909110,DRUGMATRIX: Sigma1 radioligand binding (ligand: [3H] Haloperidol),B,,,BAO_0000190,BAO_0000249,cell membrane format,Clc1ccccc1C(c1ccccc1)(c1ccccc1)n1ccnc1,,,CHEMBL1909046,,,,CHEMBL104,CLOTRIMAZOLE,CHEMBL104,,0,,1539645,,15,0,,,IC50,,,,CHEMBL287,Homo sapiens,Sigma opioid receptor,9606,,,IC50,,,,
,Not Active (inhibition < 50% @ 10 uM and thus dose-reponse curve not measured),7699809,[],CHEMBL1909110,DRUGMATRIX: Sigma1 radioligand binding (ligand: [3H] Haloperidol),B,,,BAO_0000190,BAO_0000249,cell membrane format,,,,CHEMBL1909046,,,,CHEMBL1909057,COPPER(II) OXIDE,CHEMBL1909057,,0,,1539653,,15,0,,,IC50,,,,CHEMBL287,Homo sapiens,Sigma opioid receptor,9606,,,IC50,,,,
,Not Active (inhibition < 50% @ 10 uM and thus dose-reponse curve not measured),7700653,[],CHEMBL1909110,DRUGMATRIX: Sigma1 radioligand binding (ligand: [3H] Haloperidol),B,,,BAO_0000190,BAO_0000249,cell membrane format,CN1C[C@H](C(=O)N[C@]2(C)O[C@@]3(O)[C@@H]4CCCN4C(=O)[C@H](Cc4ccccc4)N3C2=O)C[C@@H]2c3cccc4[nH]cc(c34)C[C@H]21,,,CHEMBL1909046,,,,CHEMBL1732,DIHYDROERGOTAMINE,CHEMBL1732,,0,,1539702,,15,0,,,IC50,,,,CHEMBL287,Homo sapiens,Sigma opioid receptor,9606,,,IC50,,,,
,Not Active (inhibition < 50% @ 10 uM and thus dose-reponse curve not measured),7701133,[],CHEMBL1909110,DRUGMATRIX: Sigma1 radioligand binding (ligand: [3H] Haloperidol),B,,,BAO_0000190,BAO_0000249,cell membrane format,CC1=C(C(=O)O)N2C(=O)[C@@H](NC(=O)[C@H](N)c3ccccc3)[C@H]2SC1,,,CHEMBL1909046,,,,CHEMBL1727,CEPHALEXIN ANHYDROUS,CHEMBL1727,,0,,1539596,,15,0,,,IC50,,,,CHEMBL287,Homo sapiens,Sigma opioid receptor,9606,,,IC50,,,,
,Not Active (inhibition < 50% @ 10 uM and thus dose-reponse curve not measured),7701239,[],CHEMBL1909110,DRUGMATRIX: Sigma1 radioligand binding (ligand: [3H] Haloperidol),B,,,BAO_0000190,BAO_0000249,cell membrane format,ClC(Cl)Cl,,,CHEMBL1909046,,,,CHEMBL44618,CHLOROFORM,CHEMBL44618,,0,,1539604,,15,0,,,IC50,,,,CHEMBL287,Homo sapiens,Sigma opioid receptor,9606,,,IC50,,,,
,Not Active (inhibition < 50% @ 10 uM and thus dose-reponse curve not measured),7701326,[],CHEMBL1909110,DRUGMATRIX: Sigma1 radioligand binding (ligand: [3H] Haloperidol),B,,,BAO_0000190,BAO_0000249,cell membrane format,C[C@H](CCC(=O)O)[C@H]1CC[C@H]2[C@@H]3[C@H](O)C[C@@H]4C[C@H](O)CC[C@]4(C)[C@H]3C[C@H](O)[C@]12C,,,CHEMBL1909046,,,,CHEMBL205596,CHOLIC ACID,CHEMBL205596,,0,,1539612,,15,0,,,IC50,,,,CHEMBL287,Homo sapiens,Sigma opioid receptor,9606,,,IC50,,,,
,Not Active (inhibition < 50% @ 10 uM and thus dose-reponse curve not measured),7701443,[],CHEMBL1909110,DRUGMATRIX: Sigma1 radioligand binding (ligand: [3H] Haloperidol),B,,,BAO_0000190,BAO_0000249,cell membrane format,CN/C(=N\CCSCc1nc[nH]c1C)NC#N,,,CHEMBL1909046,,,,CHEMBL30,CIMETIDINE,CHEMBL30,,0,,1539620,,15,0,,,IC50,,,,CHEMBL287,Homo sapiens,Sigma opioid receptor,9606,,,IC50,,,,
,Not Active (inhibition < 50% @ 10 uM and thus dose-reponse curve not measured),7702196,[],CHEMBL1909110,DRUGMATRIX: Sigma1 radioligand binding (ligand: [3H] Haloperidol),B,,,BAO_0000190,BAO_0000249,cell membrane format,O=P1(N(CCCl)CCCl)NCCCO1,,,CHEMBL1909046,,,,CHEMBL88,CYCLOPHOSPHAMIDE ANHYDROUS,CHEMBL88,,0,,1539662,,15,0,,,IC50,,,,CHEMBL287,Homo sapiens,Sigma opioid receptor,9606,,,IC50,,,,
,Not Active (inhibition < 50% @ 10 uM and thus dose-reponse curve not measured),7702298,[],CHEMBL1909110,DRUGMATRIX: Sigma1 radioligand binding (ligand: [3H] Haloperidol),B,,,BAO_0000190,BAO_0000249,cell membrane format,CN(C)/N=N/c1[nH]cnc1C(N)=O,,,CHEMBL1909046,,,,CHEMBL476,DACARBAZINE,CHEMBL476,,0,,1539670,,15,0,,,IC50,,,,CHEMBL287,Homo sapiens,Sigma opioid receptor,9606,,,IC50,,,,
,Not Active (inhibition < 50% @ 10 uM and thus dose-reponse curve not measured),7702383,[],CHEMBL1909110,DRUGMATRIX: Sigma1 radioligand binding (ligand: [3H] Haloperidol),B,,,BAO_0000190,BAO_0000249,cell membrane format,Clc1ccc2c(c1)CCc1cccnc1C2=C1CCNCC1,,,CHEMBL1909046,,,,CHEMBL1172,DESLORATADINE,CHEMBL1172,,0,,1539678,,15,0,,,IC50,,,,CHEMBL287,Homo sapiens,Sigma opioid receptor,9606,,,IC50,,,,
,Not Active (inhibition < 50% @ 10 uM and thus dose-reponse curve not measured),7702487,[],CHEMBL1909110,DRUGMATRIX: Sigma1 radioligand binding (ligand: [3H] Haloperidol),B,,,BAO_0000190,BAO_0000249,cell membrane format,CC(=O)Nc1c(I)c(NC(C)=O)c(I)c(C(=O)O)c1I,,,CHEMBL1909046,,,,CHEMBL1201220,DIATRIZOIC ACID,CHEMBL1201220,,0,,1539686,,15,0,,,IC50,,,,CHEMBL287,Homo sapiens,Sigma opioid receptor,9606,,,IC50,,,,
,Not Active (inhibition < 50% @ 10 uM and thus dose-reponse curve not measured),7702602,[],CHEMBL1909110,DRUGMATRIX: Sigma1 radioligand binding (ligand: [3H] Haloperidol),B,,,BAO_0000190,BAO_0000249,cell membrane format,ClC1=C(Cl)[C@]2(Cl)[C@@H]3[C@@H]4C[C@@H]([C@H]5O[C@@H]45)[C@@H]3[C@@]1(Cl)C2(Cl)Cl,,,CHEMBL1909046,,,,CHEMBL1873703,DIELDRIN,CHEMBL1873703,,0,,1539694,,15,0,,,IC50,,,,CHEMBL287,Homo sapiens,Sigma opioid receptor,9606,,,IC50,,,,
,,7702976,[],CHEMBL1909110,DRUGMATRIX: Sigma1 radioligand binding (ligand: [3H] Haloperidol),B,,,BAO_0000190,BAO_0000249,cell membrane format,CC(CCc1ccc(O)cc1)NCCc1ccc(O)c(O)c1,,,CHEMBL1909046,,,"{'bei': '18.58', 'le': '0.35', 'lle': '2.64', 'sei': '7.70'}",CHEMBL926,DOBUTAMINE,CHEMBL926,5.60,0,http://www.openphacts.org/units/Nanomolar,1539711,=,15,1,=,,IC50,nM,,2518.0,CHEMBL287,Homo sapiens,Sigma opioid receptor,9606,,,IC50,uM,UO_0000065,,2.518
,Not Active (inhibition < 50% @ 10 uM and thus dose-reponse curve not measured),7703058,[],CHEMBL1909110,DRUGMATRIX: Sigma1 radioligand binding (ligand: [3H] Haloperidol),B,,,BAO_0000190,BAO_0000249,cell membrane format,,,,CHEMBL1909046,,,,CHEMBL1909054,CARBOXYMETHYLCELLULOSE,CHEMBL1909054,,0,,1539588,,15,0,,,IC50,,,,CHEMBL287,Homo sapiens,Sigma opioid receptor,9606,,,IC50,,,,
,Not Active (inhibition < 50% @ 10 uM and thus dose-reponse curve not measured),7703781,[],CHEMBL1909110,DRUGMATRIX: Sigma1 radioligand binding (ligand: [3H] Haloperidol),B,,,BAO_0000190,BAO_0000249,cell membrane format,CC1=C2C(=CO[C@H](C)[C@H]2C)C(O)=C(C(=O)O)C1=O,,,CHEMBL1909046,,,,CHEMBL510139,CITRININ,CHEMBL510139,,0,,1539629,,15,0,,,IC50,,,,CHEMBL287,Homo sapiens,Sigma opioid receptor,9606,,,IC50,,,,
,Not Active (inhibition < 50% @ 10 uM and thus dose-reponse curve not measured),7703883,[],CHEMBL1909110,DRUGMATRIX: Sigma1 radioligand binding (ligand: [3H] Haloperidol),B,,,BAO_0000190,BAO_0000249,cell membrane format,CC(C)(Oc1ccc(Cl)cc1)C(=O)O,,,CHEMBL1909046,,,,CHEMBL683,CLOFIBRIC ACID,CHEMBL683,,0,,1539637,,15,0,,,IC50,,,,CHEMBL287,Homo sapiens,Sigma opioid receptor,9606,,,IC50,,,,
,Not Active (inhibition < 50% @ 10 uM and thus dose-reponse curve not measured),7704003,[],CHEMBL1909110,DRUGMATRIX: Sigma1 radioligand binding (ligand: [3H] Haloperidol),B,,,BAO_0000190,BAO_0000249,cell membrane format,Cc1onc(-c2ccccc2Cl)c1C(=O)N[C@@H]1C(=O)N2[C@@H]1SC(C)(C)[C@@H]2C(=O)O,,,CHEMBL1909046,,,,CHEMBL891,CLOXACILLIN,CHEMBL891,,0,,1539646,,15,0,,,IC50,,,,CHEMBL287,Homo sapiens,Sigma opioid receptor,9606,,,IC50,,,,
,Not Active (inhibition < 50% @ 10 uM and thus dose-reponse curve not measured),7704114,[],CHEMBL1909110,DRUGMATRIX: Sigma1 radioligand binding (ligand: [3H] Haloperidol),B,,,BAO_0000190,BAO_0000249,cell membrane format,C[C@]12CCC(=O)C=C1CC[C@@H]1[C@@H]2C(=O)C[C@@]2(C)[C@H]1CC[C@]2(O)C(=O)CO,,,CHEMBL1909046,,,,CHEMBL1499,CORTISONE,CHEMBL1499,,0,,1539654,,15,0,,,IC50,,,,CHEMBL287,Homo sapiens,Sigma opioid receptor,9606,,,IC50,,,,
,Not Active (inhibition < 50% @ 10 uM and thus dose-reponse curve not measured),7704872,[],CHEMBL1909110,DRUGMATRIX: Sigma1 radioligand binding (ligand: [3H] Haloperidol),B,,,BAO_0000190,BAO_0000249,cell membrane format,CC/C(=C(/CC)c1ccc(O)cc1)c1ccc(O)cc1,,,CHEMBL1909046,,,,CHEMBL411,DIETHYLSTILBESTROL,CHEMBL411,,0,,1539695,,15,0,,,IC50,,,,CHEMBL287,Homo sapiens,Sigma opioid receptor,9606,,,IC50,,,,
,Not Active (inhibition < 50% @ 10 uM and thus dose-reponse curve not measured),7704957,[],CHEMBL1909110,DRUGMATRIX: Sigma1 radioligand binding (ligand: [3H] Haloperidol),B,,,BAO_0000190,BAO_0000249,cell membrane format,COc1ccc([C@@H]2Sc3ccccc3N(CCN(C)C)C(=O)[C@@H]2OC(C)=O)cc1,,,CHEMBL1909046,,,,CHEMBL23,DILTIAZEM,CHEMBL23,,0,,1539703,,15,0,,,IC50,,,,CHEMBL287,Homo sapiens,Sigma opioid receptor,9606,,,IC50,,,,
,Not Active (inhibition < 50% @ 10 uM and thus dose-reponse curve not measured),7705436,[],CHEMBL1909110,DRUGMATRIX: Sigma1 radioligand binding (ligand: [3H] Haloperidol),B,,,BAO_0000190,BAO_0000249,cell membrane format,COCc1c(C(C)C)nc(C(C)C)c(/C=C/[C@@H](O)C[C@@H](O)CC(=O)O)c1-c1ccc(F)cc1,,,CHEMBL1909046,,,,CHEMBL1477,CERIVASTATIN,CHEMBL1477,,0,,1539597,,15,0,,,IC50,,,,CHEMBL287,Homo sapiens,Sigma opioid receptor,9606,,,IC50,,,,
,Not Active (inhibition < 50% @ 10 uM and thus dose-reponse curve not measured),7705542,[],CHEMBL1909110,DRUGMATRIX: Sigma1 radioligand binding (ligand: [3H] Haloperidol),B,,,BAO_0000190,BAO_0000249,cell membrane format,Cc1cc(O)cc(C)c1Cl,,,CHEMBL1909046,,,,CHEMBL398440,CHLOROXYLENOL,CHEMBL398440,,0,,1539605,,15,0,,,IC50,,,,CHEMBL287,Homo sapiens,Sigma opioid receptor,9606,,,IC50,,,,
,Not Active (inhibition < 50% @ 10 uM and thus dose-reponse curve not measured),7705639,[],CHEMBL1909110,DRUGMATRIX: Sigma1 radioligand binding (ligand: [3H] Haloperidol),B,,,BAO_0000190,BAO_0000249,cell membrane format,C[N+](C)(C)CCOP(=O)([O-])OC[C@H](O)CO,,,CHEMBL1909046,,,,CHEMBL1567463,CHOLINE ALFOSCERATE,CHEMBL1567463,,0,,1539613,,15,0,,,IC50,,,,CHEMBL287,Homo sapiens,Sigma opioid receptor,9606,,,IC50,,,,
,Not Active (inhibition < 50% @ 10 uM and thus dose-reponse curve not measured),7705756,[],CHEMBL1909110,DRUGMATRIX: Sigma1 radioligand binding (ligand: [3H] Haloperidol),B,,,BAO_0000190,BAO_0000249,cell membrane format,O=C/C=C/c1ccccc1,,,CHEMBL1909046,,,,CHEMBL293492,CINNAMALDEHYDE,CHEMBL293492,,0,,1539621,,15,0,,,IC50,,,,CHEMBL287,Homo sapiens,Sigma opioid receptor,9606,,,IC50,,,,
,Not Active (inhibition < 50% @ 10 uM and thus dose-reponse curve not measured),7706555,[],CHEMBL1909110,DRUGMATRIX: Sigma1 radioligand binding (ligand: [3H] Haloperidol),B,,,BAO_0000190,BAO_0000249,cell membrane format,C/C=C/C[C@@H](C)[C@@H](O)[C@H]1C(=O)N[C@@H](CC)C(=O)N(C)CC(=O)N(C)[C@@H](CC(C)C)C(=O)N[C@@H](C(C)C)C(=O)N(C)[C@@H](CC(C)C)C(=O)N[C@@H](C)C(=O)N[C@H](C)C(=O)N(C)[C@@H](CC(C)C)C(=O)N(C)[C@@H](CC(C)C)C(=O)N(C)[C@@H](C(C)C)C(=O)N1C,,,CHEMBL1909046,,,,CHEMBL160,CYCLOSPORINE,CHEMBL160,,0,,1539663,,15,0,,,IC50,,,,CHEMBL287,Homo sapiens,Sigma opioid receptor,9606,,,IC50,,,,
,Not Active (inhibition < 50% @ 10 uM and thus dose-reponse curve not measured),7706658,[],CHEMBL1909110,DRUGMATRIX: Sigma1 radioligand binding (ligand: [3H] Haloperidol),B,,,BAO_0000190,BAO_0000249,cell membrane format,Cc1c2oc3c(C)ccc(C(=O)N[C@@H]4C(=O)N[C@H](C(C)C)C(=O)N5CCC[C@H]5C(=O)N(C)CC(=O)N(C)[C@@H](C(C)C)C(=O)O[C@@H]4C)c3nc-2c(C(=O)N[C@@H]2C(=O)N[C@H](C(C)C)C(=O)N3CCC[C@H]3C(=O)N(C)CC(=O)N(C)[C@@H](C(C)C)C(=O)O[C@@H]2C)c(N)c1=O,,,CHEMBL1909046,,,,CHEMBL1554,DACTINOMYCIN,CHEMBL1554,,0,,1539671,,15,0,,,IC50,,,,CHEMBL287,Homo sapiens,Sigma opioid receptor,9606,,,IC50,,,,
,Not Active (inhibition < 50% @ 10 uM and thus dose-reponse curve not measured),7706735,[],CHEMBL1909110,DRUGMATRIX: Sigma1 radioligand binding (ligand: [3H] Haloperidol),B,,,BAO_0000190,BAO_0000249,cell membrane format,C[C@@H]1C[C@H]2[C@@H]3CCC4=CC(=O)C=C[C@]4(C)[C@@]3(F)[C@@H](O)C[C@]2(C)[C@H]1C(=O)CO,,,CHEMBL1909046,,,,CHEMBL1766,DESOXIMETASONE,CHEMBL1766,,0,,1539679,,15,0,,,IC50,,,,CHEMBL287,Homo sapiens,Sigma opioid receptor,9606,,,IC50,,,,
,Not Active (inhibition < 50% @ 10 uM and thus dose-reponse curve not measured),7706841,[],CHEMBL1909110,DRUGMATRIX: Sigma1 radioligand binding (ligand: [3H] Haloperidol),B,,,BAO_0000190,BAO_0000249,cell membrane format,CN1C(=O)CN=C(c2ccccc2)c2cc(Cl)ccc21,,,CHEMBL1909046,,,,CHEMBL12,DIAZEPAM,CHEMBL12,,0,,1539687,,15,0,,,IC50,,,,CHEMBL287,Homo sapiens,Sigma opioid receptor,9606,,,IC50,,,,
,Not Active (inhibition < 50% @ 10 uM and thus dose-reponse curve not measured),7707302,[],CHEMBL1909110,DRUGMATRIX: Sigma1 radioligand binding (ligand: [3H] Haloperidol),B,,,BAO_0000190,BAO_0000249,cell membrane format,CC(=O)O[C@@]12CO[C@@H]1C[C@H](O)[C@@]1(C)C(=O)[C@H](O)C3=C(C)[C@@H](OC(=O)[C@H](O)[C@@H](NC(=O)OC(C)(C)C)c4ccccc4)C[C@@](O)([C@@H](OC(=O)c4ccccc4)[C@H]21)C3(C)C.O.O.O,,,CHEMBL1909046,,,,CHEMBL3545252,DOCETAXEL,CHEMBL92,,0,,1539712,,15,0,,,IC50,,,,CHEMBL287,Homo sapiens,Sigma opioid receptor,9606,,,IC50,,,,
,Not Active (inhibition < 50% @ 10 uM and thus dose-reponse curve not measured),7707393,[],CHEMBL1909110,DRUGMATRIX: Sigma1 radioligand binding (ligand: [3H] Haloperidol),B,,,BAO_0000190,BAO_0000249,cell membrane format,CCCCCCNC(=O)n1cc(F)c(=O)[nH]c1=O,,,CHEMBL1909046,,,,CHEMBL460499,CARMOFUR,CHEMBL460499,,0,,1539589,,15,0,,,IC50,,,,CHEMBL287,Homo sapiens,Sigma opioid receptor,9606,,,IC50,,,,
,Not Active (inhibition < 50% @ 10 uM and thus dose-reponse curve not measured),7708158,[],CHEMBL1909110,DRUGMATRIX: Sigma1 radioligand binding (ligand: [3H] Haloperidol),B,,,BAO_0000190,BAO_0000249,cell membrane format,Nc1nc(Cl)nc2c1ncn2[C@H]1C[C@H](O)[C@@H](CO)O1,,,CHEMBL1909046,,,,CHEMBL1619,CLADRIBINE,CHEMBL1619,,0,,1539630,,15,0,,,IC50,,,,CHEMBL287,Homo sapiens,Sigma opioid receptor,9606,,,IC50,,,,
,,7708236,[],CHEMBL1909110,DRUGMATRIX: Sigma1 radioligand binding (ligand: [3H] Haloperidol),B,,,BAO_0000190,BAO_0000249,cell membrane format,CCN(CC)CCOc1ccc(/C(=C(/Cl)c2ccccc2)c2ccccc2)cc1,,,CHEMBL1909046,,,"{'bei': '18.57', 'le': '0.35', 'lle': '0.98', 'sei': '60.45'}",CHEMBL954,ENCLOMIPHENE,CHEMBL954,7.54,0,http://www.openphacts.org/units/Nanomolar,1539638,=,15,1,=,,IC50,nM,,29.0,CHEMBL287,Homo sapiens,Sigma opioid receptor,9606,,,IC50,uM,UO_0000065,,0.029
,Not Active (inhibition < 50% @ 10 uM and thus dose-reponse curve not measured),7708368,[],CHEMBL1909110,DRUGMATRIX: Sigma1 radioligand binding (ligand: [3H] Haloperidol),B,,,BAO_0000190,BAO_0000249,cell membrane format,CN1CCN(C2=Nc3cc(Cl)ccc3Nc3ccccc32)CC1,,,CHEMBL1909046,,,,CHEMBL42,CLOZAPINE,CHEMBL42,,0,,1539647,,15,0,,,IC50,,,,CHEMBL287,Homo sapiens,Sigma opioid receptor,9606,,,IC50,,,,
,Not Active (inhibition < 50% @ 10 uM and thus dose-reponse curve not measured),7708504,[],CHEMBL1909110,DRUGMATRIX: Sigma1 radioligand binding (ligand: [3H] Haloperidol),B,,,BAO_0000190,BAO_0000249,cell membrane format,CC(=O)OCC(=O)[C@@]1(O)CC[C@H]2[C@@H]3CCC4=CC(=O)CC[C@]4(C)[C@H]3C(=O)C[C@@]21C,,,CHEMBL1909046,,,,CHEMBL1650,CORTISONE ACETATE,CHEMBL1650,,0,,1539655,,15,0,,,IC50,,,,CHEMBL287,Homo sapiens,Sigma opioid receptor,9606,,,IC50,,,,
,Not Active (inhibition < 50% @ 10 uM and thus dose-reponse curve not measured),7709278,[],CHEMBL1909110,DRUGMATRIX: Sigma1 radioligand binding (ligand: [3H] Haloperidol),B,,,BAO_0000190,BAO_0000249,cell membrane format,CC(=O)OCC(=O)[C@@]1(OC(C)=O)[C@@H](C)C[C@H]2[C@@H]3C[C@H](F)C4=CC(=O)C=C[C@]4(C)[C@@]3(F)[C@@H](O)C[C@@]21C,,,CHEMBL1909046,,,,CHEMBL1200545,DIFLORASONE DIACETATE,CHEMBL1200545,,0,,1539696,,15,0,,,IC50,,,,CHEMBL287,Homo sapiens,Sigma opioid receptor,9606,,,IC50,,,,
,,7709350,[],CHEMBL1909110,DRUGMATRIX: Sigma1 radioligand binding (ligand: [3H] Haloperidol),B,,,BAO_0000190,BAO_0000249,cell membrane format,CN(C)CCOC(c1ccccc1)c1ccccc1.Cn1c(=O)c2[nH]c(Cl)nc2n(C)c1=O,,,CHEMBL1909046,,,"{'bei': '12.63', 'le': None, 'lle': None, 'sei': None}",CHEMBL1200406,DIMENHYDRINATE,CHEMBL1200406,5.94,0,http://www.openphacts.org/units/Nanomolar,1539704,=,15,1,=,,IC50,nM,,1158.0,CHEMBL287,Homo sapiens,Sigma opioid receptor,9606,,,IC50,uM,UO_0000065,,1.158
,Not Active (inhibition < 50% @ 10 uM and thus dose-reponse curve not measured),7709849,[],CHEMBL1909110,DRUGMATRIX: Sigma1 radioligand binding (ligand: [3H] Haloperidol),B,,,BAO_0000190,BAO_0000249,cell membrane format,Cl.NC[C@H]1CC[C@H](C(=O)Oc2ccc(CCC(=O)O)cc2)CC1,,,CHEMBL1909046,,,,CHEMBL502896,CETRAXATE HYDROCHLORIDE,CHEMBL1187445,,0,,1539598,,15,0,,,IC50,,,,CHEMBL287,Homo sapiens,Sigma opioid receptor,9606,,,IC50,,,,
,,7709916,[],CHEMBL1909110,DRUGMATRIX: Sigma1 radioligand binding (ligand: [3H] Haloperidol),B,,,BAO_0000190,BAO_0000249,cell membrane format,CN(C)CCCN1c2ccccc2Sc2ccc(Cl)cc21,,,CHEMBL1909046,,,"{'bei': '19.90', 'le': '0.41', 'lle': '1.46', 'sei': '97.93'}",CHEMBL71,CHLORPROMAZINE,CHEMBL71,6.35,0,http://www.openphacts.org/units/Nanomolar,1539606,=,15,1,=,,IC50,nM,,451.0,CHEMBL287,Homo sapiens,Sigma opioid receptor,9606,,,IC50,uM,UO_0000065,,0.451
,Not Active (inhibition < 50% @ 10 uM and thus dose-reponse curve not measured),7710061,[],CHEMBL1909110,DRUGMATRIX: Sigma1 radioligand binding (ligand: [3H] Haloperidol),B,,,BAO_0000190,BAO_0000249,cell membrane format,C[N+](C)(C)CCO.[Cl-],,,CHEMBL1909046,,,,CHEMBL282468,CHOLINE CHLORIDE,CHEMBL282468,,0,,1539614,,15,0,,,IC50,,,,CHEMBL287,Homo sapiens,Sigma opioid receptor,9606,,,IC50,,,,
,,7710150,[],CHEMBL1909110,DRUGMATRIX: Sigma1 radioligand binding (ligand: [3H] Haloperidol),B,,,BAO_0000190,BAO_0000249,cell membrane format,C(=C/c1ccccc1)\CN1CCN(C(c2ccccc2)c2ccccc2)CC1,,,CHEMBL1909046,,,"{'bei': '20.07', 'le': '0.36', 'lle': '2.29', 'sei': '114.17'}",CHEMBL43064,CINNARIZINE,CHEMBL43064,7.40,0,http://www.openphacts.org/units/Nanomolar,1539622,=,15,1,=,,IC50,nM,,40.0,CHEMBL287,Homo sapiens,Sigma opioid receptor,9606,,,IC50,uM,UO_0000065,,0.04
,,7710550,[],CHEMBL1909110,DRUGMATRIX: Sigma1 radioligand binding (ligand: [3H] Haloperidol),B,,,BAO_0000190,BAO_0000249,cell membrane format,CN(C)CCCN1c2ccccc2CCc2ccc(Cl)cc21,,,CHEMBL1909046,,,"{'bei': '18.63', 'le': '0.36', 'lle': '1.34', 'sei': '90.52'}",CHEMBL415,CLOMIPRAMINE,CHEMBL415,5.87,0,http://www.openphacts.org/units/Nanomolar,1539639,=,15,1,=,,IC50,nM,,1362.0,CHEMBL287,Homo sapiens,Sigma opioid receptor,9606,,,IC50,uM,UO_0000065,,1.362
,Not Active (inhibition < 50% @ 10 uM and thus dose-reponse curve not measured),7710931,[],CHEMBL1909110,DRUGMATRIX: Sigma1 radioligand binding (ligand: [3H] Haloperidol),B,,,BAO_0000190,BAO_0000249,cell membrane format,CN1CCC(=C2c3ccccc3C=Cc3ccccc32)CC1,,,CHEMBL1909046,,,,CHEMBL516,CYPROHEPTADINE,CHEMBL516,,0,,1539664,,15,0,,,IC50,,,,CHEMBL287,Homo sapiens,Sigma opioid receptor,9606,,,IC50,,,,
,Not Active (inhibition < 50% @ 10 uM and thus dose-reponse curve not measured),7711050,[],CHEMBL1909110,DRUGMATRIX: Sigma1 radioligand binding (ligand: [3H] Haloperidol),B,,,BAO_0000190,BAO_0000249,cell membrane format,C#C[C@]1(O)CC[C@H]2[C@@H]3CCC4=Cc5oncc5C[C@]4(C)[C@H]3CC[C@@]21C,,,CHEMBL1909046,,,,CHEMBL1479,DANAZOL,CHEMBL1479,,0,,1539672,,15,0,,,IC50,,,,CHEMBL287,Homo sapiens,Sigma opioid receptor,9606,,,IC50,,,,
,Not Active (inhibition < 50% @ 10 uM and thus dose-reponse curve not measured),7711155,[],CHEMBL1909110,DRUGMATRIX: Sigma1 radioligand binding (ligand: [3H] Haloperidol),B,,,BAO_0000190,BAO_0000249,cell membrane format,C[C@@H]1C[C@H]2[C@@H]3CCC4=CC(=O)C=C[C@]4(C)[C@@]3(F)[C@@H](O)C[C@]2(C)[C@@]1(O)C(=O)CO,,,CHEMBL1909046,,,,CHEMBL384467,DEXAMETHASONE,CHEMBL384467,,0,,1539680,,15,0,,,IC50,,,,CHEMBL287,Homo sapiens,Sigma opioid receptor,9606,,,IC50,,,,
,Not Active (inhibition < 50% @ 10 uM and thus dose-reponse curve not measured),7711274,[],CHEMBL1909110,DRUGMATRIX: Sigma1 radioligand binding (ligand: [3H] Haloperidol),B,,,BAO_0000190,BAO_0000249,cell membrane format,CC1=Nc2ccc(Cl)cc2S(=O)(=O)N1,,,CHEMBL1909046,,,,CHEMBL181,DIAZOXIDE,CHEMBL181,,0,,1539688,,15,0,,,IC50,,,,CHEMBL287,Homo sapiens,Sigma opioid receptor,9606,,,IC50,,,,
,Not Active (inhibition < 50% @ 10 uM and thus dose-reponse curve not measured),7711706,[],CHEMBL1909110,DRUGMATRIX: Sigma1 radioligand binding (ligand: [3H] Haloperidol),B,,,BAO_0000190,BAO_0000249,cell membrane format,O=c1[nH]c2ccccc2n1CCCN1CCC(n2c(=O)[nH]c3cc(Cl)ccc32)CC1,,,CHEMBL1909046,,,,CHEMBL219916,DOMPERIDONE,CHEMBL219916,,0,,1539713,,15,0,,,IC50,,,,CHEMBL287,Homo sapiens,Sigma opioid receptor,9606,,,IC50,,,,
,Not Active (inhibition < 50% @ 10 uM and thus dose-reponse curve not measured),7711810,[],CHEMBL1909110,DRUGMATRIX: Sigma1 radioligand binding (ligand: [3H] Haloperidol),B,,,BAO_0000190,BAO_0000249,cell membrane format,O=NN(CCCl)C(=O)NCCCl,,,CHEMBL1909046,,,,CHEMBL513,CARMUSTINE,CHEMBL513,,0,,1539590,,15,0,,,IC50,,,,CHEMBL287,Homo sapiens,Sigma opioid receptor,9606,,,IC50,,,,
,Not Active (inhibition < 50% @ 10 uM and thus dose-reponse curve not measured),7712560,[],CHEMBL1909110,DRUGMATRIX: Sigma1 radioligand binding (ligand: [3H] Haloperidol),B,,,BAO_0000190,BAO_0000249,cell membrane format,CC[C@H]1OC(=O)[C@H](C)[C@@H](O[C@H]2C[C@@](C)(OC)[C@@H](O)[C@H](C)O2)[C@H](C)[C@@H](O[C@@H]2O[C@H](C)C[C@H](N(C)C)[C@H]2O)[C@](C)(OC)C[C@@H](C)C(=O)[C@H](C)[C@@H](O)[C@]1(C)O,,,CHEMBL1909046,,,,CHEMBL1741,CLARITHROMYCIN,CHEMBL1741,,0,,1539631,,15,0,,,IC50,,,,CHEMBL287,Homo sapiens,Sigma opioid receptor,9606,,,IC50,,,,
,Not Active (inhibition < 50% @ 10 uM and thus dose-reponse curve not measured),7712844,[],CHEMBL1909110,DRUGMATRIX: Sigma1 radioligand binding (ligand: [3H] Haloperidol),B,,,BAO_0000190,BAO_0000249,cell membrane format,COc1ccc(Cc2nccc3cc(OC)c(OC)cc23)cc1OC,,,CHEMBL1909046,,,,CHEMBL19224,PAPAVERINE,CHEMBL19224,,0,,1540028,,15,0,,,IC50,,,,CHEMBL287,Homo sapiens,Sigma opioid receptor,9606,,,IC50,,,,
,Not Active (inhibition < 50% @ 10 uM and thus dose-reponse curve not measured),7712969,[],CHEMBL1909110,DRUGMATRIX: Sigma1 radioligand binding (ligand: [3H] Haloperidol),B,,,BAO_0000190,BAO_0000249,cell membrane format,C=C(C)C1(O)OC(=O)C=C1OC,,,CHEMBL1909046,,,,CHEMBL495778,PENICILLIC ACID,CHEMBL495778,,0,,1540036,,15,0,,,IC50,,,,CHEMBL287,Homo sapiens,Sigma opioid receptor,9606,,,IC50,,,,
,Not Active (inhibition < 50% @ 10 uM and thus dose-reponse curve not measured),7713053,[],CHEMBL1909110,DRUGMATRIX: Sigma1 radioligand binding (ligand: [3H] Haloperidol),B,,,BAO_0000190,BAO_0000249,cell membrane format,CCOc1ccc(NC(C)=O)cc1,,,CHEMBL1909046,,,,CHEMBL16073,PHENACETIN,CHEMBL16073,,0,,1540044,,15,0,,,IC50,,,,CHEMBL287,Homo sapiens,Sigma opioid receptor,9606,,,IC50,,,,
,Not Active (inhibition < 50% @ 10 uM and thus dose-reponse curve not measured),7713160,[],CHEMBL1909110,DRUGMATRIX: Sigma1 radioligand binding (ligand: [3H] Haloperidol),B,,,BAO_0000190,BAO_0000249,cell membrane format,NNc1ccccc1,,,CHEMBL1909046,,,,CHEMBL456807,PHENYLHYDRAZINE,CHEMBL456807,,0,,1540052,,15,0,,,IC50,,,,CHEMBL287,Homo sapiens,Sigma opioid receptor,9606,,,IC50,,,,
,Not Active (inhibition < 50% @ 10 uM and thus dose-reponse curve not measured),7713399,[],CHEMBL1909110,DRUGMATRIX: Sigma1 radioligand binding (ligand: [3H] Haloperidol),B,,,BAO_0000190,BAO_0000249,cell membrane format,C[n+]1ccccc1/C=N/O.[Cl-],,,CHEMBL1909046,,,,CHEMBL748,PRALIDOXIME CHLORIDE,CHEMBL1420,,0,,1540068,,15,0,,,IC50,,,,CHEMBL287,Homo sapiens,Sigma opioid receptor,9606,,,IC50,,,,
,Not Active (inhibition < 50% @ 10 uM and thus dose-reponse curve not measured),7713907,[],CHEMBL1909110,DRUGMATRIX: Sigma1 radioligand binding (ligand: [3H] Haloperidol),B,,,BAO_0000190,BAO_0000249,cell membrane format,CC(O)CO,,,CHEMBL1909046,,,,CHEMBL286398,PROPYLENE GLYCOL,CHEMBL286398,,0,,1540093,,15,0,,,IC50,,,,CHEMBL287,Homo sapiens,Sigma opioid receptor,9606,,,IC50,,,,
,Not Active (inhibition < 50% @ 10 uM and thus dose-reponse curve not measured),7713986,[],CHEMBL1909110,DRUGMATRIX: Sigma1 radioligand binding (ligand: [3H] Haloperidol),B,,,BAO_0000190,BAO_0000249,cell membrane format,CCN(CC)CCCC(C)Nc1c2ccc(Cl)cc2nc2ccc(OC)cc12,,,CHEMBL1909046,,,,CHEMBL7568,QUINACRINE,CHEMBL7568,,0,,1540101,,15,0,,,IC50,,,,CHEMBL287,Homo sapiens,Sigma opioid receptor,9606,,,IC50,,,,
,Not Active (inhibition < 50% @ 10 uM and thus dose-reponse curve not measured),7714066,[],CHEMBL1909110,DRUGMATRIX: Sigma1 radioligand binding (ligand: [3H] Haloperidol),B,,,BAO_0000190,BAO_0000249,cell membrane format,NC[C@@H]1O[C@H](O[C@H]2[C@@H](O)[C@H](O[C@@H]3[C@@H](O)[C@H](N)C[C@H](N)[C@H]3O[C@H]3O[C@H](CN)[C@@H](O)[C@H](O)[C@H]3N)O[C@@H]2CO)[C@H](N)[C@@H](O)[C@@H]1O,,,CHEMBL1909046,,,,CHEMBL184618,FRAMYCETIN,CHEMBL184618,,0,,1539980,,15,0,,,IC50,,,,CHEMBL287,Homo sapiens,Sigma opioid receptor,9606,,,IC50,,,,
,Not Active (inhibition < 50% @ 10 uM and thus dose-reponse curve not measured),7714194,[],CHEMBL1909110,DRUGMATRIX: Sigma1 radioligand binding (ligand: [3H] Haloperidol),B,,,BAO_0000190,BAO_0000249,cell membrane format,O=C(O)c1cccnc1Nc1cccc(C(F)(F)F)c1,,,CHEMBL1909046,,,,CHEMBL63323,NIFLUMIC ACID,CHEMBL63323,,0,,1539988,,15,0,,,IC50,,,,CHEMBL287,Homo sapiens,Sigma opioid receptor,9606,,,IC50,,,,
,Not Active (inhibition < 50% @ 10 uM and thus dose-reponse curve not measured),7715524,[],CHEMBL1909110,DRUGMATRIX: Sigma1 radioligand binding (ligand: [3H] Haloperidol),B,,,BAO_0000190,BAO_0000249,cell membrane format,NC(=O)CN1CCCC1=O,,,CHEMBL1909046,,,,CHEMBL36715,PIRACETAM,CHEMBL36715,,0,,1540061,,15,0,,,IC50,,,,CHEMBL287,Homo sapiens,Sigma opioid receptor,9606,,,IC50,,,,
,Not Active (inhibition < 50% @ 10 uM and thus dose-reponse curve not measured),7715785,[],CHEMBL1909110,DRUGMATRIX: Sigma1 radioligand binding (ligand: [3H] Haloperidol),B,,,BAO_0000190,BAO_0000249,cell membrane format,COc1cc(NC(C)CCCN)c2ncccc2c1,,,CHEMBL1909046,,,,CHEMBL506,PRIMAQUINE,CHEMBL506,,0,,1540077,,15,0,,,IC50,,,,CHEMBL287,Homo sapiens,Sigma opioid receptor,9606,,,IC50,,,,
,,7715885,[],CHEMBL1909110,DRUGMATRIX: Sigma1 radioligand binding (ligand: [3H] Haloperidol),B,,,BAO_0000190,BAO_0000249,cell membrane format,CC(=O)[C@H]1CC[C@H]2[C@@H]3CCC4=CC(=O)CC[C@]4(C)[C@H]3CC[C@]12C,,,CHEMBL1909046,,,"{'bei': '17.54', 'le': '0.33', 'lle': '0.79', 'sei': '16.15'}",CHEMBL103,PROGESTERONE,CHEMBL103,5.51,0,http://www.openphacts.org/units/Nanomolar,1540085,=,15,1,=,,IC50,nM,,3055.0,CHEMBL287,Homo sapiens,Sigma opioid receptor,9606,,,IC50,uM,UO_0000065,,3.055
,Not Active (inhibition < 50% @ 10 uM and thus dose-reponse curve not measured),7716576,[],CHEMBL1909110,DRUGMATRIX: Sigma1 radioligand binding (ligand: [3H] Haloperidol),B,,,BAO_0000190,BAO_0000249,cell membrane format,CNC(=C[N+](=O)[O-])NCCSCc1csc(CN(C)C)n1,,,CHEMBL1909046,,,,CHEMBL3183075,NIZATIDINE,CHEMBL3183075,,0,,1539997,,15,0,,,IC50,,,,CHEMBL287,Homo sapiens,Sigma opioid receptor,9606,,,IC50,,,,
,,7716655,[],CHEMBL1909110,DRUGMATRIX: Sigma1 radioligand binding (ligand: [3H] Haloperidol),B,,,BAO_0000190,BAO_0000249,cell membrane format,,,,CHEMBL1909046,,,,CHEMBL1909071,,CHEMBL1909071,6.10,0,http://www.openphacts.org/units/Nanomolar,1540005,=,15,1,=,,IC50,nM,,795.1,CHEMBL287,Homo sapiens,Sigma opioid receptor,9606,,,IC50,uM,UO_0000065,,0.7951
,Not Active (inhibition < 50% @ 10 uM and thus dose-reponse curve not measured),7716751,[],CHEMBL1909110,DRUGMATRIX: Sigma1 radioligand binding (ligand: [3H] Haloperidol),B,,,BAO_0000190,BAO_0000249,cell membrane format,Cc1ccccc1C(OCCN(C)C)c1ccccc1,,,CHEMBL1909046,,,,CHEMBL900,ORPHENADRINE,CHEMBL900,,0,,1540013,,15,0,,,IC50,,,,CHEMBL287,Homo sapiens,Sigma opioid receptor,9606,,,IC50,,,,
,Not Active (inhibition < 50% @ 10 uM and thus dose-reponse curve not measured),7716969,[],CHEMBL1909110,DRUGMATRIX: Sigma1 radioligand binding (ligand: [3H] Haloperidol),B,,,BAO_0000190,BAO_0000249,cell membrane format,Cc1cc(C(C)(C)C)c(O)c(C)c1CC1=NCCN1,,,CHEMBL1909046,,,,CHEMBL762,OXYMETAZOLINE,CHEMBL762,,0,,1540021,,15,0,,,IC50,,,,CHEMBL287,Homo sapiens,Sigma opioid receptor,9606,,,IC50,,,,
,Not Active (inhibition < 50% @ 10 uM and thus dose-reponse curve not measured),7717102,[],CHEMBL1909110,DRUGMATRIX: Sigma1 radioligand binding (ligand: [3H] Haloperidol),B,,,BAO_0000190,BAO_0000249,cell membrane format,C[n+]1ccc(-c2cc[n+](C)cc2)cc1.[Cl-].[Cl-],,,CHEMBL1909046,,,,CHEMBL458019,PARAQUAT DICHLORIDE,CHEMBL74469,,0,,1540029,,15,0,,,IC50,,,,CHEMBL287,Homo sapiens,Sigma opioid receptor,9606,,,IC50,,,,
,Not Active (inhibition < 50% @ 10 uM and thus dose-reponse curve not measured),7717228,[],CHEMBL1909110,DRUGMATRIX: Sigma1 radioligand binding (ligand: [3H] Haloperidol),B,,,BAO_0000190,BAO_0000249,cell membrane format,CC1(C)S[C@@H]2[C@H](NC(=O)Cc3ccccc3)C(=O)N2[C@H]1C(=O)O,,,CHEMBL1909046,,,,CHEMBL29,BENZYLPENICILLIN,CHEMBL29,,0,,1540037,,15,0,,,IC50,,,,CHEMBL287,Homo sapiens,Sigma opioid receptor,9606,,,IC50,,,,
,Not Active (inhibition < 50% @ 10 uM and thus dose-reponse curve not measured),7717307,[],CHEMBL1909110,DRUGMATRIX: Sigma1 radioligand binding (ligand: [3H] Haloperidol),B,,,BAO_0000190,BAO_0000249,cell membrane format,NNCCc1ccccc1,,,CHEMBL1909046,,,,CHEMBL1089,PHENELZINE,CHEMBL1089,,0,,1540045,,15,0,,,IC50,,,,CHEMBL287,Homo sapiens,Sigma opioid receptor,9606,,,IC50,,,,
,Not Active (inhibition < 50% @ 10 uM and thus dose-reponse curve not measured),7717419,[],CHEMBL1909110,DRUGMATRIX: Sigma1 radioligand binding (ligand: [3H] Haloperidol),B,,,BAO_0000190,BAO_0000249,cell membrane format,O=C1NC(=O)C(c2ccccc2)(c2ccccc2)N1,,,CHEMBL1909046,,,,CHEMBL16,PHENYTOIN,CHEMBL16,,0,,1540053,,15,0,,,IC50,,,,CHEMBL287,Homo sapiens,Sigma opioid receptor,9606,,,IC50,,,,
,,7717661,[],CHEMBL1909110,DRUGMATRIX: Sigma1 radioligand binding (ligand: [3H] Haloperidol),B,,,BAO_0000190,BAO_0000249,cell membrane format,CCCCOc1ccc(OCCCN2CCOCC2)cc1,,,CHEMBL1909046,,,"{'bei': '23.58', 'le': '0.45', 'lle': '3.95', 'sei': '22.36'}",CHEMBL1198,PRAMOXINE,CHEMBL1198,6.92,0,http://www.openphacts.org/units/Nanomolar,1540069,=,15,1,=,,IC50,nM,,121.0,CHEMBL287,Homo sapiens,Sigma opioid receptor,9606,,,IC50,uM,UO_0000065,,0.121
,Not Active (inhibition < 50% @ 10 uM and thus dose-reponse curve not measured),7718168,[],CHEMBL1909110,DRUGMATRIX: Sigma1 radioligand binding (ligand: [3H] Haloperidol),B,,,BAO_0000190,BAO_0000249,cell membrane format,CCCc1cc(=O)[nH]c(=S)[nH]1,,,CHEMBL1909046,,,,CHEMBL1518,PROPYLTHIOURACIL,CHEMBL1518,,0,,1540094,,15,0,,,IC50,,,,CHEMBL287,Homo sapiens,Sigma opioid receptor,9606,,,IC50,,,,
,Not Active (inhibition < 50% @ 10 uM and thus dose-reponse curve not measured),7718324,[],CHEMBL1909110,DRUGMATRIX: Sigma1 radioligand binding (ligand: [3H] Haloperidol),B,,,BAO_0000190,BAO_0000249,cell membrane format,CN(C)C(=O)Oc1cccc([N+](C)(C)C)c1.[Br-],,,CHEMBL1909046,,,,CHEMBL54126,NEOSTIGMINE BROMIDE,CHEMBL278020,,0,,1539981,,15,0,,,IC50,,,,CHEMBL287,Homo sapiens,Sigma opioid receptor,9606,,,IC50,,,,
,Not Active (inhibition < 50% @ 10 uM and thus dose-reponse curve not measured),7718450,[],CHEMBL1909110,DRUGMATRIX: Sigma1 radioligand binding (ligand: [3H] Haloperidol),B,,,BAO_0000190,BAO_0000249,cell membrane format,O=C(N/N=C/c1ccc([N+](=O)[O-])o1)c1cc([N+](=O)[O-])cc([N+](=O)[O-])c1O,,,CHEMBL1909046,,,,CHEMBL485549,NIFURSOL,CHEMBL485549,,0,,1539989,,15,0,,,IC50,,,,CHEMBL287,Homo sapiens,Sigma opioid receptor,9606,,,IC50,,,,
,Not Active (inhibition < 50% @ 10 uM and thus dose-reponse curve not measured),7719783,[],CHEMBL1909110,DRUGMATRIX: Sigma1 radioligand binding (ligand: [3H] Haloperidol),B,,,BAO_0000190,BAO_0000249,cell membrane format,Cc1cccc(Nc2cc(Cl)nc(SCC(=O)O)n2)c1C,,,CHEMBL1909046,,,,CHEMBL295416,PIRINIXIC ACID,CHEMBL295416,,0,,1540062,,15,0,,,IC50,,,,CHEMBL287,Homo sapiens,Sigma opioid receptor,9606,,,IC50,,,,
,Not Active (inhibition < 50% @ 10 uM and thus dose-reponse curve not measured),7720045,[],CHEMBL1909110,DRUGMATRIX: Sigma1 radioligand binding (ligand: [3H] Haloperidol),B,,,BAO_0000190,BAO_0000249,cell membrane format,CCC1(c2ccccc2)C(=O)NCNC1=O,,,CHEMBL1909046,,,,CHEMBL856,PRIMIDONE,CHEMBL856,,0,,1540078,,15,0,,,IC50,,,,CHEMBL287,Homo sapiens,Sigma opioid receptor,9606,,,IC50,,,,
,Not Active (inhibition < 50% @ 10 uM and thus dose-reponse curve not measured),7720141,[],CHEMBL1909110,DRUGMATRIX: Sigma1 radioligand binding (ligand: [3H] Haloperidol),B,,,BAO_0000190,BAO_0000249,cell membrane format,CCCN(CCC)C(=O)C(CCC(=O)O)NC(=O)c1ccccc1,,,CHEMBL1909046,,,,CHEMBL316561,PROGLUMIDE,CHEMBL316561,,0,,1540086,,15,0,,,IC50,,,,CHEMBL287,Homo sapiens,Sigma opioid receptor,9606,,,IC50,,,,
,Not Active (inhibition < 50% @ 10 uM and thus dose-reponse curve not measured),7720383,[],CHEMBL1909110,DRUGMATRIX: Sigma1 radioligand binding (ligand: [3H] Haloperidol),B,,,BAO_0000190,BAO_0000249,cell membrane format,CCOC(=O)[C@H](CCc1ccccc1)N[C@@H](C)C(=O)N1Cc2ccccc2C[C@H]1C(=O)O,,,CHEMBL1909046,,,,CHEMBL1592,QUINAPRIL,CHEMBL1592,,0,,1540102,,15,0,,,IC50,,,,CHEMBL287,Homo sapiens,Sigma opioid receptor,9606,,,IC50,,,,
,Not Active (inhibition < 50% @ 10 uM and thus dose-reponse curve not measured),7720838,[],CHEMBL1909110,DRUGMATRIX: Sigma1 radioligand binding (ligand: [3H] Haloperidol),B,,,BAO_0000190,BAO_0000249,cell membrane format,COC(=O)Nc1nc2cc(C(=O)c3cccs3)ccc2[nH]1,,,CHEMBL1909046,,,,CHEMBL9514,NOCODAZOLE,CHEMBL9514,,0,,1539998,,15,0,,,IC50,,,,CHEMBL287,Homo sapiens,Sigma opioid receptor,9606,,,IC50,,,,
,Not Active (inhibition < 50% @ 10 uM and thus dose-reponse curve not measured),7720921,[],CHEMBL1909110,DRUGMATRIX: Sigma1 radioligand binding (ligand: [3H] Haloperidol),B,,,BAO_0000190,BAO_0000249,cell membrane format,,,,CHEMBL1909046,,,,CHEMBL5465559,NYSTATIN,CHEMBL5465559,,0,,1540006,,15,0,,,IC50,,,,CHEMBL287,Homo sapiens,Sigma opioid receptor,9606,,,IC50,,,,
,Not Active (inhibition < 50% @ 10 uM and thus dose-reponse curve not measured),7721009,[],CHEMBL1909110,DRUGMATRIX: Sigma1 radioligand binding (ligand: [3H] Haloperidol),B,,,BAO_0000190,BAO_0000249,cell membrane format,C[C@@H]1O[C@@H](O[C@H]2C[C@@H](O)[C@]3(CO)[C@H]4[C@H](O)C[C@]5(C)[C@@H](C6=CC(=O)OC6)CC[C@]5(O)[C@@H]4CC[C@]3(O)C2)[C@H](O)[C@H](O)[C@H]1O,,,CHEMBL1909046,,,,CHEMBL222863,OUABAIN,CHEMBL222863,,0,,1540014,,15,0,,,IC50,,,,CHEMBL287,Homo sapiens,Sigma opioid receptor,9606,,,IC50,,,,
,Not Active (inhibition < 50% @ 10 uM and thus dose-reponse curve not measured),7721216,[],CHEMBL1909110,DRUGMATRIX: Sigma1 radioligand binding (ligand: [3H] Haloperidol),B,,,BAO_0000190,BAO_0000249,cell membrane format,C[C@]12C/C(=C/O)C(=O)C[C@@H]1CC[C@@H]1[C@@H]2CC[C@@]2(C)[C@H]1CC[C@]2(C)O,,,CHEMBL1909046,,,,CHEMBL1200585,OXYMETHOLONE,CHEMBL1200585,,0,,1540022,,15,0,,,IC50,,,,CHEMBL287,Homo sapiens,Sigma opioid receptor,9606,,,IC50,,,,
,,7721342,[],CHEMBL1909110,DRUGMATRIX: Sigma1 radioligand binding (ligand: [3H] Haloperidol),B,,,BAO_0000190,BAO_0000249,cell membrane format,Fc1ccc([C@@H]2CCNC[C@H]2COc2ccc3c(c2)OCO3)cc1,,,CHEMBL1909046,,,"{'bei': '16.00', 'le': '0.30', 'lle': '1.94', 'sei': '13.27'}",CHEMBL490,PAROXETINE,CHEMBL490,5.27,0,http://www.openphacts.org/units/Nanomolar,1540030,=,15,1,=,,IC50,nM,,5366.0,CHEMBL287,Homo sapiens,Sigma opioid receptor,9606,,,IC50,uM,UO_0000065,,5.366
,Not Active (inhibition < 50% @ 10 uM and thus dose-reponse curve not measured),7721469,[],CHEMBL1909110,DRUGMATRIX: Sigma1 radioligand binding (ligand: [3H] Haloperidol),B,,,BAO_0000190,BAO_0000249,cell membrane format,N=C(N)c1ccc(OCCCCCOc2ccc(C(=N)N)cc2)cc1,,,CHEMBL1909046,,,,CHEMBL55,PENTAMIDINE,CHEMBL55,,0,,1540038,,15,0,,,IC50,,,,CHEMBL287,Homo sapiens,Sigma opioid receptor,9606,,,IC50,,,,
,Not Active (inhibition < 50% @ 10 uM and thus dose-reponse curve not measured),7721570,[],CHEMBL1909110,DRUGMATRIX: Sigma1 radioligand binding (ligand: [3H] Haloperidol),B,,,BAO_0000190,BAO_0000249,cell membrane format,O=C1c2ccccc2C(=O)C1c1ccccc1,,,CHEMBL1909046,,,,CHEMBL711,PHENINDIONE,CHEMBL711,,0,,1540046,,15,0,,,IC50,,,,CHEMBL287,Homo sapiens,Sigma opioid receptor,9606,,,IC50,,,,
,Not Active (inhibition < 50% @ 10 uM and thus dose-reponse curve not measured),7721680,[],CHEMBL1909110,DRUGMATRIX: Sigma1 radioligand binding (ligand: [3H] Haloperidol),B,,,BAO_0000190,BAO_0000249,cell membrane format,CNC(=O)Oc1ccc2c(c1)[C@]1(C)CCN(C)[C@@H]1N2C,,,CHEMBL1909046,,,,CHEMBL94,PHYSOSTIGMINE,CHEMBL94,,0,,1540054,,15,0,,,IC50,,,,CHEMBL287,Homo sapiens,Sigma opioid receptor,9606,,,IC50,,,,
,Not Active (inhibition < 50% @ 10 uM and thus dose-reponse curve not measured),7721917,[],CHEMBL1909110,DRUGMATRIX: Sigma1 radioligand binding (ligand: [3H] Haloperidol),B,,,BAO_0000190,BAO_0000249,cell membrane format,CC[C@H](C)C(=O)O[C@H]1C[C@H](O)C=C2C=C[C@H](C)[C@H](CC[C@@H](O)C[C@@H](O)CC(=O)O)[C@H]21,,,CHEMBL1909046,,,,CHEMBL1144,PRAVASTATIN,CHEMBL1144,,0,,1540070,,15,0,,,IC50,,,,CHEMBL287,Homo sapiens,Sigma opioid receptor,9606,,,IC50,,,,
,Not Active (inhibition < 50% @ 10 uM and thus dose-reponse curve not measured),7722443,[],CHEMBL1909110,DRUGMATRIX: Sigma1 radioligand binding (ligand: [3H] Haloperidol),B,,,BAO_0000190,BAO_0000249,cell membrane format,C[C@@H]1O[C@@H](O[C@@H]2C=C3CC[C@@H]4[C@H](CC[C@]5(C)[C@@H](c6ccc(=O)oc6)CC[C@]45O)[C@@]3(C)CC2)[C@H](O)[C@H](O)[C@H]1O,,,CHEMBL1909046,,,,CHEMBL600325,PROSCILLARIDIN,CHEMBL600325,,0,,1540095,,15,0,,,IC50,,,,CHEMBL287,Homo sapiens,Sigma opioid receptor,9606,,,IC50,,,,
,Not Active (inhibition < 50% @ 10 uM and thus dose-reponse curve not measured),7722600,[],CHEMBL1909110,DRUGMATRIX: Sigma1 radioligand binding (ligand: [3H] Haloperidol),B,,,BAO_0000190,BAO_0000249,cell membrane format,CCN[C@@H]1C[C@H](N)[C@@H](O[C@H]2OC(CN)=CC[C@H]2N)[C@H](O)[C@H]1O[C@H]1OC[C@](C)(O)[C@H](NC)[C@H]1O,,,CHEMBL1909046,,,,CHEMBL1572,NETILMICIN,CHEMBL1572,,0,,1539982,,15,0,,,IC50,,,,CHEMBL287,Homo sapiens,Sigma opioid receptor,9606,,,IC50,,,,
,Not Active (inhibition < 50% @ 10 uM and thus dose-reponse curve not measured),7722722,[],CHEMBL1909110,DRUGMATRIX: Sigma1 radioligand binding (ligand: [3H] Haloperidol),B,,,BAO_0000190,BAO_0000249,cell membrane format,CS(=O)(=O)Nc1ccc([N+](=O)[O-])cc1Oc1ccccc1,,,CHEMBL1909046,,,,CHEMBL56367,NIMESULIDE,CHEMBL56367,,0,,1539990,,15,0,,,IC50,,,,CHEMBL287,Homo sapiens,Sigma opioid receptor,9606,,,IC50,,,,
,Not Active (inhibition < 50% @ 10 uM and thus dose-reponse curve not measured),7724035,[],CHEMBL1909110,DRUGMATRIX: Sigma1 radioligand binding (ligand: [3H] Haloperidol),B,,,BAO_0000190,BAO_0000249,cell membrane format,CCn1cc(C(=O)O)c(=O)c2cnc(N3CCCC3)nc21,,,CHEMBL1909046,,,,CHEMBL311350,PIROMIDIC ACID,CHEMBL311350,,0,,1540063,,15,0,,,IC50,,,,CHEMBL287,Homo sapiens,Sigma opioid receptor,9606,,,IC50,,,,
,Not Active (inhibition < 50% @ 10 uM and thus dose-reponse curve not measured),7724296,[],CHEMBL1909110,DRUGMATRIX: Sigma1 radioligand binding (ligand: [3H] Haloperidol),B,,,BAO_0000190,BAO_0000249,cell membrane format,CCCN(CCC)S(=O)(=O)c1ccc(C(=O)O)cc1,,,CHEMBL1909046,,,,CHEMBL897,PROBENECID,CHEMBL897,,0,,1540079,,15,0,,,IC50,,,,CHEMBL287,Homo sapiens,Sigma opioid receptor,9606,,,IC50,,,,
,,7724366,[],CHEMBL1909110,DRUGMATRIX: Sigma1 radioligand binding (ligand: [3H] Haloperidol),B,,,BAO_0000190,BAO_0000249,cell membrane format,CN(C)CCCN1c2ccccc2Sc2ccccc21,,,CHEMBL1909046,,,"{'bei': '23.09', 'le': '0.45', 'lle': '2.33', 'sei': '101.34'}",CHEMBL564,PROMAZINE,CHEMBL564,6.57,0,http://www.openphacts.org/units/Nanomolar,1540087,=,15,1,=,,IC50,nM,,271.0,CHEMBL287,Homo sapiens,Sigma opioid receptor,9606,,,IC50,uM,UO_0000065,,0.271
,Not Active (inhibition < 50% @ 10 uM and thus dose-reponse curve not measured),7724648,[],CHEMBL1909110,DRUGMATRIX: Sigma1 radioligand binding (ligand: [3H] Haloperidol),B,,,BAO_0000190,BAO_0000249,cell membrane format,,,,CHEMBL1909046,,,,CHEMBL1909075,,CHEMBL1909075,,0,,1540103,,15,0,,,IC50,,,,CHEMBL287,Homo sapiens,Sigma opioid receptor,9606,,,IC50,,,,
,Not Active (inhibition < 50% @ 10 uM and thus dose-reponse curve not measured),7725098,[],CHEMBL1909110,DRUGMATRIX: Sigma1 radioligand binding (ligand: [3H] Haloperidol),B,,,BAO_0000190,BAO_0000249,cell membrane format,C#C[C@]1(O)CC[C@H]2[C@@H]3CCC4=CC(=O)CC[C@@H]4[C@H]3CC[C@@]21C,,,CHEMBL1909046,,,,CHEMBL1162,NORETHINDRONE,CHEMBL1162,,0,,1539999,,15,0,,,IC50,,,,CHEMBL287,Homo sapiens,Sigma opioid receptor,9606,,,IC50,,,,
,Not Active (inhibition < 50% @ 10 uM and thus dose-reponse curve not measured),7725187,[],CHEMBL1909110,DRUGMATRIX: Sigma1 radioligand binding (ligand: [3H] Haloperidol),B,,,BAO_0000190,BAO_0000249,cell membrane format,COc1ccccc1N,,,CHEMBL1909046,,,,CHEMBL1612004,,CHEMBL1612004,,0,,1540007,,15,0,,,IC50,,,,CHEMBL287,Homo sapiens,Sigma opioid receptor,9606,,,IC50,,,,
,Not Active (inhibition < 50% @ 10 uM and thus dose-reponse curve not measured),7725277,[],CHEMBL1909110,DRUGMATRIX: Sigma1 radioligand binding (ligand: [3H] Haloperidol),B,,,BAO_0000190,BAO_0000249,cell membrane format,,,,CHEMBL1909046,,,,CHEMBL414804,OXALIPLATIN,CHEMBL414804,,0,,1540015,,15,0,,,IC50,,,,CHEMBL287,Homo sapiens,Sigma opioid receptor,9606,,,IC50,,,,
,Not Active (inhibition < 50% @ 10 uM and thus dose-reponse curve not measured),7725483,[],CHEMBL1909110,DRUGMATRIX: Sigma1 radioligand binding (ligand: [3H] Haloperidol),B,,,BAO_0000190,BAO_0000249,cell membrane format,Oc1cccc2cccnc12,,,CHEMBL1909046,,,,CHEMBL310555,OXYQUINOLINE,CHEMBL310555,,0,,1540023,,15,0,,,IC50,,,,CHEMBL287,Homo sapiens,Sigma opioid receptor,9606,,,IC50,,,,
,Not Active (inhibition < 50% @ 10 uM and thus dose-reponse curve not measured),7725599,[],CHEMBL1909110,DRUGMATRIX: Sigma1 radioligand binding (ligand: [3H] Haloperidol),B,,,BAO_0000190,BAO_0000249,cell membrane format,C=C1C(=O)O[C@H]2[C@H]1CC/C(C)=C/CC[C@@]1(C)O[C@@H]21,,,CHEMBL1909046,,,,CHEMBL540445,PARTHENOLIDE,CHEMBL540445,,0,,1540031,,15,0,,,IC50,,,,CHEMBL287,Homo sapiens,Sigma opioid receptor,9606,,,IC50,,,,
,Not Active (inhibition < 50% @ 10 uM and thus dose-reponse curve not measured),7725722,[],CHEMBL1909110,DRUGMATRIX: Sigma1 radioligand binding (ligand: [3H] Haloperidol),B,,,BAO_0000190,BAO_0000249,cell membrane format,CC(=O)CCCCn1c(=O)c2c(ncn2C)n(C)c1=O,,,CHEMBL1909046,,,,CHEMBL628,PENTOXIFYLLINE,CHEMBL628,,0,,1540039,,15,0,,,IC50,,,,CHEMBL287,Homo sapiens,Sigma opioid receptor,9606,,,IC50,,,,
,Not Active (inhibition < 50% @ 10 uM and thus dose-reponse curve not measured),7725831,[],CHEMBL1909110,DRUGMATRIX: Sigma1 radioligand binding (ligand: [3H] Haloperidol),B,,,BAO_0000190,BAO_0000249,cell membrane format,CCC1(c2ccccc2)C(=O)NC(=O)NC1=O,,,CHEMBL1909046,,,,CHEMBL40,PHENOBARBITAL,CHEMBL40,,0,,1540047,,15,0,,,IC50,,,,CHEMBL287,Homo sapiens,Sigma opioid receptor,9606,,,IC50,,,,
,Not Active (inhibition < 50% @ 10 uM and thus dose-reponse curve not measured),7725941,[],CHEMBL1909110,DRUGMATRIX: Sigma1 radioligand binding (ligand: [3H] Haloperidol),B,,,BAO_0000190,BAO_0000249,cell membrane format,C[C@@H]1C/C=C/C=C/C=C/C=C/[C@H](O[C@@H]2O[C@H](C)[C@@H](O)[C@H](N)[C@@H]2O)C[C@@H]2O[C@](O)(C[C@@H](O)C[C@H]3O[C@@H]3/C=C/C(=O)O1)C[C@H](O)[C@H]2C(=O)O,,,CHEMBL1909046,,,,CHEMBL1200656,NATAMYCIN,CHEMBL1200656,,0,,1540055,,15,0,,,IC50,,,,CHEMBL287,Homo sapiens,Sigma opioid receptor,9606,,,IC50,,,,
,Not Active (inhibition < 50% @ 10 uM and thus dose-reponse curve not measured),7726183,[],CHEMBL1909110,DRUGMATRIX: Sigma1 radioligand binding (ligand: [3H] Haloperidol),B,,,BAO_0000190,BAO_0000249,cell membrane format,O=C(C1CCCCC1)N1CC(=O)N2CCc3ccccc3C2C1,,,CHEMBL1909046,,,,CHEMBL976,PRAZIQUANTEL,CHEMBL976,,0,,1540071,,15,0,,,IC50,,,,CHEMBL287,Homo sapiens,Sigma opioid receptor,9606,,,IC50,,,,
,Not Active (inhibition < 50% @ 10 uM and thus dose-reponse curve not measured),7726712,[],CHEMBL1909110,DRUGMATRIX: Sigma1 radioligand binding (ligand: [3H] Haloperidol),B,,,BAO_0000190,BAO_0000249,cell membrane format,COc1ccc(C[C@H](N)C(=O)N[C@H]2[C@@H](O)[C@H](n3cnc4c(N(C)C)ncnc43)O[C@@H]2CO)cc1,,,CHEMBL1909046,,,,CHEMBL469912,PUROMYCIN,CHEMBL469912,,0,,1540096,,15,0,,,IC50,,,,CHEMBL287,Homo sapiens,Sigma opioid receptor,9606,,,IC50,,,,
,Not Active (inhibition < 50% @ 10 uM and thus dose-reponse curve not measured),7726758,[],CHEMBL1909110,DRUGMATRIX: Sigma1 radioligand binding (ligand: [3H] Haloperidol),B,,,BAO_0000190,BAO_0000249,cell membrane format,O=C1CC[C@@]2(O)[C@H]3Cc4ccc(O)c5c4[C@@]2(CCN3CC2CC2)[C@H]1O5,,,CHEMBL1909046,,,,CHEMBL19019,NALTREXONE,CHEMBL19019,,0,,1539975,,15,0,,,IC50,,,,CHEMBL287,Homo sapiens,Sigma opioid receptor,9606,,,IC50,,,,
,Not Active (inhibition < 50% @ 10 uM and thus dose-reponse curve not measured),7726869,[],CHEMBL1909110,DRUGMATRIX: Sigma1 radioligand binding (ligand: [3H] Haloperidol),B,,,BAO_0000190,BAO_0000249,cell membrane format,Cc1ccnc2c1NC(=O)c1cccnc1N2C1CC1,,,CHEMBL1909046,,,,CHEMBL57,NEVIRAPINE,CHEMBL57,,0,,1539983,,15,0,,,IC50,,,,CHEMBL287,Homo sapiens,Sigma opioid receptor,9606,,,IC50,,,,
,Not Active (inhibition < 50% @ 10 uM and thus dose-reponse curve not measured),7726989,[],CHEMBL1909110,DRUGMATRIX: Sigma1 radioligand binding (ligand: [3H] Haloperidol),B,,,BAO_0000190,BAO_0000249,cell membrane format,CN1C(=O)CN=C(c2ccccc2)c2cc([N+](=O)[O-])ccc21,,,CHEMBL1909046,,,,CHEMBL13341,NIMETAZEPAM,CHEMBL13341,,0,,1539991,,15,0,,,IC50,,,,CHEMBL287,Homo sapiens,Sigma opioid receptor,9606,,,IC50,,,,
,Not Active (inhibition < 50% @ 10 uM and thus dose-reponse curve not measured),7728446,[],CHEMBL1909110,DRUGMATRIX: Sigma1 radioligand binding (ligand: [3H] Haloperidol),B,,,BAO_0000190,BAO_0000249,cell membrane format,COc1cc2nc(N3CCN(C(=O)c4ccco4)CC3)nc(N)c2cc1OC,,,CHEMBL1909046,,,,CHEMBL2,PRAZOSIN,CHEMBL2,,0,,1540072,,15,0,,,IC50,,,,CHEMBL287,Homo sapiens,Sigma opioid receptor,9606,,,IC50,,,,
,,7728615,[],CHEMBL1909110,DRUGMATRIX: Sigma1 radioligand binding (ligand: [3H] Haloperidol),B,,,BAO_0000190,BAO_0000249,cell membrane format,CC(CN1c2ccccc2Sc2ccccc21)N(C)C,,,CHEMBL1909046,,,"{'bei': '23.00', 'le': '0.45', 'lle': '2.30', 'sei': '100.96'}",CHEMBL643,PROMETHAZINE,CHEMBL643,6.54,0,http://www.openphacts.org/units/Nanomolar,1540088,=,15,1,=,,IC50,nM,,287.0,CHEMBL287,Homo sapiens,Sigma opioid receptor,9606,,,IC50,uM,UO_0000065,,0.287
,Not Active (inhibition < 50% @ 10 uM and thus dose-reponse curve not measured),7729376,[],CHEMBL1909110,DRUGMATRIX: Sigma1 radioligand binding (ligand: [3H] Haloperidol),B,,,BAO_0000190,BAO_0000249,cell membrane format,C#C[C@]1(OC(C)=O)CC[C@H]2[C@@H]3CCC4=CC(=O)CC[C@@H]4[C@H]3CC[C@@]21C,,,CHEMBL1909046,,,,CHEMBL1201146,NORETHINDRONE ACETATE,CHEMBL1201146,,0,,1540000,,15,0,,,IC50,,,,CHEMBL287,Homo sapiens,Sigma opioid receptor,9606,,,IC50,,,,
,Not Active (inhibition < 50% @ 10 uM and thus dose-reponse curve not measured),7729470,[],CHEMBL1909110,DRUGMATRIX: Sigma1 radioligand binding (ligand: [3H] Haloperidol),B,,,BAO_0000190,BAO_0000249,cell membrane format,C[C@@H](O)[C@H](CO)NC(=O)[C@@H]1CSSC[C@H](NC(=O)[C@H](N)Cc2ccccc2)C(=O)N[C@@H](Cc2ccccc2)C(=O)N[C@H](Cc2c[nH]c3ccccc23)C(=O)N[C@@H](CCCCN)C(=O)N[C@@H]([C@@H](C)O)C(=O)N1,,,CHEMBL1909046,,,,CHEMBL3350037,,CHEMBL3350037,,0,,1540008,,15,0,,,IC50,,,,CHEMBL287,Homo sapiens,Sigma opioid receptor,9606,,,IC50,,,,
,Not Active (inhibition < 50% @ 10 uM and thus dose-reponse curve not measured),7729559,[],CHEMBL1909110,DRUGMATRIX: Sigma1 radioligand binding (ligand: [3H] Haloperidol),B,,,BAO_0000190,BAO_0000249,cell membrane format,O=C(O)CCc1nc(-c2ccccc2)c(-c2ccccc2)o1,,,CHEMBL1909046,,,,CHEMBL1071,OXAPROZIN,CHEMBL1071,,0,,1540016,,15,0,,,IC50,,,,CHEMBL287,Homo sapiens,Sigma opioid receptor,9606,,,IC50,,,,
,Not Active (inhibition < 50% @ 10 uM and thus dose-reponse curve not measured),7729764,[],CHEMBL1909110,DRUGMATRIX: Sigma1 radioligand binding (ligand: [3H] Haloperidol),B,,,BAO_0000190,BAO_0000249,cell membrane format,CN(C)[C@@H]1C(O)=C(C(N)=O)C(=O)[C@@]2(O)C(O)=C3C(=O)c4c(O)cccc4[C@@](C)(O)[C@H]3[C@H](O)[C@@H]12,,,CHEMBL1909046,,,,CHEMBL1517,OXYTETRACYCLINE,CHEMBL1517,,0,,1540024,,15,0,,,IC50,,,,CHEMBL287,Homo sapiens,Sigma opioid receptor,9606,,,IC50,,,,
,Not Active (inhibition < 50% @ 10 uM and thus dose-reponse curve not measured),7729881,[],CHEMBL1909110,DRUGMATRIX: Sigma1 radioligand binding (ligand: [3H] Haloperidol),B,,,BAO_0000190,BAO_0000249,cell membrane format,CCn1cc(C(=O)O)c(=O)c2cc(F)c(N3CCN(C)CC3)cc21,,,CHEMBL1909046,,,,CHEMBL267648,PEFLOXACIN,CHEMBL267648,,0,,1540032,,15,0,,,IC50,,,,CHEMBL287,Homo sapiens,Sigma opioid receptor,9606,,,IC50,,,,
,Not Active (inhibition < 50% @ 10 uM and thus dose-reponse curve not measured),7729987,[],CHEMBL1909110,DRUGMATRIX: Sigma1 radioligand binding (ligand: [3H] Haloperidol),B,,,BAO_0000190,BAO_0000249,cell membrane format,CCCN1C[C@H](CSC)C[C@@H]2c3cccc4[nH]cc(c34)C[C@H]21,,,CHEMBL1909046,,,,CHEMBL531,PERGOLIDE,CHEMBL531,,0,,1540040,,15,0,,,IC50,,,,CHEMBL287,Homo sapiens,Sigma opioid receptor,9606,,,IC50,,,,
,Not Active (inhibition < 50% @ 10 uM and thus dose-reponse curve not measured),7730117,[],CHEMBL1909110,DRUGMATRIX: Sigma1 radioligand binding (ligand: [3H] Haloperidol),B,,,BAO_0000190,BAO_0000249,cell membrane format,Oc1ccccc1,,,CHEMBL1909046,,,,CHEMBL14060,PHENOL,CHEMBL14060,,0,,1540048,,15,0,,,IC50,,,,CHEMBL287,Homo sapiens,Sigma opioid receptor,9606,,,IC50,,,,
,Not Active (inhibition < 50% @ 10 uM and thus dose-reponse curve not measured),7730227,[],CHEMBL1909110,DRUGMATRIX: Sigma1 radioligand binding (ligand: [3H] Haloperidol),B,,,BAO_0000190,BAO_0000249,cell membrane format,CC(C)NCC(O)COc1cccc2[nH]ccc12,,,CHEMBL1909046,,,,CHEMBL500,PINDOLOL,CHEMBL500,,0,,1540056,,15,0,,,IC50,,,,CHEMBL287,Homo sapiens,Sigma opioid receptor,9606,,,IC50,,,,
,Not Active (inhibition < 50% @ 10 uM and thus dose-reponse curve not measured),7730331,[],CHEMBL1909110,DRUGMATRIX: Sigma1 radioligand binding (ligand: [3H] Haloperidol),B,,,BAO_0000190,BAO_0000249,cell membrane format,CN1C(C(=O)Nc2ccccn2)=C(O)c2ccccc2S1(=O)=O,,,CHEMBL1909046,,,,CHEMBL527,PIROXICAM,CHEMBL527,,0,,1540064,,15,0,,,IC50,,,,CHEMBL287,Homo sapiens,Sigma opioid receptor,9606,,,IC50,,,,
,Not Active (inhibition < 50% @ 10 uM and thus dose-reponse curve not measured),7730598,[],CHEMBL1909110,DRUGMATRIX: Sigma1 radioligand binding (ligand: [3H] Haloperidol),B,,,BAO_0000190,BAO_0000249,cell membrane format,CC(C)(Sc1cc(C(C)(C)C)c(O)c(C(C)(C)C)c1)Sc1cc(C(C)(C)C)c(O)c(C(C)(C)C)c1,,,CHEMBL1909046,,,,CHEMBL608,PROBUCOL,CHEMBL608,,0,,1540080,,15,0,,,IC50,,,,CHEMBL287,Homo sapiens,Sigma opioid receptor,9606,,,IC50,,,,
,Not Active (inhibition < 50% @ 10 uM and thus dose-reponse curve not measured),7730988,[],CHEMBL1909110,DRUGMATRIX: Sigma1 radioligand binding (ligand: [3H] Haloperidol),B,,,BAO_0000190,BAO_0000249,cell membrane format,NC(=O)c1cnccn1,,,CHEMBL1909046,,,,CHEMBL614,PYRAZINAMIDE,CHEMBL614,,0,,1540097,,15,0,,,IC50,,,,CHEMBL287,Homo sapiens,Sigma opioid receptor,9606,,,IC50,,,,
,Not Active (inhibition < 50% @ 10 uM and thus dose-reponse curve not measured),7731032,[],CHEMBL1909110,DRUGMATRIX: Sigma1 radioligand binding (ligand: [3H] Haloperidol),B,,,BAO_0000190,BAO_0000249,cell membrane format,C[C@]12CC[C@H]3[C@@H](CCC4=CC(=O)CC[C@@H]43)[C@@H]1CC[C@@H]2O,,,CHEMBL1909046,,,,CHEMBL757,NANDROLONE,CHEMBL757,,0,,1539976,,15,0,,,IC50,,,,CHEMBL287,Homo sapiens,Sigma opioid receptor,9606,,,IC50,,,,
,Not Active (inhibition < 50% @ 10 uM and thus dose-reponse curve not measured),7731148,[],CHEMBL1909110,DRUGMATRIX: Sigma1 radioligand binding (ligand: [3H] Haloperidol),B,,,BAO_0000190,BAO_0000249,cell membrane format,O=C(O)c1cccnc1,,,CHEMBL1909046,,,,CHEMBL573,NIACIN,CHEMBL573,,0,,1539984,,15,0,,,IC50,,,,CHEMBL287,Homo sapiens,Sigma opioid receptor,9606,,,IC50,,,,
,Not Active (inhibition < 50% @ 10 uM and thus dose-reponse curve not measured),7731261,[],CHEMBL1909110,DRUGMATRIX: Sigma1 radioligand binding (ligand: [3H] Haloperidol),B,,,BAO_0000190,BAO_0000249,cell membrane format,COCCOC(=O)C1=C(C)NC(C)=C(C(=O)OC(C)C)C1c1cccc([N+](=O)[O-])c1,,,CHEMBL1909046,,,,CHEMBL1428,NIMODIPINE,CHEMBL1428,,0,,1539992,,15,0,,,IC50,,,,CHEMBL287,Homo sapiens,Sigma opioid receptor,9606,,,IC50,,,,
,Not Active (inhibition < 50% @ 10 uM and thus dose-reponse curve not measured),7732595,[],CHEMBL1909110,DRUGMATRIX: Sigma1 radioligand binding (ligand: [3H] Haloperidol),B,,,BAO_0000190,BAO_0000249,cell membrane format,COc1cc([C@@H]2c3cc4c(cc3[C@H](O)[C@H]3COC(=O)[C@H]23)OCO4)cc(OC)c1OC,,,CHEMBL1909046,,,,CHEMBL61,PODOFILOX,CHEMBL61,,0,,1540065,,15,0,,,IC50,,,,CHEMBL287,Homo sapiens,Sigma opioid receptor,9606,,,IC50,,,,
,Not Active (inhibition < 50% @ 10 uM and thus dose-reponse curve not measured),7732722,[],CHEMBL1909110,DRUGMATRIX: Sigma1 radioligand binding (ligand: [3H] Haloperidol),B,,,BAO_0000190,BAO_0000249,cell membrane format,C[C@]12C=CC(=O)C=C1CC[C@@H]1[C@@H]2[C@@H](O)C[C@@]2(C)[C@H]1CC[C@]2(O)C(=O)CO,,,CHEMBL1909046,,,,CHEMBL131,PREDNISOLONE,CHEMBL131,,0,,1540073,,15,0,,,IC50,,,,CHEMBL287,Homo sapiens,Sigma opioid receptor,9606,,,IC50,,,,
,,7732865,[],CHEMBL1909110,DRUGMATRIX: Sigma1 radioligand binding (ligand: [3H] Haloperidol),B,,,BAO_0000190,BAO_0000249,cell membrane format,CCCNCC(O)COc1ccccc1C(=O)CCc1ccccc1,,,CHEMBL1909046,,,"{'bei': '16.35', 'le': '0.31', 'lle': '2.34', 'sei': '9.53'}",CHEMBL631,PROPAFENONE,CHEMBL631,5.58,0,http://www.openphacts.org/units/Nanomolar,1540089,=,15,1,=,,IC50,nM,,2610.0,CHEMBL287,Homo sapiens,Sigma opioid receptor,9606,,,IC50,uM,UO_0000065,,2.61
,Not Active (inhibition < 50% @ 10 uM and thus dose-reponse curve not measured),7733518,[],CHEMBL1909110,DRUGMATRIX: Sigma1 radioligand binding (ligand: [3H] Haloperidol),B,,,BAO_0000190,BAO_0000249,cell membrane format,COC(=O)C1=C(C)NC(C)=C(C(=O)OCC(C)C)C1c1ccccc1[N+](=O)[O-],,,CHEMBL1909046,,,,CHEMBL1726,NISOLDIPINE,CHEMBL1726,,0,,1539993,,15,0,,,IC50,,,,CHEMBL287,Homo sapiens,Sigma opioid receptor,9606,,,IC50,,,,
,Not Active (inhibition < 50% @ 10 uM and thus dose-reponse curve not measured),7733636,[],CHEMBL1909110,DRUGMATRIX: Sigma1 radioligand binding (ligand: [3H] Haloperidol),B,,,BAO_0000190,BAO_0000249,cell membrane format,CCn1cc(C(=O)O)c(=O)c2cc(F)c(N3CCNCC3)cc21,,,CHEMBL1909046,,,,CHEMBL9,NORFLOXACIN,CHEMBL9,,0,,1540001,,15,0,,,IC50,,,,CHEMBL287,Homo sapiens,Sigma opioid receptor,9606,,,IC50,,,,
,Not Active (inhibition < 50% @ 10 uM and thus dose-reponse curve not measured),7733731,[],CHEMBL1909110,DRUGMATRIX: Sigma1 radioligand binding (ligand: [3H] Haloperidol),B,,,BAO_0000190,BAO_0000249,cell membrane format,CC1COc2c(N3CCN(C)CC3)c(F)cc3c(=O)c(C(=O)O)cn1c23,,,CHEMBL1909046,,,,CHEMBL4,OFLOXACIN,CHEMBL4,,0,,1540009,,15,0,,,IC50,,,,CHEMBL287,Homo sapiens,Sigma opioid receptor,9606,,,IC50,,,,
,Not Active (inhibition < 50% @ 10 uM and thus dose-reponse curve not measured),7733828,[],CHEMBL1909110,DRUGMATRIX: Sigma1 radioligand binding (ligand: [3H] Haloperidol),B,,,BAO_0000190,BAO_0000249,cell membrane format,NC(=O)N1c2ccccc2CC(=O)c2ccccc21,,,CHEMBL1909046,,,,CHEMBL1068,OXCARBAZEPINE,CHEMBL1068,,0,,1540017,,15,0,,,IC50,,,,CHEMBL287,Homo sapiens,Sigma opioid receptor,9606,,,IC50,,,,
,Not Active (inhibition < 50% @ 10 uM and thus dose-reponse curve not measured),7734032,[],CHEMBL1909110,DRUGMATRIX: Sigma1 radioligand binding (ligand: [3H] Haloperidol),B,,,BAO_0000190,BAO_0000249,cell membrane format,CC(=O)O[C@H]1C(=O)[C@@]2(C)[C@H]([C@H](OC(=O)c3ccccc3)[C@]3(O)C[C@H](OC(=O)[C@H](O)[C@@H](NC(=O)c4ccccc4)c4ccccc4)C(C)=C1C3(C)C)[C@]1(OC(C)=O)CO[C@@H]1C[C@@H]2O,,,CHEMBL1909046,,,,CHEMBL428647,PACLITAXEL,CHEMBL428647,,0,,1540025,,15,0,,,IC50,,,,CHEMBL287,Homo sapiens,Sigma opioid receptor,9606,,,IC50,,,,
,Not Active (inhibition < 50% @ 10 uM and thus dose-reponse curve not measured),7734154,[],CHEMBL1909110,DRUGMATRIX: Sigma1 radioligand binding (ligand: [3H] Haloperidol),B,,,BAO_0000190,BAO_0000249,cell membrane format,NC1=NC(=O)C(c2ccccc2)O1,,,CHEMBL1909046,,,,CHEMBL1177,PEMOLINE,CHEMBL1177,,0,,1540033,,15,0,,,IC50,,,,CHEMBL287,Homo sapiens,Sigma opioid receptor,9606,,,IC50,,,,
,,7734244,[],CHEMBL1909110,DRUGMATRIX: Sigma1 radioligand binding (ligand: [3H] Haloperidol),B,,,BAO_0000190,BAO_0000249,cell membrane format,C1CCC(C(CC2CCCCN2)C2CCCCC2)CC1,,,CHEMBL1909046,,,"{'bei': '20.13', 'le': '0.38', 'lle': '0.29', 'sei': '46.43'}",CHEMBL75880,PERHEXILINE,CHEMBL75880,5.58,0,http://www.openphacts.org/units/Nanomolar,1540041,=,15,1,=,,IC50,nM,,2599.2,CHEMBL287,Homo sapiens,Sigma opioid receptor,9606,,,IC50,uM,UO_0000065,,2.5992
,Not Active (inhibition < 50% @ 10 uM and thus dose-reponse curve not measured),7734374,[],CHEMBL1909110,DRUGMATRIX: Sigma1 radioligand binding (ligand: [3H] Haloperidol),B,,,BAO_0000190,BAO_0000249,cell membrane format,c1ccc2c(c1)Nc1ccccc1S2,,,CHEMBL1909046,,,,CHEMBL828,PHENOTHIAZINE,CHEMBL828,,0,,1540049,,15,0,,,IC50,,,,CHEMBL287,Homo sapiens,Sigma opioid receptor,9606,,,IC50,,,,
,Not Active (inhibition < 50% @ 10 uM and thus dose-reponse curve not measured),7734495,[],CHEMBL1909110,DRUGMATRIX: Sigma1 radioligand binding (ligand: [3H] Haloperidol),B,,,BAO_0000190,BAO_0000249,cell membrane format,CCc1ccc(CCOc2ccc(CC3SC(=O)NC3=O)cc2)nc1,,,CHEMBL1909046,,,,CHEMBL595,PIOGLITAZONE,CHEMBL595,,0,,1540057,,15,0,,,IC50,,,,CHEMBL287,Homo sapiens,Sigma opioid receptor,9606,,,IC50,,,,
,Not Active (inhibition < 50% @ 10 uM and thus dose-reponse curve not measured),7734881,[],CHEMBL1909110,DRUGMATRIX: Sigma1 radioligand binding (ligand: [3H] Haloperidol),B,,,BAO_0000190,BAO_0000249,cell membrane format,CCN(CC)CCNC(=O)c1ccc(N)cc1,,,CHEMBL1909046,,,,CHEMBL640,PROCAINAMIDE,CHEMBL640,,0,,1540081,,15,0,,,IC50,,,,CHEMBL287,Homo sapiens,Sigma opioid receptor,9606,,,IC50,,,,
,,7735262,[],CHEMBL1909110,DRUGMATRIX: Sigma1 radioligand binding (ligand: [3H] Haloperidol),B,,,BAO_0000190,BAO_0000249,cell membrane format,COc1ccc(CN(CCN(C)C)c2ccccn2)cc1,,,CHEMBL1909046,,,"{'bei': '20.35', 'le': '0.38', 'lle': '3.15', 'sei': '20.31'}",CHEMBL511,PYRILAMINE,CHEMBL511,5.81,0,http://www.openphacts.org/units/Nanomolar,1540098,=,15,1,=,,IC50,nM,,1558.0,CHEMBL287,Homo sapiens,Sigma opioid receptor,9606,,,IC50,uM,UO_0000065,,1.558
,Not Active (inhibition < 50% @ 10 uM and thus dose-reponse curve not measured),7735318,[],CHEMBL1909110,DRUGMATRIX: Sigma1 radioligand binding (ligand: [3H] Haloperidol),B,,,BAO_0000190,BAO_0000249,cell membrane format,COc1ccc2cc([C@H](C)C(=O)O)ccc2c1,,,CHEMBL1909046,,,,CHEMBL154,NAPROXEN,CHEMBL154,,0,,1539977,,15,0,,,IC50,,,,CHEMBL287,Homo sapiens,Sigma opioid receptor,9606,,,IC50,,,,
,Not Active (inhibition < 50% @ 10 uM and thus dose-reponse curve not measured),7735434,[],CHEMBL1909110,DRUGMATRIX: Sigma1 radioligand binding (ligand: [3H] Haloperidol),B,,,BAO_0000190,BAO_0000249,cell membrane format,NC(=O)c1cccnc1,,,CHEMBL1909046,,,,CHEMBL1140,NIACINAMIDE,CHEMBL1140,,0,,1539985,,15,0,,,IC50,,,,CHEMBL287,Homo sapiens,Sigma opioid receptor,9606,,,IC50,,,,
,Not Active (inhibition < 50% @ 10 uM and thus dose-reponse curve not measured),7737013,[],CHEMBL1909110,DRUGMATRIX: Sigma1 radioligand binding (ligand: [3H] Haloperidol),B,,,BAO_0000190,BAO_0000249,cell membrane format,C[C@]12C=CC(=O)C=C1CC[C@@H]1[C@@H]2C(=O)C[C@@]2(C)[C@H]1CC[C@]2(O)C(=O)CO,,,CHEMBL1909046,,,,CHEMBL635,PREDNISONE,CHEMBL635,,0,,1540074,,15,0,,,IC50,,,,CHEMBL287,Homo sapiens,Sigma opioid receptor,9606,,,IC50,,,,
,,7737154,[],CHEMBL1909110,DRUGMATRIX: Sigma1 radioligand binding (ligand: [3H] Haloperidol),B,,,BAO_0000190,BAO_0000249,cell membrane format,CCCOc1ccc(C(=O)OCCN(CC)CC)cc1N,,,CHEMBL1909046,,,"{'bei': '22.50', 'le': '0.43', 'lle': '4.06', 'sei': '10.22'}",CHEMBL1196,PROPARACAINE,CHEMBL1196,6.62,0,http://www.openphacts.org/units/Nanomolar,1540090,=,15,1,=,,IC50,nM,,238.0,CHEMBL287,Homo sapiens,Sigma opioid receptor,9606,,,IC50,uM,UO_0000065,,0.238
,Not Active (inhibition < 50% @ 10 uM and thus dose-reponse curve not measured),7737809,[],CHEMBL1909110,DRUGMATRIX: Sigma1 radioligand binding (ligand: [3H] Haloperidol),B,,,BAO_0000190,BAO_0000249,cell membrane format,O=C1CN=C(c2ccccc2)c2cc([N+](=O)[O-])ccc2N1,,,CHEMBL1909046,,,,CHEMBL13209,NITRAZEPAM,CHEMBL13209,,0,,1539994,,15,0,,,IC50,,,,CHEMBL287,Homo sapiens,Sigma opioid receptor,9606,,,IC50,,,,
,Not Active (inhibition < 50% @ 10 uM and thus dose-reponse curve not measured),7737926,[],CHEMBL1909110,DRUGMATRIX: Sigma1 radioligand binding (ligand: [3H] Haloperidol),B,,,BAO_0000190,BAO_0000249,cell membrane format,C#CC1(O)CC[C@H]2[C@@H]3CCC4=CC(=O)CC[C@@H]4[C@H]3CC[C@@]21CC,,,CHEMBL1909046,,,,CHEMBL2107797,NORGESTREL,CHEMBL2107797,,0,,1540002,,15,0,,,IC50,,,,CHEMBL287,Homo sapiens,Sigma opioid receptor,9606,,,IC50,,,,
,Not Active (inhibition < 50% @ 10 uM and thus dose-reponse curve not measured),7738008,[],CHEMBL1909110,DRUGMATRIX: Sigma1 radioligand binding (ligand: [3H] Haloperidol),B,,,BAO_0000190,BAO_0000249,cell membrane format,Cc1cc2c(s1)Nc1ccccc1N=C2N1CCN(C)CC1,,,CHEMBL1909046,,,,CHEMBL715,OLANZAPINE,CHEMBL715,,0,,1540010,,15,0,,,IC50,,,,CHEMBL287,Homo sapiens,Sigma opioid receptor,9606,,,IC50,,,,
,Not Active (inhibition < 50% @ 10 uM and thus dose-reponse curve not measured),7738125,[],CHEMBL1909110,DRUGMATRIX: Sigma1 radioligand binding (ligand: [3H] Haloperidol),B,,,BAO_0000190,BAO_0000249,cell membrane format,COC(=O)Nc1nc2cc([S+]([O-])c3ccccc3)ccc2[nH]1,,,CHEMBL1909046,,,,CHEMBL42442,OXFENDAZOLE,CHEMBL42442,,0,,1540018,,15,0,,,IC50,,,,CHEMBL287,Homo sapiens,Sigma opioid receptor,9606,,,IC50,,,,
,Not Active (inhibition < 50% @ 10 uM and thus dose-reponse curve not measured),7738341,[],CHEMBL1909110,DRUGMATRIX: Sigma1 radioligand binding (ligand: [3H] Haloperidol),B,,,BAO_0000190,BAO_0000249,cell membrane format,CC(C)(CO)C(O)C(=O)NCCCO,,,CHEMBL1909046,,,,CHEMBL1371937,PANTHENOL,CHEMBL1371937,,0,,1540026,,15,0,,,IC50,,,,CHEMBL287,Homo sapiens,Sigma opioid receptor,9606,,,IC50,,,,
,Not Active (inhibition < 50% @ 10 uM and thus dose-reponse curve not measured),7738463,[],CHEMBL1909110,DRUGMATRIX: Sigma1 radioligand binding (ligand: [3H] Haloperidol),B,,,BAO_0000190,BAO_0000249,cell membrane format,Nc1nc(O)c2ncn(CCC(CO)CO)c2n1,,,CHEMBL1909046,,,,CHEMBL1540,PENCICLOVIR,CHEMBL1540,,0,,1540034,,15,0,,,IC50,,,,CHEMBL287,Homo sapiens,Sigma opioid receptor,9606,,,IC50,,,,
,Not Active (inhibition < 50% @ 10 uM and thus dose-reponse curve not measured),7738547,[],CHEMBL1909110,DRUGMATRIX: Sigma1 radioligand binding (ligand: [3H] Haloperidol),B,,,BAO_0000190,BAO_0000249,cell membrane format,OCCN1CCN(CCCN2c3ccccc3Sc3ccc(Cl)cc32)CC1,,,CHEMBL1909046,,,,CHEMBL567,PERPHENAZINE,CHEMBL567,,0,,1540042,,15,0,,,IC50,,,,CHEMBL287,Homo sapiens,Sigma opioid receptor,9606,,,IC50,,,,
,Not Active (inhibition < 50% @ 10 uM and thus dose-reponse curve not measured),7738665,[],CHEMBL1909110,DRUGMATRIX: Sigma1 radioligand binding (ligand: [3H] Haloperidol),B,,,BAO_0000190,BAO_0000249,cell membrane format,Cc1ccc(N(CC2=NCCN2)c2cccc(O)c2)cc1,,,CHEMBL1909046,,,,CHEMBL597,PHENTOLAMINE,CHEMBL597,,0,,1540050,,15,0,,,IC50,,,,CHEMBL287,Homo sapiens,Sigma opioid receptor,9606,,,IC50,,,,
,,7738768,[],CHEMBL1909110,DRUGMATRIX: Sigma1 radioligand binding (ligand: [3H] Haloperidol),B,,,BAO_0000190,BAO_0000249,cell membrane format,NC(=O)C1CCN(CCCN2c3ccccc3Sc3ccc(Cl)cc32)CC1,,,CHEMBL1909046,,,"{'bei': '17.27', 'le': '0.35', 'lle': '2.41', 'sei': '14.01'}",CHEMBL1909072,PIPAMAZINE,CHEMBL1909072,6.94,0,http://www.openphacts.org/units/Nanomolar,1540058,=,15,1,=,,IC50,nM,,114.0,CHEMBL287,Homo sapiens,Sigma opioid receptor,9606,,,IC50,uM,UO_0000065,,0.114
,Not Active (inhibition < 50% @ 10 uM and thus dose-reponse curve not measured),7738903,[],CHEMBL1909110,DRUGMATRIX: Sigma1 radioligand binding (ligand: [3H] Haloperidol),B,,,BAO_0000190,BAO_0000249,cell membrane format,,,,CHEMBL1909046,,,,CHEMBL3559671,POLYVINYL ALCOHOL,CHEMBL3559671,,0,,1540066,,15,0,,,IC50,,,,CHEMBL287,Homo sapiens,Sigma opioid receptor,9606,,,IC50,,,,
,Not Active (inhibition < 50% @ 10 uM and thus dose-reponse curve not measured),7739170,[],CHEMBL1909110,DRUGMATRIX: Sigma1 radioligand binding (ligand: [3H] Haloperidol),B,,,BAO_0000190,BAO_0000249,cell membrane format,CCN(CC)CCOC(=O)c1ccc(N)cc1,,,CHEMBL1909046,,,,CHEMBL569,PROCAINE,CHEMBL569,,0,,1540082,,15,0,,,IC50,,,,CHEMBL287,Homo sapiens,Sigma opioid receptor,9606,,,IC50,,,,
,Not Active (inhibition < 50% @ 10 uM and thus dose-reponse curve not measured),7739429,[],CHEMBL1909110,DRUGMATRIX: Sigma1 radioligand binding (ligand: [3H] Haloperidol),B,,,BAO_0000190,BAO_0000249,cell membrane format,CC(C)c1cccc(C(C)C)c1O,,,CHEMBL1909046,,,,CHEMBL526,PROPOFOL,CHEMBL526,,0,,1540091,,15,0,,,IC50,,,,CHEMBL287,Homo sapiens,Sigma opioid receptor,9606,,,IC50,,,,
,Not Active (inhibition < 50% @ 10 uM and thus dose-reponse curve not measured),7739542,[],CHEMBL1909110,DRUGMATRIX: Sigma1 radioligand binding (ligand: [3H] Haloperidol),B,,,BAO_0000190,BAO_0000249,cell membrane format,Oc1cccc(O)c1O,,,CHEMBL1909046,,,,CHEMBL307145,PYROGALLOL,CHEMBL307145,,0,,1540099,,15,0,,,IC50,,,,CHEMBL287,Homo sapiens,Sigma opioid receptor,9606,,,IC50,,,,
,Not Active (inhibition < 50% @ 10 uM and thus dose-reponse curve not measured),7739600,[],CHEMBL1909110,DRUGMATRIX: Sigma1 radioligand binding (ligand: [3H] Haloperidol),B,,,BAO_0000190,BAO_0000249,cell membrane format,CC(C)[C@H]1CC[C@H](C(=O)N[C@H](Cc2ccccc2)C(=O)O)CC1,,,CHEMBL1909046,,,,CHEMBL783,NATEGLINIDE,CHEMBL783,,0,,1539978,,15,0,,,IC50,,,,CHEMBL287,Homo sapiens,Sigma opioid receptor,9606,,,IC50,,,,
,Not Active (inhibition < 50% @ 10 uM and thus dose-reponse curve not measured),7739725,[],CHEMBL1909110,DRUGMATRIX: Sigma1 radioligand binding (ligand: [3H] Haloperidol),B,,,BAO_0000190,BAO_0000249,cell membrane format,CN1CCC[C@H]1c1cccnc1,,,CHEMBL1909046,,,,CHEMBL3,NICOTINE,CHEMBL3,,0,,1539986,,15,0,,,IC50,,,,CHEMBL287,Homo sapiens,Sigma opioid receptor,9606,,,IC50,,,,
,Not Active (inhibition < 50% @ 10 uM and thus dose-reponse curve not measured),7741062,[],CHEMBL1909110,DRUGMATRIX: Sigma1 radioligand binding (ligand: [3H] Haloperidol),B,,,BAO_0000190,BAO_0000249,cell membrane format,CCN1CCN(C(=O)N[C@@H](C(=O)N[C@@H]2C(=O)N3[C@@H]2SC(C)(C)[C@@H]3C(=O)O)c2ccccc2)C(=O)C1=O,,,CHEMBL1909046,,,,CHEMBL702,PIPERACILLIN,CHEMBL702,,0,,1540059,,15,0,,,IC50,,,,CHEMBL287,Homo sapiens,Sigma opioid receptor,9606,,,IC50,,,,
,,7741319,[],CHEMBL1909110,DRUGMATRIX: Sigma1 radioligand binding (ligand: [3H] Haloperidol),B,,,BAO_0000190,BAO_0000249,cell membrane format,CC(=O)[C@H]1[C@H](C#N)C[C@H]2[C@@H]3CC=C4C[C@@H](O)CC[C@]4(C)[C@H]3CC[C@@]21C,,,CHEMBL1909046,,,"{'bei': '13.68', 'le': '0.26', 'lle': '0.41', 'sei': '7.65'}",CHEMBL1400945,PREGNENOLONE CARBONITRILE ,CHEMBL1400945,4.67,0,http://www.openphacts.org/units/Nanomolar,1540075,=,15,1,=,,IC50,nM,,21300.0,CHEMBL287,Homo sapiens,Sigma opioid receptor,9606,,,IC50,uM,UO_0000065,,21.3
,Not Active (inhibition < 50% @ 10 uM and thus dose-reponse curve not measured),7742144,[],CHEMBL1909110,DRUGMATRIX: Sigma1 radioligand binding (ligand: [3H] Haloperidol),B,,,BAO_0000190,BAO_0000249,cell membrane format,CCOC(=O)C1=C(C)NC(C)=C(C(=O)OC)C1c1cccc([N+](=O)[O-])c1,,,CHEMBL1909046,,,,CHEMBL475534,NITRENDIPINE,CHEMBL475534,,0,,1539995,,15,0,,,IC50,,,,CHEMBL287,Homo sapiens,Sigma opioid receptor,9606,,,IC50,,,,
,Not Active (inhibition < 50% @ 10 uM and thus dose-reponse curve not measured),7742235,[],CHEMBL1909110,DRUGMATRIX: Sigma1 radioligand binding (ligand: [3H] Haloperidol),B,,,BAO_0000190,BAO_0000249,cell membrane format,CNCCC=C1c2ccccc2CCc2ccccc21,,,CHEMBL1909046,,,,CHEMBL445,NORTRIPTYLINE,CHEMBL445,,0,,1540003,,15,0,,,IC50,,,,CHEMBL287,Homo sapiens,Sigma opioid receptor,9606,,,IC50,,,,
,Not Active (inhibition < 50% @ 10 uM and thus dose-reponse curve not measured),7742345,[],CHEMBL1909110,DRUGMATRIX: Sigma1 radioligand binding (ligand: [3H] Haloperidol),B,,,BAO_0000190,BAO_0000249,cell membrane format,COc1ccc2[nH]c([S+]([O-])Cc3ncc(C)c(OC)c3C)nc2c1,,,CHEMBL1909046,,,,CHEMBL1503,OMEPRAZOLE,CHEMBL1503,,0,,1540011,,15,0,,,IC50,,,,CHEMBL287,Homo sapiens,Sigma opioid receptor,9606,,,IC50,,,,
,Not Active (inhibition < 50% @ 10 uM and thus dose-reponse curve not measured),7742439,[],CHEMBL1909110,DRUGMATRIX: Sigma1 radioligand binding (ligand: [3H] Haloperidol),B,,,BAO_0000190,BAO_0000249,cell membrane format,Clc1ccc(CO/N=C(\Cn2ccnc2)c2ccc(Cl)cc2Cl)c(Cl)c1,,,CHEMBL1909046,,,,CHEMBL1262,OXICONAZOLE,CHEMBL1262,,0,,1540019,,15,0,,,IC50,,,,CHEMBL287,Homo sapiens,Sigma opioid receptor,9606,,,IC50,,,,
,Not Active (inhibition < 50% @ 10 uM and thus dose-reponse curve not measured),7742674,[],CHEMBL1909110,DRUGMATRIX: Sigma1 radioligand binding (ligand: [3H] Haloperidol),B,,,BAO_0000190,BAO_0000249,cell membrane format,COc1ccnc(C[S+]([O-])c2nc3cc(OC(F)F)ccc3[nH]2)c1OC,,,CHEMBL1909046,,,,CHEMBL1502,PANTOPRAZOLE,CHEMBL1502,,0,,1540027,,15,0,,,IC50,,,,CHEMBL287,Homo sapiens,Sigma opioid receptor,9606,,,IC50,,,,
,Not Active (inhibition < 50% @ 10 uM and thus dose-reponse curve not measured),7742796,[],CHEMBL1909110,DRUGMATRIX: Sigma1 radioligand binding (ligand: [3H] Haloperidol),B,,,BAO_0000190,BAO_0000249,cell membrane format,CC(C)(S)[C@@H](N)C(=O)O,,,CHEMBL1909046,,,,CHEMBL1430,PENICILLAMINE,CHEMBL1430,,0,,1540035,,15,0,,,IC50,,,,CHEMBL287,Homo sapiens,Sigma opioid receptor,9606,,,IC50,,,,
,Not Active (inhibition < 50% @ 10 uM and thus dose-reponse curve not measured),7742880,[],CHEMBL1909110,DRUGMATRIX: Sigma1 radioligand binding (ligand: [3H] Haloperidol),B,,,BAO_0000190,BAO_0000249,cell membrane format,NC(=O)NC(=O)Cc1ccccc1,,,CHEMBL1909046,,,,CHEMBL918,PHENACEMIDE,CHEMBL918,,0,,1540043,,15,0,,,IC50,,,,CHEMBL287,Homo sapiens,Sigma opioid receptor,9606,,,IC50,,,,
,Not Active (inhibition < 50% @ 10 uM and thus dose-reponse curve not measured),7742994,[],CHEMBL1909110,DRUGMATRIX: Sigma1 radioligand binding (ligand: [3H] Haloperidol),B,,,BAO_0000190,BAO_0000249,cell membrane format,CCCCC1C(=O)N(c2ccccc2)N(c2ccccc2)C1=O,,,CHEMBL1909046,,,,CHEMBL101,PHENYLBUTAZONE,CHEMBL101,,0,,1540051,,15,0,,,IC50,,,,CHEMBL287,Homo sapiens,Sigma opioid receptor,9606,,,IC50,,,,
,Not Active (inhibition < 50% @ 10 uM and thus dose-reponse curve not measured),7743232,[],CHEMBL1909110,DRUGMATRIX: Sigma1 radioligand binding (ligand: [3H] Haloperidol),B,,,BAO_0000190,BAO_0000249,cell membrane format,,,,CHEMBL1909046,,,,CHEMBL2108139,POVIDONE,CHEMBL2108139,,0,,1540067,,15,0,,,IC50,,,,CHEMBL287,Homo sapiens,Sigma opioid receptor,9606,,,IC50,,,,
,Not Active (inhibition < 50% @ 10 uM and thus dose-reponse curve not measured),7743497,[],CHEMBL1909110,DRUGMATRIX: Sigma1 radioligand binding (ligand: [3H] Haloperidol),B,,,BAO_0000190,BAO_0000249,cell membrane format,CNNCc1ccc(C(=O)NC(C)C)cc1,,,CHEMBL1909046,,,,CHEMBL1321,PROCARBAZINE,CHEMBL1321,,0,,1540083,,15,0,,,IC50,,,,CHEMBL287,Homo sapiens,Sigma opioid receptor,9606,,,IC50,,,,
,,7743766,[],CHEMBL1909110,DRUGMATRIX: Sigma1 radioligand binding (ligand: [3H] Haloperidol),B,,,BAO_0000190,BAO_0000249,cell membrane format,CC(C)NCC(O)COc1cccc2ccccc12,,,CHEMBL1909046,,,"{'bei': '21.37', 'le': '0.40', 'lle': '2.96', 'sei': '13.36'}",CHEMBL27,PROPRANOLOL,CHEMBL27,5.54,0,http://www.openphacts.org/units/Nanomolar,1540092,=,15,1,=,,IC50,nM,,2870.0,CHEMBL287,Homo sapiens,Sigma opioid receptor,9606,,,IC50,uM,UO_0000065,,2.87
,,7743878,[],CHEMBL1909110,DRUGMATRIX: Sigma1 radioligand binding (ligand: [3H] Haloperidol),B,,,BAO_0000190,BAO_0000249,cell membrane format,OCCOCCN1CCN(C2=Nc3ccccc3Sc3ccccc32)CC1,,,CHEMBL1909046,,,"{'bei': '14.70', 'le': '0.29', 'lle': '2.78', 'sei': '11.68'}",CHEMBL716,QUETIAPINE,CHEMBL716,5.64,0,http://www.openphacts.org/units/Nanomolar,1540100,=,15,1,=,,IC50,nM,,2293.5,CHEMBL287,Homo sapiens,Sigma opioid receptor,9606,,,IC50,uM,UO_0000065,,2.2935
,Not Active (inhibition < 50% @ 10 uM and thus dose-reponse curve not measured),7743948,[],CHEMBL1909110,DRUGMATRIX: Sigma1 radioligand binding (ligand: [3H] Haloperidol),B,,,BAO_0000190,BAO_0000249,cell membrane format,Cc1c(O)cccc1C(=O)N[C@@H](CSc1ccccc1)[C@H](O)CN1C[C@H]2CCCC[C@H]2C[C@H]1C(=O)NC(C)(C)C,,,CHEMBL1909046,,,,CHEMBL584,NELFINAVIR,CHEMBL584,,0,,1539979,,15,0,,,IC50,,,,CHEMBL287,Homo sapiens,Sigma opioid receptor,9606,,,IC50,,,,
,Not Active (inhibition < 50% @ 10 uM and thus dose-reponse curve not measured),7744081,[],CHEMBL1909110,DRUGMATRIX: Sigma1 radioligand binding (ligand: [3H] Haloperidol),B,,,BAO_0000190,BAO_0000249,cell membrane format,COC(=O)C1=C(C)NC(C)=C(C(=O)OC)C1c1ccccc1[N+](=O)[O-],,,CHEMBL1909046,,,,CHEMBL193,NIFEDIPINE,CHEMBL193,,0,,1539987,,15,0,,,IC50,,,,CHEMBL287,Homo sapiens,Sigma opioid receptor,9606,,,IC50,,,,
,,7744737,[],CHEMBL1909110,DRUGMATRIX: Sigma1 radioligand binding (ligand: [3H] Haloperidol),B,,,BAO_0000190,BAO_0000249,cell membrane format,CCN(CC)CC#CCOC(=O)C(O)(c1ccccc1)C1CCCCC1,,,CHEMBL1909046,,,"{'bei': '21.30', 'le': '0.40', 'lle': '4.28', 'sei': '15.30'}",CHEMBL1231,OXYBUTYNIN,CHEMBL1231,7.62,0,http://www.openphacts.org/units/Nanomolar,1540020,=,15,1,=,,IC50,nM,,24.2,CHEMBL287,Homo sapiens,Sigma opioid receptor,9606,,,IC50,uM,UO_0000065,,0.0242
,Not Active (inhibition < 50% @ 10 uM and thus dose-reponse curve not measured),7745402,[],CHEMBL1909110,DRUGMATRIX: Sigma1 radioligand binding (ligand: [3H] Haloperidol),B,,,BAO_0000190,BAO_0000249,cell membrane format,CC[N+]1(CCOC(=O)C(O)(c2ccccc2)c2ccccc2)CCCCC1.[Br-],,,CHEMBL1909046,,,,CHEMBL1909073,PIPERILATE ETHOBROMIDE,CHEMBL1889399,,0,,1540060,,15,0,,,IC50,,,,CHEMBL287,Homo sapiens,Sigma opioid receptor,9606,,,IC50,,,,
,Not Active (inhibition < 50% @ 10 uM and thus dose-reponse curve not measured),7745664,[],CHEMBL1909110,DRUGMATRIX: Sigma1 radioligand binding (ligand: [3H] Haloperidol),B,,,BAO_0000190,BAO_0000249,cell membrane format,CCCNC(C)C(=O)Nc1ccccc1C,,,CHEMBL1909046,,,,CHEMBL1194,PRILOCAINE,CHEMBL1194,,0,,1540076,,15,0,,,IC50,,,,CHEMBL287,Homo sapiens,Sigma opioid receptor,9606,,,IC50,,,,
,,7745789,[],CHEMBL1909110,DRUGMATRIX: Sigma1 radioligand binding (ligand: [3H] Haloperidol),B,,,BAO_0000190,BAO_0000249,cell membrane format,CN1CCN(CCCN2c3ccccc3Sc3ccc(Cl)cc32)CC1,,,CHEMBL1909046,,,"{'bei': '19.43', 'le': '0.40', 'lle': '2.69', 'sei': '74.77'}",CHEMBL728,PROCHLORPERAZINE,CHEMBL728,7.27,0,http://www.openphacts.org/units/Nanomolar,1540084,=,15,1,=,,IC50,nM,,54.0,CHEMBL287,Homo sapiens,Sigma opioid receptor,9606,,,IC50,uM,UO_0000065,,0.054
,Not Active (inhibition < 50% @ 10 uM and thus dose-reponse curve not measured),7746487,[],CHEMBL1909110,DRUGMATRIX: Sigma1 radioligand binding (ligand: [3H] Haloperidol),B,,,BAO_0000190,BAO_0000249,cell membrane format,O=C1CN(/N=C/c2ccc([N+](=O)[O-])o2)C(=O)N1,,,CHEMBL1909046,,,,CHEMBL572,NITROFURANTOIN,CHEMBL572,,0,,1539996,,15,0,,,IC50,,,,CHEMBL287,Homo sapiens,Sigma opioid receptor,9606,,,IC50,,,,
,Not Active (inhibition < 50% @ 10 uM and thus dose-reponse curve not measured),7746566,[],CHEMBL1909110,DRUGMATRIX: Sigma1 radioligand binding (ligand: [3H] Haloperidol),B,,,BAO_0000190,BAO_0000249,cell membrane format,COc1ccc2c(c1OC)C(=O)O[C@@H]2[C@H]1c2c(cc3c(c2OC)OCO3)CCN1C,,,CHEMBL1909046,,,,CHEMBL364713,NOSCAPINE,CHEMBL364713,,0,,1540004,,15,0,,,IC50,,,,CHEMBL287,Homo sapiens,Sigma opioid receptor,9606,,,IC50,,,,
,Not Active (inhibition < 50% @ 10 uM and thus dose-reponse curve not measured),7746678,[],CHEMBL1909110,DRUGMATRIX: Sigma1 radioligand binding (ligand: [3H] Haloperidol),B,,,BAO_0000190,BAO_0000249,cell membrane format,Cc1nccn1CC1CCc2c(c3ccccc3n2C)C1=O,,,CHEMBL1909046,,,,CHEMBL46,ONDANSETRON,CHEMBL46,,0,,1540012,,15,0,,,IC50,,,,CHEMBL287,Homo sapiens,Sigma opioid receptor,9606,,,IC50,,,,
,Not Active (inhibition < 50% @ 10 uM and thus dose-reponse curve not measured),7746848,[],CHEMBL1909110,DRUGMATRIX: Sigma1 radioligand binding (ligand: [3H] Haloperidol),B,,,BAO_0000190,BAO_0000249,cell membrane format,O=C1Nc2ccc(Cl)cc2C(c2ccccc2Cl)=NC1O,,,CHEMBL1909046,,,,CHEMBL580,LORAZEPAM,CHEMBL580,,0,,1539899,,15,0,,,IC50,,,,CHEMBL287,Homo sapiens,Sigma opioid receptor,9606,,,IC50,,,,
,Not Active (inhibition < 50% @ 10 uM and thus dose-reponse curve not measured),7746957,[],CHEMBL1909110,DRUGMATRIX: Sigma1 radioligand binding (ligand: [3H] Haloperidol),B,,,BAO_0000190,BAO_0000249,cell membrane format,OC[C@@H](O)[C@@H](O)[C@H](O)[C@H](O)CO,,,CHEMBL1909046,,,,CHEMBL689,MANNITOL,CHEMBL689,,0,,1539907,,15,0,,,IC50,,,,CHEMBL287,Homo sapiens,Sigma opioid receptor,9606,,,IC50,,,,
,Not Active (inhibition < 50% @ 10 uM and thus dose-reponse curve not measured),7747061,[],CHEMBL1909110,DRUGMATRIX: Sigma1 radioligand binding (ligand: [3H] Haloperidol),B,,,BAO_0000190,BAO_0000249,cell membrane format,CC(=O)O[C@]1(C(C)=O)CC[C@H]2[C@@H]3C[C@H](C)C4=CC(=O)CC[C@]4(C)[C@H]3CC[C@@]21C,,,CHEMBL1909046,,,,CHEMBL717,MEDROXYPROGESTERONE ACETATE,CHEMBL717,,0,,1539915,,15,0,,,IC50,,,,CHEMBL287,Homo sapiens,Sigma opioid receptor,9606,,,IC50,,,,
,Not Active (inhibition < 50% @ 10 uM and thus dose-reponse curve not measured),7747174,[],CHEMBL1909110,DRUGMATRIX: Sigma1 radioligand binding (ligand: [3H] Haloperidol),B,,,BAO_0000190,BAO_0000249,cell membrane format,C[C@@H](O)[C@H]1C(=O)N2C(C(=O)O)=C(S[C@@H]3CN[C@H](C(=O)N(C)C)C3)[C@H](C)[C@H]12,,,CHEMBL1909046,,,,CHEMBL127,MEROPENEM,CHEMBL127,,0,,1539923,,15,0,,,IC50,,,,CHEMBL287,Homo sapiens,Sigma opioid receptor,9606,,,IC50,,,,
,Not Active (inhibition < 50% @ 10 uM and thus dose-reponse curve not measured),7747781,[],CHEMBL1909110,DRUGMATRIX: Sigma1 radioligand binding (ligand: [3H] Haloperidol),B,,,BAO_0000190,BAO_0000249,cell membrane format,O=C1c2c(O)ccc(O)c2C(=O)c2c(NCCNCCO)ccc(NCCNCCO)c21,,,CHEMBL1909046,,,,CHEMBL58,MITOXANTRONE,CHEMBL58,,0,,1539956,,15,0,,,IC50,,,,CHEMBL287,Homo sapiens,Sigma opioid receptor,9606,,,IC50,,,,
,Not Active (inhibition < 50% @ 10 uM and thus dose-reponse curve not measured),7747884,[],CHEMBL1909110,DRUGMATRIX: Sigma1 radioligand binding (ligand: [3H] Haloperidol),B,,,BAO_0000190,BAO_0000249,cell membrane format,COc1c(C)c2c(c(O)c1C/C=C(\C)CCC(=O)O)C(=O)OC2,,,CHEMBL1909046,,,,CHEMBL866,MYCOPHENOLIC ACID,CHEMBL866,,0,,1539964,,15,0,,,IC50,,,,CHEMBL287,Homo sapiens,Sigma opioid receptor,9606,,,IC50,,,,
,Not Active (inhibition < 50% @ 10 uM and thus dose-reponse curve not measured),7748015,[],CHEMBL1909110,DRUGMATRIX: Sigma1 radioligand binding (ligand: [3H] Haloperidol),B,,,BAO_0000190,BAO_0000249,cell membrane format,Oc1ccc2c3c1O[C@H]1[C@@H](O)CC[C@@]4(O)[C@@H](C2)N(CC2CCC2)CC[C@]314,,,CHEMBL1909046,,,,CHEMBL895,NALBUPHINE,CHEMBL895,,0,,1539972,,15,0,,,IC50,,,,CHEMBL287,Homo sapiens,Sigma opioid receptor,9606,,,IC50,,,,
,Not Active (inhibition < 50% @ 10 uM and thus dose-reponse curve not measured),7749531,[],CHEMBL1909110,DRUGMATRIX: Sigma1 radioligand binding (ligand: [3H] Haloperidol),B,,,BAO_0000190,BAO_0000249,cell membrane format,COc1c2occc2cc2ccc(=O)oc12,,,CHEMBL1909046,,,,CHEMBL416,METHOXSALEN,CHEMBL416,,0,,1539932,,15,0,,,IC50,,,,CHEMBL287,Homo sapiens,Sigma opioid receptor,9606,,,IC50,,,,
,Not Active (inhibition < 50% @ 10 uM and thus dose-reponse curve not measured),7749641,[],CHEMBL1909110,DRUGMATRIX: Sigma1 radioligand binding (ligand: [3H] Haloperidol),B,,,BAO_0000190,BAO_0000249,cell membrane format,CC[C@@H](CO)NC(=O)[C@@H]1C=C2c3cccc4c3c(cn4C)C[C@H]2N(C)C1,,,CHEMBL1909046,,,,CHEMBL1065,METHYSERGIDE,CHEMBL1065,,0,,1539940,,15,0,,,IC50,,,,CHEMBL287,Homo sapiens,Sigma opioid receptor,9606,,,IC50,,,,
,Not Active (inhibition < 50% @ 10 uM and thus dose-reponse curve not measured),7749774,[],CHEMBL1909110,DRUGMATRIX: Sigma1 radioligand binding (ligand: [3H] Haloperidol),B,,,BAO_0000190,BAO_0000249,cell membrane format,Cc1cccc(C)c1OCC(C)N,,,CHEMBL1909046,,,,CHEMBL558,MEXILETINE,CHEMBL558,,0,,1539948,,15,0,,,IC50,,,,CHEMBL287,Homo sapiens,Sigma opioid receptor,9606,,,IC50,,,,
,Not Active (inhibition < 50% @ 10 uM and thus dose-reponse curve not measured),7750338,[],CHEMBL1909110,DRUGMATRIX: Sigma1 radioligand binding (ligand: [3H] Haloperidol),B,,,BAO_0000190,BAO_0000249,cell membrane format,CC(C)Oc1ccc2c(=O)c(-c3ccccc3)coc2c1,,,CHEMBL1909046,,,,CHEMBL165790,IPRIFLAVONE,CHEMBL165790,,0,,1539851,,15,0,,,IC50,,,,CHEMBL287,Homo sapiens,Sigma opioid receptor,9606,,,IC50,,,,
,Not Active (inhibition < 50% @ 10 uM and thus dose-reponse curve not measured),7750474,[],CHEMBL1909110,DRUGMATRIX: Sigma1 radioligand binding (ligand: [3H] Haloperidol),B,,,BAO_0000190,BAO_0000249,cell membrane format,CC1=C(/C=C/C(C)=C/C=C/C(C)=C\C(=O)O)C(C)(C)CCC1,,,CHEMBL1909046,,,,CHEMBL547,ISOTRETINOIN,CHEMBL547,,0,,1539859,,15,0,,,IC50,,,,CHEMBL287,Homo sapiens,Sigma opioid receptor,9606,,,IC50,,,,
,Not Active (inhibition < 50% @ 10 uM and thus dose-reponse curve not measured),7750558,[],CHEMBL1909110,DRUGMATRIX: Sigma1 radioligand binding (ligand: [3H] Haloperidol),B,,,BAO_0000190,BAO_0000249,cell membrane format,CN1CCC(=C2c3ccccc3CC(=O)c3sccc32)CC1,,,CHEMBL1909046,,,,CHEMBL534,KETOTIFEN,CHEMBL534,,0,,1539867,,15,0,,,IC50,,,,CHEMBL287,Homo sapiens,Sigma opioid receptor,9606,,,IC50,,,,
,Not Active (inhibition < 50% @ 10 uM and thus dose-reponse curve not measured),7750659,[],CHEMBL1909110,DRUGMATRIX: Sigma1 radioligand binding (ligand: [3H] Haloperidol),B,,,BAO_0000190,BAO_0000249,cell membrane format,Nc1ccn([C@@H]2CS[C@H](CO)O2)c(=O)n1,,,CHEMBL1909046,,,,CHEMBL141,LAMIVUDINE,CHEMBL141,,0,,1539875,,15,0,,,IC50,,,,CHEMBL287,Homo sapiens,Sigma opioid receptor,9606,,,IC50,,,,
,Not Active (inhibition < 50% @ 10 uM and thus dose-reponse curve not measured),7750794,[],CHEMBL1909110,DRUGMATRIX: Sigma1 radioligand binding (ligand: [3H] Haloperidol),B,,,BAO_0000190,BAO_0000249,cell membrane format,c1ccc([C@H]2CN3CCSC3=N2)cc1,,,CHEMBL1909046,,,,CHEMBL1454,LEVAMISOLE,CHEMBL1454,,0,,1539883,,15,0,,,IC50,,,,CHEMBL287,Homo sapiens,Sigma opioid receptor,9606,,,IC50,,,,
,Not Active (inhibition < 50% @ 10 uM and thus dose-reponse curve not measured),7750929,[],CHEMBL1909110,DRUGMATRIX: Sigma1 radioligand binding (ligand: [3H] Haloperidol),B,,,BAO_0000190,BAO_0000249,cell membrane format,CCC[C@@H]1C[C@@H](C(=O)N[C@@H]([C@H]2O[C@H](SC)[C@H](O)[C@@H](O)[C@H]2O)[C@@H](C)O)N(C)C1,,,CHEMBL1909046,,,,CHEMBL1447,LINCOMYCIN,CHEMBL1447,,0,,1539891,,15,0,,,IC50,,,,CHEMBL287,Homo sapiens,Sigma opioid receptor,9606,,,IC50,,,,
,Not Active (inhibition < 50% @ 10 uM and thus dose-reponse curve not measured),7751143,[],CHEMBL1909110,DRUGMATRIX: Sigma1 radioligand binding (ligand: [3H] Haloperidol),B,,,BAO_0000190,BAO_0000249,cell membrane format,CCCCc1nc(Cl)c(CO)n1Cc1ccc(-c2ccccc2-c2nnn[nH]2)cc1,,,CHEMBL1909046,,,,CHEMBL191,LOSARTAN,CHEMBL191,,0,,1539900,,15,0,,,IC50,,,,CHEMBL287,Homo sapiens,Sigma opioid receptor,9606,,,IC50,,,,
,Not Active (inhibition < 50% @ 10 uM and thus dose-reponse curve not measured),7751228,[],CHEMBL1909110,DRUGMATRIX: Sigma1 radioligand binding (ligand: [3H] Haloperidol),B,,,BAO_0000190,BAO_0000249,cell membrane format,CNCCCC12CCC(c3ccccc31)c1ccccc12,,,CHEMBL1909046,,,,CHEMBL21731,MAPROTILINE,CHEMBL21731,,0,,1539908,,15,0,,,IC50,,,,CHEMBL287,Homo sapiens,Sigma opioid receptor,9606,,,IC50,,,,
,Not Active (inhibition < 50% @ 10 uM and thus dose-reponse curve not measured),7751350,[],CHEMBL1909110,DRUGMATRIX: Sigma1 radioligand binding (ligand: [3H] Haloperidol),B,,,BAO_0000190,BAO_0000249,cell membrane format,Cc1cccc(Nc2ccccc2C(=O)O)c1C,,,CHEMBL1909046,,,,CHEMBL686,MEFENAMIC ACID,CHEMBL686,,0,,1539916,,15,0,,,IC50,,,,CHEMBL287,Homo sapiens,Sigma opioid receptor,9606,,,IC50,,,,
,Not Active (inhibition < 50% @ 10 uM and thus dose-reponse curve not measured),7751464,[],CHEMBL1909110,DRUGMATRIX: Sigma1 radioligand binding (ligand: [3H] Haloperidol),B,,,BAO_0000190,BAO_0000249,cell membrane format,O=S(=O)([O-])CCS.[Na+],,,CHEMBL1909046,,,,CHEMBL975,MESNA,CHEMBL1098319,,0,,1539924,,15,0,,,IC50,,,,CHEMBL287,Homo sapiens,Sigma opioid receptor,9606,,,IC50,,,,
,Not Active (inhibition < 50% @ 10 uM and thus dose-reponse curve not measured),7752085,[],CHEMBL1909110,DRUGMATRIX: Sigma1 radioligand binding (ligand: [3H] Haloperidol),B,,,BAO_0000190,BAO_0000249,cell membrane format,O=C(NCCN1CCOCC1)c1ccc(Cl)cc1,,,CHEMBL1909046,,,,CHEMBL86304,MOCLOBEMIDE,CHEMBL86304,,0,,1539957,,15,0,,,IC50,,,,CHEMBL287,Homo sapiens,Sigma opioid receptor,9606,,,IC50,,,,
,Not Active (inhibition < 50% @ 10 uM and thus dose-reponse curve not measured),7752186,[],CHEMBL1909110,DRUGMATRIX: Sigma1 radioligand binding (ligand: [3H] Haloperidol),B,,,BAO_0000190,BAO_0000249,cell membrane format,CCN(CC)CCOCCC1=CCC2CC1C2(C)C,,,CHEMBL1909046,,,,CHEMBL1630579,MYRTECAINE,CHEMBL1630579,,0,,1539965,,15,0,,,IC50,,,,CHEMBL287,Homo sapiens,Sigma opioid receptor,9606,,,IC50,,,,
,,7753065,[],CHEMBL1909110,DRUGMATRIX: Sigma1 radioligand binding (ligand: [3H] Haloperidol),B,,,BAO_0000190,BAO_0000249,cell membrane format,CC(C)(C)NC[C@H](O)COc1cccc2c1CCCC2=O,,,CHEMBL1909046,,,"{'bei': '20.97', 'le': '0.40', 'lle': '3.78', 'sei': '10.44'}",CHEMBL1201237,LEVOBUNOLOL,CHEMBL1201237,6.11,0,http://www.openphacts.org/units/Nanomolar,1539884,=,15,1,=,,IC50,nM,,773.0,CHEMBL287,Homo sapiens,Sigma opioid receptor,9606,,,IC50,uM,UO_0000065,,0.773
,Not Active (inhibition < 50% @ 10 uM and thus dose-reponse curve not measured),7753203,[],CHEMBL1909110,DRUGMATRIX: Sigma1 radioligand binding (ligand: [3H] Haloperidol),B,,,BAO_0000190,BAO_0000249,cell membrane format,,,,CHEMBL1909046,,,,CHEMBL1909064,LIPOPOLYSACCHARIDE E. COLI O55:B5,CHEMBL1909064,,0,,1539892,,15,0,,,IC50,,,,CHEMBL287,Homo sapiens,Sigma opioid receptor,9606,,,IC50,,,,
,Not Active (inhibition < 50% @ 10 uM and thus dose-reponse curve not measured),7753824,[],CHEMBL1909110,DRUGMATRIX: Sigma1 radioligand binding (ligand: [3H] Haloperidol),B,,,BAO_0000190,BAO_0000249,cell membrane format,C[N+]1(C)[C@@H]2C[C@@H](OC(=O)[C@H](CO)c3ccccc3)C[C@H]1[C@@H]1O[C@@H]12.[Br-],,,CHEMBL1909046,,,,CHEMBL1354199,METHSCOPOLAMINE BROMIDE,CHEMBL376897,,0,,1539933,,15,0,,,IC50,,,,CHEMBL287,Homo sapiens,Sigma opioid receptor,9606,,,IC50,,,,
,Not Active (inhibition < 50% @ 10 uM and thus dose-reponse curve not measured),7753926,[],CHEMBL1909110,DRUGMATRIX: Sigma1 radioligand binding (ligand: [3H] Haloperidol),B,,,BAO_0000190,BAO_0000249,cell membrane format,CCN(CC)CCNC(=O)c1cc(Cl)c(N)cc1OC,,,CHEMBL1909046,,,,CHEMBL86,METOCLOPRAMIDE,CHEMBL86,,0,,1539941,,15,0,,,IC50,,,,CHEMBL287,Homo sapiens,Sigma opioid receptor,9606,,,IC50,,,,
,Not Active (inhibition < 50% @ 10 uM and thus dose-reponse curve not measured),7754047,[],CHEMBL1909110,DRUGMATRIX: Sigma1 radioligand binding (ligand: [3H] Haloperidol),B,,,BAO_0000190,BAO_0000249,cell membrane format,CN1CCN2c3ccccc3Cc3ccccc3C2C1,,,CHEMBL1909046,,,,CHEMBL6437,MIANSERIN,CHEMBL6437,,0,,1539949,,15,0,,,IC50,,,,CHEMBL287,Homo sapiens,Sigma opioid receptor,9606,,,IC50,,,,
,Not Active (inhibition < 50% @ 10 uM and thus dose-reponse curve not measured),7754484,[],CHEMBL1909110,DRUGMATRIX: Sigma1 radioligand binding (ligand: [3H] Haloperidol),B,,,BAO_0000190,BAO_0000249,cell membrane format,C=CCN1CC[C@]23c4c5ccc(O)c4O[C@H]2/C(=N/N=C2\CC[C@@]4(O)[C@H]6Cc7ccc(O)c8c7[C@@]4(CCN6CC=C)[C@H]2O8)CC[C@@]3(O)[C@H]1C5,,,CHEMBL1909046,,,,CHEMBL1618305,NALOXONAZINE,CHEMBL1618305,,0,,1539973,,15,0,,,IC50,,,,CHEMBL287,Homo sapiens,Sigma opioid receptor,9606,,,IC50,,,,
,Not Active (inhibition < 50% @ 10 uM and thus dose-reponse curve not measured),7754658,[],CHEMBL1909110,DRUGMATRIX: Sigma1 radioligand binding (ligand: [3H] Haloperidol),B,,,BAO_0000190,BAO_0000249,cell membrane format,CC(C)NNC(=O)c1ccncc1,,,CHEMBL1909046,,,,CHEMBL92401,IPRONIAZID,CHEMBL92401,,0,,1539852,,15,0,,,IC50,,,,CHEMBL287,Homo sapiens,Sigma opioid receptor,9606,,,IC50,,,,
,Not Active (inhibition < 50% @ 10 uM and thus dose-reponse curve not measured),7754790,[],CHEMBL1909110,DRUGMATRIX: Sigma1 radioligand binding (ligand: [3H] Haloperidol),B,,,BAO_0000190,BAO_0000249,cell membrane format,CCC(C)n1ncn(-c2ccc(N3CCN(c4ccc(OCC5COC(Cn6cncn6)(c6ccc(Cl)cc6Cl)O5)cc4)CC3)cc2)c1=O,,,CHEMBL1909046,,,,CHEMBL64391,ITRACONAZOLE,CHEMBL64391,,0,,1539860,,15,0,,,IC50,,,,CHEMBL287,Homo sapiens,Sigma opioid receptor,9606,,,IC50,,,,
,Not Active (inhibition < 50% @ 10 uM and thus dose-reponse curve not measured),7754874,[],CHEMBL1909110,DRUGMATRIX: Sigma1 radioligand binding (ligand: [3H] Haloperidol),B,,,BAO_0000190,BAO_0000249,cell membrane format,CO[C@@H]1[C@@H](O[C@@H]2O[C@H](C)[C@@H](O[C@H]3C[C@@](C)(O)[C@@H](OC(=O)CC(C)C)[C@H](C)O3)[C@H](N(C)C)[C@H]2O)[C@@H](CC=O)C[C@@H](C)[C@@H](O)/C=C/C=C/C[C@@H](C)OC(=O)C[C@H]1O,,,CHEMBL1909046,,,,CHEMBL2106399,KITASAMYCIN,CHEMBL2106399,,0,,1539868,,15,0,,,IC50,,,,CHEMBL287,Homo sapiens,Sigma opioid receptor,9606,,,IC50,,,,
,Not Active (inhibition < 50% @ 10 uM and thus dose-reponse curve not measured),7754982,[],CHEMBL1909110,DRUGMATRIX: Sigma1 radioligand binding (ligand: [3H] Haloperidol),B,,,BAO_0000190,BAO_0000249,cell membrane format,Nc1nnc(-c2cccc(Cl)c2Cl)c(N)n1,,,CHEMBL1909046,,,,CHEMBL741,LAMOTRIGINE,CHEMBL741,,0,,1539876,,15,0,,,IC50,,,,CHEMBL287,Homo sapiens,Sigma opioid receptor,9606,,,IC50,,,,
,Not Active (inhibition < 50% @ 10 uM and thus dose-reponse curve not measured),7755457,[],CHEMBL1909110,DRUGMATRIX: Sigma1 radioligand binding (ligand: [3H] Haloperidol),B,,,BAO_0000190,BAO_0000249,cell membrane format,CC[C@H](C)C(=O)O[C@H]1C[C@@H](C)C=C2C=C[C@H](C)[C@H](CC[C@@H]3C[C@@H](O)CC(=O)O3)[C@H]21,,,CHEMBL1909046,,,,CHEMBL503,LOVASTATIN,CHEMBL503,,0,,1539901,,15,0,,,IC50,,,,CHEMBL287,Homo sapiens,Sigma opioid receptor,9606,,,IC50,,,,
,Not Active (inhibition < 50% @ 10 uM and thus dose-reponse curve not measured),7755542,[],CHEMBL1909110,DRUGMATRIX: Sigma1 radioligand binding (ligand: [3H] Haloperidol),B,,,BAO_0000190,BAO_0000249,cell membrane format,,,,CHEMBL1909046,,,,CHEMBL1909067,,CHEMBL1909067,,0,,1539909,,15,0,,,IC50,,,,CHEMBL287,Homo sapiens,Sigma opioid receptor,9606,,,IC50,,,,
,Not Active (inhibition < 50% @ 10 uM and thus dose-reponse curve not measured),7755660,[],CHEMBL1909110,DRUGMATRIX: Sigma1 radioligand binding (ligand: [3H] Haloperidol),B,,,BAO_0000190,BAO_0000249,cell membrane format,CC(=O)O[C@]1(C(C)=O)CC[C@H]2[C@@H]3C=C(C)C4=CC(=O)CC[C@]4(C)[C@H]3CC[C@@]21C,,,CHEMBL1909046,,,,CHEMBL1201139,MEGESTROL ACETATE,CHEMBL1201139,,0,,1539917,,15,0,,,IC50,,,,CHEMBL287,Homo sapiens,Sigma opioid receptor,9606,,,IC50,,,,
,Not Active (inhibition < 50% @ 10 uM and thus dose-reponse curve not measured),7755772,[],CHEMBL1909110,DRUGMATRIX: Sigma1 radioligand binding (ligand: [3H] Haloperidol),B,,,BAO_0000190,BAO_0000249,cell membrane format,C#C[C@]1(O)CC[C@H]2[C@@H]3CCc4cc(OC)ccc4[C@H]3CC[C@@]21C,,,CHEMBL1909046,,,,CHEMBL1201151,MESTRANOL,CHEMBL1201151,,0,,1539925,,15,0,,,IC50,,,,CHEMBL287,Homo sapiens,Sigma opioid receptor,9606,,,IC50,,,,
,Not Active (inhibition < 50% @ 10 uM and thus dose-reponse curve not measured),7756323,[],CHEMBL1909110,DRUGMATRIX: Sigma1 radioligand binding (ligand: [3H] Haloperidol),B,,,BAO_0000190,BAO_0000249,cell membrane format,Clc1ccc(COC(Cn2ccnc2)c2ccc(Cl)cc2Cl)c(Cl)c1,,,CHEMBL1909046,,,,CHEMBL91,MICONAZOLE,CHEMBL91,,0,,1539950,,15,0,,,IC50,,,,CHEMBL287,Homo sapiens,Sigma opioid receptor,9606,,,IC50,,,,
,Not Active (inhibition < 50% @ 10 uM and thus dose-reponse curve not measured),7756430,[],CHEMBL1909110,DRUGMATRIX: Sigma1 radioligand binding (ligand: [3H] Haloperidol),B,,,BAO_0000190,BAO_0000249,cell membrane format,NC(=O)C[S+]([O-])C(c1ccccc1)c1ccccc1,,,CHEMBL1909046,,,,CHEMBL1373,MODAFINIL,CHEMBL1373,,0,,1539958,,15,0,,,IC50,,,,CHEMBL287,Homo sapiens,Sigma opioid receptor,9606,,,IC50,,,,
,Not Active (inhibition < 50% @ 10 uM and thus dose-reponse curve not measured),7756534,[],CHEMBL1909110,DRUGMATRIX: Sigma1 radioligand binding (ligand: [3H] Haloperidol),B,,,BAO_0000190,BAO_0000249,cell membrane format,CCN(CC)N=O,,,CHEMBL1909046,,,,CHEMBL164290,N-NITROSODIETHYLAMINE,CHEMBL164290,,0,,1539966,,15,0,,,IC50,,,,CHEMBL287,Homo sapiens,Sigma opioid receptor,9606,,,IC50,,,,
,Not Active (inhibition < 50% @ 10 uM and thus dose-reponse curve not measured),7757425,[],CHEMBL1909110,DRUGMATRIX: Sigma1 radioligand binding (ligand: [3H] Haloperidol),B,,,BAO_0000190,BAO_0000249,cell membrane format,CCCCN1CCCC[C@H]1C(=O)Nc1c(C)cccc1C,,,CHEMBL1909046,,,,CHEMBL1201193,LEVOBUPIVACAINE,CHEMBL1201193,,0,,1539885,,15,0,,,IC50,,,,CHEMBL287,Homo sapiens,Sigma opioid receptor,9606,,,IC50,,,,
,Not Active (inhibition < 50% @ 10 uM and thus dose-reponse curve not measured),7757557,[],CHEMBL1909110,DRUGMATRIX: Sigma1 radioligand binding (ligand: [3H] Haloperidol),B,,,BAO_0000190,BAO_0000249,cell membrane format,NCCCC[C@H](N[C@@H](CCc1ccccc1)C(=O)O)C(=O)N1CCC[C@H]1C(=O)O,,,CHEMBL1909046,,,,CHEMBL1237,LISINOPRIL ANHYDROUS,CHEMBL1237,,0,,1539893,,15,0,,,IC50,,,,CHEMBL287,Homo sapiens,Sigma opioid receptor,9606,,,IC50,,,,
,Not Active (inhibition < 50% @ 10 uM and thus dose-reponse curve not measured),7758060,[],CHEMBL1909110,DRUGMATRIX: Sigma1 radioligand binding (ligand: [3H] Haloperidol),B,,,BAO_0000190,BAO_0000249,cell membrane format,CN1C[C@H](CNC(=O)OCc2ccccc2)C[C@@H]2c3cccc4c3c(cn4C)C[C@H]21,,,CHEMBL1909046,,,,CHEMBL19215,METERGOLINE,CHEMBL19215,,0,,1539926,,15,0,,,IC50,,,,CHEMBL287,Homo sapiens,Sigma opioid receptor,9606,,,IC50,,,,
,Not Active (inhibition < 50% @ 10 uM and thus dose-reponse curve not measured),7758181,[],CHEMBL1909110,DRUGMATRIX: Sigma1 radioligand binding (ligand: [3H] Haloperidol),B,,,BAO_0000190,BAO_0000249,cell membrane format,COS(C)(=O)=O,,,CHEMBL1909046,,,,CHEMBL313493,METHANESULFONIC ACID METHYL ESTER,CHEMBL313493,,0,,1539934,,15,0,,,IC50,,,,CHEMBL287,Homo sapiens,Sigma opioid receptor,9606,,,IC50,,,,
,Not Active (inhibition < 50% @ 10 uM and thus dose-reponse curve not measured),7758278,[],CHEMBL1909110,DRUGMATRIX: Sigma1 radioligand binding (ligand: [3H] Haloperidol),B,,,BAO_0000190,BAO_0000249,cell membrane format,Cc1ccccc1N1C(=O)c2cc(S(N)(=O)=O)c(Cl)cc2NC1C,,,CHEMBL1909046,,,,CHEMBL878,METOLAZONE,CHEMBL878,,0,,1539942,,15,0,,,IC50,,,,CHEMBL287,Homo sapiens,Sigma opioid receptor,9606,,,IC50,,,,
,Not Active (inhibition < 50% @ 10 uM and thus dose-reponse curve not measured),7758802,[],CHEMBL1909110,DRUGMATRIX: Sigma1 radioligand binding (ligand: [3H] Haloperidol),B,,,BAO_0000190,BAO_0000249,cell membrane format,C=CCN1CC[C@]23c4c5ccc(O)c4O[C@H]2C(=O)CC[C@@]3(O)[C@H]1C5,,,CHEMBL1909046,,,,CHEMBL80,NALOXONE,CHEMBL80,,0,,1539974,,15,0,,,IC50,,,,CHEMBL287,Homo sapiens,Sigma opioid receptor,9606,,,IC50,,,,
,Not Active (inhibition < 50% @ 10 uM and thus dose-reponse curve not measured),7758981,[],CHEMBL1909110,DRUGMATRIX: Sigma1 radioligand binding (ligand: [3H] Haloperidol),B,,,BAO_0000190,BAO_0000249,cell membrane format,CCCCC1=NC2(CCCC2)C(=O)N1Cc1ccc(-c2ccccc2-c2nnn[nH]2)cc1,,,CHEMBL1909046,,,,CHEMBL1513,IRBESARTAN,CHEMBL1513,,0,,1539853,,15,0,,,IC50,,,,CHEMBL287,Homo sapiens,Sigma opioid receptor,9606,,,IC50,,,,
,Not Active (inhibition < 50% @ 10 uM and thus dose-reponse curve not measured),7759099,[],CHEMBL1909110,DRUGMATRIX: Sigma1 radioligand binding (ligand: [3H] Haloperidol),B,,,BAO_0000190,BAO_0000249,cell membrane format,CC[C@H](C)[C@H]1O[C@]2(CC[C@@H]1C)C[C@@H]1C[C@@H](C/C=C(\C)[C@@H](O[C@H]3C[C@H](OC)[C@@H](O[C@H]4C[C@H](OC)[C@@H](O)[C@H](C)O4)[C@H](C)O3)[C@@H](C)/C=C/C=C3\CO[C@@H]4[C@H](O)C(C)=C[C@@H](C(=O)O1)[C@]34O)O2.CO[C@H]1C[C@H](O[C@H]2[C@H](C)O[C@@H](O[C@@H]3/C(C)=C/C[C@@H]4C[C@@H](C[C@]5(CC[C@H](C)[C@@H](C(C)C)O5)O4)OC(=O)[C@@H]4C=C(C)[C@@H](O)[C@H]5OC/C(=C\C=C\[C@@H]3C)[C@]54O)C[C@@H]2OC)O[C@@H](C)[C@@H]1O,,,CHEMBL1909046,,,,CHEMBL1200633,IVERMECTIN,CHEMBL1200633,,0,,1539861,,15,0,,,IC50,,,,CHEMBL287,Homo sapiens,Sigma opioid receptor,9606,,,IC50,,,,
,Not Active (inhibition < 50% @ 10 uM and thus dose-reponse curve not measured),7759177,[],CHEMBL1909110,DRUGMATRIX: Sigma1 radioligand binding (ligand: [3H] Haloperidol),B,,,BAO_0000190,BAO_0000249,cell membrane format,CC[C@H](C)[C@@H](CO[C@@H](Cc1ccccc1)C(=O)N[C@@H](CCS(C)(=O)=O)C(=O)OC(C)C)NC[C@@H](N)CS,,,CHEMBL1909046,,,,CHEMBL1221512,,CHEMBL1221512,,0,,1539869,,15,0,,,IC50,,,,CHEMBL287,Homo sapiens,Sigma opioid receptor,9606,,,IC50,,,,
,Not Active (inhibition < 50% @ 10 uM and thus dose-reponse curve not measured),7759294,[],CHEMBL1909110,DRUGMATRIX: Sigma1 radioligand binding (ligand: [3H] Haloperidol),B,,,BAO_0000190,BAO_0000249,cell membrane format,Cc1c(OCC(F)(F)F)ccnc1C[S+]([O-])c1nc2ccccc2[nH]1,,,CHEMBL1909046,,,,CHEMBL480,LANSOPRAZOLE,CHEMBL480,,0,,1539877,,15,0,,,IC50,,,,CHEMBL287,Homo sapiens,Sigma opioid receptor,9606,,,IC50,,,,
,Not Active (inhibition < 50% @ 10 uM and thus dose-reponse curve not measured),7759789,[],CHEMBL1909110,DRUGMATRIX: Sigma1 radioligand binding (ligand: [3H] Haloperidol),B,,,BAO_0000190,BAO_0000249,cell membrane format,CC(C(=O)O)c1ccc(CC2CCCC2=O)cc1,,,CHEMBL1909046,,,,CHEMBL19299,LOXOPROFEN,CHEMBL19299,,0,,1539902,,15,0,,,IC50,,,,CHEMBL287,Homo sapiens,Sigma opioid receptor,9606,,,IC50,,,,
,Not Active (inhibition < 50% @ 10 uM and thus dose-reponse curve not measured),7759874,[],CHEMBL1909110,DRUGMATRIX: Sigma1 radioligand binding (ligand: [3H] Haloperidol),B,,,BAO_0000190,BAO_0000249,cell membrane format,,,,CHEMBL1909046,,,,CHEMBL1909068,,CHEMBL1909068,,0,,1539910,,15,0,,,IC50,,,,CHEMBL287,Homo sapiens,Sigma opioid receptor,9606,,,IC50,,,,
,Not Active (inhibition < 50% @ 10 uM and thus dose-reponse curve not measured),7759994,[],CHEMBL1909110,DRUGMATRIX: Sigma1 radioligand binding (ligand: [3H] Haloperidol),B,,,BAO_0000190,BAO_0000249,cell membrane format,COc1ccc2[nH]cc(CCNC(C)=O)c2c1,,,CHEMBL1909046,,,,CHEMBL45,MELATONIN,CHEMBL45,,0,,1539918,,15,0,,,IC50,,,,CHEMBL287,Homo sapiens,Sigma opioid receptor,9606,,,IC50,,,,
,,7760591,[],CHEMBL1909110,DRUGMATRIX: Sigma1 radioligand binding (ligand: [3H] Haloperidol),B,,,BAO_0000190,BAO_0000249,cell membrane format,CC#C[C@]1(O)CC[C@H]2[C@@H]3CCC4=CC(=O)CCC4=C3[C@@H](c3ccc(N(C)C)cc3)C[C@@]21C,,,CHEMBL1909046,,,"{'bei': '10.66', 'le': '0.20', 'lle': '-0.83', 'sei': '11.30'}",CHEMBL1276308,MIFEPRISTONE,CHEMBL1276308,4.58,0,http://www.openphacts.org/units/Nanomolar,1539951,=,15,1,=,,IC50,nM,,26280.0,CHEMBL287,Homo sapiens,Sigma opioid receptor,9606,,,IC50,uM,UO_0000065,,26.28
,Not Active (inhibition < 50% @ 10 uM and thus dose-reponse curve not measured),7760711,[],CHEMBL1909110,DRUGMATRIX: Sigma1 radioligand binding (ligand: [3H] Haloperidol),B,,,BAO_0000190,BAO_0000249,cell membrane format,Oc1ccc(OCc2ccccc2)cc1,,,CHEMBL1909046,,,,CHEMBL1388,MONOBENZONE,CHEMBL1388,,0,,1539959,,15,0,,,IC50,,,,CHEMBL287,Homo sapiens,Sigma opioid receptor,9606,,,IC50,,,,
,Not Active (inhibition < 50% @ 10 uM and thus dose-reponse curve not measured),7760826,[],CHEMBL1909110,DRUGMATRIX: Sigma1 radioligand binding (ligand: [3H] Haloperidol),B,,,BAO_0000190,BAO_0000249,cell membrane format,CN(C)C=O,,,CHEMBL1909046,,,,CHEMBL268291,DIMETHYLFORMAMIDE,CHEMBL268291,,0,,1539967,,15,0,,,IC50,,,,CHEMBL287,Homo sapiens,Sigma opioid receptor,9606,,,IC50,,,,
,Not Active (inhibition < 50% @ 10 uM and thus dose-reponse curve not measured),7761810,[],CHEMBL1909110,DRUGMATRIX: Sigma1 radioligand binding (ligand: [3H] Haloperidol),B,,,BAO_0000190,BAO_0000249,cell membrane format,CCN(CC)C(=O)N[C@H]1C=C2c3cccc4[nH]cc(c34)C[C@H]2N(C)C1,,,CHEMBL1909046,,,,CHEMBL157138,LISURIDE,CHEMBL157138,,0,,1539894,,15,0,,,IC50,,,,CHEMBL287,Homo sapiens,Sigma opioid receptor,9606,,,IC50,,,,
,Not Active (inhibition < 50% @ 10 uM and thus dose-reponse curve not measured),7762336,[],CHEMBL1909110,DRUGMATRIX: Sigma1 radioligand binding (ligand: [3H] Haloperidol),B,,,BAO_0000190,BAO_0000249,cell membrane format,CN(C)C(=N)NC(=N)N,,,CHEMBL1909046,,,,CHEMBL1431,METFORMIN,CHEMBL1431,,0,,1539927,,15,0,,,IC50,,,,CHEMBL287,Homo sapiens,Sigma opioid receptor,9606,,,IC50,,,,
,Not Active (inhibition < 50% @ 10 uM and thus dose-reponse curve not measured),7762457,[],CHEMBL1909110,DRUGMATRIX: Sigma1 radioligand binding (ligand: [3H] Haloperidol),B,,,BAO_0000190,BAO_0000249,cell membrane format,COC(=O)c1ccccc1O,,,CHEMBL1909046,,,,CHEMBL108545,METHYL SALICYLATE,CHEMBL108545,,0,,1539935,,15,0,,,IC50,,,,CHEMBL287,Homo sapiens,Sigma opioid receptor,9606,,,IC50,,,,
,Not Active (inhibition < 50% @ 10 uM and thus dose-reponse curve not measured),7762552,[],CHEMBL1909110,DRUGMATRIX: Sigma1 radioligand binding (ligand: [3H] Haloperidol),B,,,BAO_0000190,BAO_0000249,cell membrane format,COCCc1ccc(OCC(O)CNC(C)C)cc1,,,CHEMBL1909046,,,,CHEMBL13,METOPROLOL,CHEMBL13,,0,,1539943,,15,0,,,IC50,,,,CHEMBL287,Homo sapiens,Sigma opioid receptor,9606,,,IC50,,,,
,Not Active (inhibition < 50% @ 10 uM and thus dose-reponse curve not measured),7763129,[],CHEMBL1909110,DRUGMATRIX: Sigma1 radioligand binding (ligand: [3H] Haloperidol),B,,,BAO_0000190,BAO_0000249,cell membrane format,CC1Cc2ccccc2N1NC(=O)c1ccc(Cl)c(S(N)(=O)=O)c1,,,CHEMBL1909046,,,,CHEMBL406,INDAPAMIDE,CHEMBL406,,0,,1539846,,15,0,,,IC50,,,,CHEMBL287,Homo sapiens,Sigma opioid receptor,9606,,,IC50,,,,
,Not Active (inhibition < 50% @ 10 uM and thus dose-reponse curve not measured),7763251,[],CHEMBL1909110,DRUGMATRIX: Sigma1 radioligand binding (ligand: [3H] Haloperidol),B,,,BAO_0000190,BAO_0000249,cell membrane format,CCc1c2c(nc3ccc(OC(=O)N4CCC(N5CCCCC5)CC4)cc13)-c1cc3c(c(=O)n1C2)COC(=O)[C@]3(O)CC,,,CHEMBL1909046,,,,CHEMBL481,IRINOTECAN,CHEMBL481,,0,,1539854,,15,0,,,IC50,,,,CHEMBL287,Homo sapiens,Sigma opioid receptor,9606,,,IC50,,,,
,Not Active (inhibition < 50% @ 10 uM and thus dose-reponse curve not measured),7763372,[],CHEMBL1909110,DRUGMATRIX: Sigma1 radioligand binding (ligand: [3H] Haloperidol),B,,,BAO_0000190,BAO_0000249,cell membrane format,NC[C@H]1O[C@H](O[C@H]2[C@H](O)[C@@H](O[C@H]3O[C@H](CO)[C@@H](O)[C@H](N)[C@H]3O)[C@H](N)C[C@@H]2N)[C@H](O)[C@@H](O)[C@@H]1O,,,CHEMBL1909046,,,,CHEMBL1384,KANAMYCIN,CHEMBL1384,,0,,1539862,,15,0,,,IC50,,,,CHEMBL287,Homo sapiens,Sigma opioid receptor,9606,,,IC50,,,,
,Not Active (inhibition < 50% @ 10 uM and thus dose-reponse curve not measured),7763447,[],CHEMBL1909110,DRUGMATRIX: Sigma1 radioligand binding (ligand: [3H] Haloperidol),B,,,BAO_0000190,BAO_0000249,cell membrane format,CC1(C)[C@H]2CC[C@]1(C)C(=O)C2,,,CHEMBL1909046,,,,CHEMBL2252949,(-)-CAMPHOR,CHEMBL2252949,,0,,1539870,,15,0,,,IC50,,,,CHEMBL287,Homo sapiens,Sigma opioid receptor,9606,,,IC50,,,,
,Not Active (inhibition < 50% @ 10 uM and thus dose-reponse curve not measured),7763561,[],CHEMBL1909110,DRUGMATRIX: Sigma1 radioligand binding (ligand: [3H] Haloperidol),B,,,BAO_0000190,BAO_0000249,cell membrane format,,,,CHEMBL1909046,,,,CHEMBL1909062,LEAD (II) ACETATE,CHEMBL1909062,,0,,1539878,,15,0,,,IC50,,,,CHEMBL287,Homo sapiens,Sigma opioid receptor,9606,,,IC50,,,,
,Not Active (inhibition < 50% @ 10 uM and thus dose-reponse curve not measured),7763691,[],CHEMBL1909110,DRUGMATRIX: Sigma1 radioligand binding (ligand: [3H] Haloperidol),B,,,BAO_0000190,BAO_0000249,cell membrane format,C[N+](C)(C)C[C@H](O)CC(=O)[O-],,,CHEMBL1909046,,,,CHEMBL1149,LEVOCARNITINE,CHEMBL1149,,0,,1539886,,15,0,,,IC50,,,,CHEMBL287,Homo sapiens,Sigma opioid receptor,9606,,,IC50,,,,
,Not Active (inhibition < 50% @ 10 uM and thus dose-reponse curve not measured),7764033,[],CHEMBL1909110,DRUGMATRIX: Sigma1 radioligand binding (ligand: [3H] Haloperidol),B,,,BAO_0000190,BAO_0000249,cell membrane format,O=c1cc(N2CCOCC2)oc2c(-c3ccccc3)cccc12,,,CHEMBL1909046,,,,CHEMBL98350,LY-294002,CHEMBL98350,,0,,1539903,,15,0,,,IC50,,,,CHEMBL287,Homo sapiens,Sigma opioid receptor,9606,,,IC50,,,,
,Not Active (inhibition < 50% @ 10 uM and thus dose-reponse curve not measured),7764129,[],CHEMBL1909110,DRUGMATRIX: Sigma1 radioligand binding (ligand: [3H] Haloperidol),B,,,BAO_0000190,BAO_0000249,cell membrane format,,,,CHEMBL1909046,,,,CHEMBL1909069,,CHEMBL1909069,,0,,1539911,,15,0,,,IC50,,,,CHEMBL287,Homo sapiens,Sigma opioid receptor,9606,,,IC50,,,,
,Not Active (inhibition < 50% @ 10 uM and thus dose-reponse curve not measured),7764252,[],CHEMBL1909110,DRUGMATRIX: Sigma1 radioligand binding (ligand: [3H] Haloperidol),B,,,BAO_0000190,BAO_0000249,cell membrane format,Cc1cnc(NC(=O)C2=C(O)c3ccccc3S(=O)(=O)N2C)s1,,,CHEMBL1909046,,,,CHEMBL599,MELOXICAM,CHEMBL599,,0,,1539919,,15,0,,,IC50,,,,CHEMBL287,Homo sapiens,Sigma opioid receptor,9606,,,IC50,,,,
,Not Active (inhibition < 50% @ 10 uM and thus dose-reponse curve not measured),7764852,[],CHEMBL1909110,DRUGMATRIX: Sigma1 radioligand binding (ligand: [3H] Haloperidol),B,,,BAO_0000190,BAO_0000249,cell membrane format,Cc1[nH]c(=O)c(C#N)cc1-c1ccncc1,,,CHEMBL1909046,,,,CHEMBL189,MILRINONE,CHEMBL189,,0,,1539952,,15,0,,,IC50,,,,CHEMBL287,Homo sapiens,Sigma opioid receptor,9606,,,IC50,,,,
,Not Active (inhibition < 50% @ 10 uM and thus dose-reponse curve not measured),7764957,[],CHEMBL1909110,DRUGMATRIX: Sigma1 radioligand binding (ligand: [3H] Haloperidol),B,,,BAO_0000190,BAO_0000249,cell membrane format,CC(C)(O)c1ccccc1CC[C@@H](SCC1(CC(=O)O)CC1)c1cccc(/C=C/c2ccc3ccc(Cl)cc3n2)c1,,,CHEMBL1909046,,,,CHEMBL787,MONTELUKAST,CHEMBL787,,0,,1539960,,15,0,,,IC50,,,,CHEMBL287,Homo sapiens,Sigma opioid receptor,9606,,,IC50,,,,
,Not Active (inhibition < 50% @ 10 uM and thus dose-reponse curve not measured),7765085,[],CHEMBL1909110,DRUGMATRIX: Sigma1 radioligand binding (ligand: [3H] Haloperidol),B,,,BAO_0000190,BAO_0000249,cell membrane format,c1ccc(Nc2ccc(Nc3ccccc3)cc2)cc1,,,CHEMBL1909046,,,,CHEMBL1333512,"N,N'-DIPHENYL-P-PHENYLENEDIAMINE",CHEMBL1333512,,0,,1539968,,15,0,,,IC50,,,,CHEMBL287,Homo sapiens,Sigma opioid receptor,9606,,,IC50,,,,
,Not Active (inhibition < 50% @ 10 uM and thus dose-reponse curve not measured),7765964,[],CHEMBL1909110,DRUGMATRIX: Sigma1 radioligand binding (ligand: [3H] Haloperidol),B,,,BAO_0000190,BAO_0000249,cell membrane format,N[C@@H](Cc1ccc(O)c(O)c1)C(=O)O,,,CHEMBL1909046,,,,CHEMBL1009,LEVODOPA,CHEMBL1009,,0,,1539887,,15,0,,,IC50,,,,CHEMBL287,Homo sapiens,Sigma opioid receptor,9606,,,IC50,,,,
,Not Active (inhibition < 50% @ 10 uM and thus dose-reponse curve not measured),7766069,[],CHEMBL1909110,DRUGMATRIX: Sigma1 radioligand binding (ligand: [3H] Haloperidol),B,,,BAO_0000190,BAO_0000249,cell membrane format,CCn1cc(C(=O)O)c(=O)c2cc(F)c(N3CCNC(C)C3)c(F)c21,,,CHEMBL1909046,,,,CHEMBL561,LOMEFLOXACIN,CHEMBL561,,0,,1539895,,15,0,,,IC50,,,,CHEMBL287,Homo sapiens,Sigma opioid receptor,9606,,,IC50,,,,
,Not Active (inhibition < 50% @ 10 uM and thus dose-reponse curve not measured),7766585,[],CHEMBL1909110,DRUGMATRIX: Sigma1 radioligand binding (ligand: [3H] Haloperidol),B,,,BAO_0000190,BAO_0000249,cell membrane format,CN(C)CCN(Cc1cccs1)c1ccccn1,,,CHEMBL1909046,,,,CHEMBL1411979,METHAPYRILENE,CHEMBL1411979,,0,,1539928,,15,0,,,IC50,,,,CHEMBL287,Homo sapiens,Sigma opioid receptor,9606,,,IC50,,,,
,Not Active (inhibition < 50% @ 10 uM and thus dose-reponse curve not measured),7766724,[],CHEMBL1909110,DRUGMATRIX: Sigma1 radioligand binding (ligand: [3H] Haloperidol),B,,,BAO_0000190,BAO_0000249,cell membrane format,C[C@](N)(Cc1ccc(O)c(O)c1)C(=O)O,,,CHEMBL1909046,,,,CHEMBL459,METHYLDOPA,CHEMBL459,,0,,1539936,,15,0,,,IC50,,,,CHEMBL287,Homo sapiens,Sigma opioid receptor,9606,,,IC50,,,,
,Not Active (inhibition < 50% @ 10 uM and thus dose-reponse curve not measured),7766824,[],CHEMBL1909110,DRUGMATRIX: Sigma1 radioligand binding (ligand: [3H] Haloperidol),B,,,BAO_0000190,BAO_0000249,cell membrane format,Cc1ncc([N+](=O)[O-])n1CCO,,,CHEMBL1909046,,,,CHEMBL137,METRONIDAZOLE,CHEMBL137,,0,,1539944,,15,0,,,IC50,,,,CHEMBL287,Homo sapiens,Sigma opioid receptor,9606,,,IC50,,,,
,Not Active (inhibition < 50% @ 10 uM and thus dose-reponse curve not measured),7767395,[],CHEMBL1909110,DRUGMATRIX: Sigma1 radioligand binding (ligand: [3H] Haloperidol),B,,,BAO_0000190,BAO_0000249,cell membrane format,CC(C)(C)NC(=O)[C@@H]1CN(Cc2cccnc2)CCN1C[C@@H](O)C[C@@H](Cc1ccccc1)C(=O)N[C@H]1c2ccccc2C[C@H]1O.O,,,CHEMBL1909046,,,,CHEMBL5483011,,CHEMBL115,,0,,1539847,,15,0,,,IC50,,,,CHEMBL287,Homo sapiens,Sigma opioid receptor,9606,,,IC50,,,,
,Not Active (inhibition < 50% @ 10 uM and thus dose-reponse curve not measured),7767519,[],CHEMBL1909110,DRUGMATRIX: Sigma1 radioligand binding (ligand: [3H] Haloperidol),B,,,BAO_0000190,BAO_0000249,cell membrane format,Nc1nc(N)nc(-c2cc(Cl)ccc2Cl)n1.O=C(O)/C=C\C(=O)O,,,CHEMBL1909046,,,,CHEMBL1712923,IRSOGLADINE MALEATE,CHEMBL136497,,0,,1539855,,15,0,,,IC50,,,,CHEMBL287,Homo sapiens,Sigma opioid receptor,9606,,,IC50,,,,
,Not Active (inhibition < 50% @ 10 uM and thus dose-reponse curve not measured),7767638,[],CHEMBL1909110,DRUGMATRIX: Sigma1 radioligand binding (ligand: [3H] Haloperidol),B,,,BAO_0000190,BAO_0000249,cell membrane format,CNC1(c2ccccc2Cl)CCCCC1=O,,,CHEMBL1909046,,,,CHEMBL742,KETAMINE,CHEMBL742,,0,,1539863,,15,0,,,IC50,,,,CHEMBL287,Homo sapiens,Sigma opioid receptor,9606,,,IC50,,,,
,Not Active (inhibition < 50% @ 10 uM and thus dose-reponse curve not measured),7767722,[],CHEMBL1909110,DRUGMATRIX: Sigma1 radioligand binding (ligand: [3H] Haloperidol),B,,,BAO_0000190,BAO_0000249,cell membrane format,N[C@@H](Cn1ccc(=O)c(O)c1)C(=O)O,,,CHEMBL1909046,,,,CHEMBL245416,L-MIMOSINE,CHEMBL245416,,0,,1539871,,15,0,,,IC50,,,,CHEMBL287,Homo sapiens,Sigma opioid receptor,9606,,,IC50,,,,
,Not Active (inhibition < 50% @ 10 uM and thus dose-reponse curve not measured),7767845,[],CHEMBL1909110,DRUGMATRIX: Sigma1 radioligand binding (ligand: [3H] Haloperidol),B,,,BAO_0000190,BAO_0000249,cell membrane format,,,,CHEMBL1909046,,,,CHEMBL1909063,LEAD(IV) ACETATE,CHEMBL1909063,,0,,1539879,,15,0,,,IC50,,,,CHEMBL287,Homo sapiens,Sigma opioid receptor,9606,,,IC50,,,,
,Not Active (inhibition < 50% @ 10 uM and thus dose-reponse curve not measured),7768304,[],CHEMBL1909110,DRUGMATRIX: Sigma1 radioligand binding (ligand: [3H] Haloperidol),B,,,BAO_0000190,BAO_0000249,cell membrane format,CO[C@@H]1[C@@H](OC)[C@H](C)[C@@](O)(CC(=O)O)O[C@H]1[C@H](C)[C@H]1O[C@@]2(CC[C@@](C)([C@H]3CC[C@@](C)([C@@H]4O[C@@H]([C@H]5O[C@](C)(O)[C@H](C)C[C@@H]5C)C[C@@H]4O[C@@H]4C[C@H](OC)[C@@H](OC)[C@H](C)O4)O3)O2)C[C@H](O)[C@H]1C,,,CHEMBL1909046,,,,CHEMBL1909065,MADURAMICIN,CHEMBL1909065,,0,,1539904,,15,0,,,IC50,,,,CHEMBL287,Homo sapiens,Sigma opioid receptor,9606,,,IC50,,,,
,Not Active (inhibition < 50% @ 10 uM and thus dose-reponse curve not measured),7768410,[],CHEMBL1909110,DRUGMATRIX: Sigma1 radioligand binding (ligand: [3H] Haloperidol),B,,,BAO_0000190,BAO_0000249,cell membrane format,COC(=O)Nc1nc2cc(C(=O)c3ccccc3)ccc2[nH]1,,,CHEMBL1909046,,,,CHEMBL685,MEBENDAZOLE,CHEMBL685,,0,,1539912,,15,0,,,IC50,,,,CHEMBL287,Homo sapiens,Sigma opioid receptor,9606,,,IC50,,,,
,Not Active (inhibition < 50% @ 10 uM and thus dose-reponse curve not measured),7768535,[],CHEMBL1909110,DRUGMATRIX: Sigma1 radioligand binding (ligand: [3H] Haloperidol),B,,,BAO_0000190,BAO_0000249,cell membrane format,N[C@@H](Cc1ccc(N(CCCl)CCCl)cc1)C(=O)O,,,CHEMBL1909046,,,,CHEMBL852,MELPHALAN,CHEMBL852,,0,,1539920,,15,0,,,IC50,,,,CHEMBL287,Homo sapiens,Sigma opioid receptor,9606,,,IC50,,,,
,Not Active (inhibition < 50% @ 10 uM and thus dose-reponse curve not measured),7769139,[],CHEMBL1909110,DRUGMATRIX: Sigma1 radioligand binding (ligand: [3H] Haloperidol),B,,,BAO_0000190,BAO_0000249,cell membrane format,Nc1cc(N2CCCCC2)nc(N)[n+]1[O-],,,CHEMBL1909046,,,,CHEMBL802,MINOXIDIL,CHEMBL802,,0,,1539953,,15,0,,,IC50,,,,CHEMBL287,Homo sapiens,Sigma opioid receptor,9606,,,IC50,,,,
,,7769231,[],CHEMBL1909110,DRUGMATRIX: Sigma1 radioligand binding (ligand: [3H] Haloperidol),B,,,BAO_0000190,BAO_0000249,cell membrane format,CCOc1cc(N)c(Cl)cc1C(=O)NCC1CN(Cc2ccc(F)cc2)CCO1,,,CHEMBL1909046,,,"{'bei': '15.44', 'le': '0.31', 'lle': '3.42', 'sei': '8.48'}",CHEMBL60889,MOSAPRIDE,CHEMBL60889,6.51,0,http://www.openphacts.org/units/Nanomolar,1539961,=,15,1,=,,IC50,nM,,305.6,CHEMBL287,Homo sapiens,Sigma opioid receptor,9606,,,IC50,uM,UO_0000065,,0.3056
,Not Active (inhibition < 50% @ 10 uM and thus dose-reponse curve not measured),7769365,[],CHEMBL1909110,DRUGMATRIX: Sigma1 radioligand binding (ligand: [3H] Haloperidol),B,,,BAO_0000190,BAO_0000249,cell membrane format,COc1ccc2cc(CCC(C)=O)ccc2c1,,,CHEMBL1909046,,,,CHEMBL1070,NABUMETONE,CHEMBL1070,,0,,1539969,,15,0,,,IC50,,,,CHEMBL287,Homo sapiens,Sigma opioid receptor,9606,,,IC50,,,,
,Not Active (inhibition < 50% @ 10 uM and thus dose-reponse curve not measured),7770120,[],CHEMBL1909110,DRUGMATRIX: Sigma1 radioligand binding (ligand: [3H] Haloperidol),B,,,BAO_0000190,BAO_0000249,cell membrane format,Cc1oncc1C(=O)Nc1ccc(C(F)(F)F)cc1,,,CHEMBL1909046,,,,CHEMBL960,LEFLUNOMIDE,CHEMBL960,,0,,1539880,,15,0,,,IC50,,,,CHEMBL287,Homo sapiens,Sigma opioid receptor,9606,,,IC50,,,,
,Not Active (inhibition < 50% @ 10 uM and thus dose-reponse curve not measured),7770358,[],CHEMBL1909110,DRUGMATRIX: Sigma1 radioligand binding (ligand: [3H] Haloperidol),B,,,BAO_0000190,BAO_0000249,cell membrane format,O=NN(CCCl)C(=O)NC1CCCCC1,,,CHEMBL1909046,,,,CHEMBL514,LOMUSTINE,CHEMBL514,,0,,1539896,,15,0,,,IC50,,,,CHEMBL287,Homo sapiens,Sigma opioid receptor,9606,,,IC50,,,,
,Not Active (inhibition < 50% @ 10 uM and thus dose-reponse curve not measured),7770874,[],CHEMBL1909110,DRUGMATRIX: Sigma1 radioligand binding (ligand: [3H] Haloperidol),B,,,BAO_0000190,BAO_0000249,cell membrane format,Cn1ccnc1S,,,CHEMBL1909046,,,,CHEMBL1515,METHIMAZOLE,CHEMBL1515,,0,,1539929,,15,0,,,IC50,,,,CHEMBL287,Homo sapiens,Sigma opioid receptor,9606,,,IC50,,,,
,Not Active (inhibition < 50% @ 10 uM and thus dose-reponse curve not measured),7771003,[],CHEMBL1909110,DRUGMATRIX: Sigma1 radioligand binding (ligand: [3H] Haloperidol),B,,,BAO_0000190,BAO_0000249,cell membrane format,CC[C@@H](CO)NC(=O)[C@@H]1C=C2c3cccc4[nH]cc(c34)C[C@H]2N(C)C1,,,CHEMBL1909046,,,,CHEMBL1201356,METHYLERGONOVINE,CHEMBL1201356,,0,,1539937,,15,0,,,IC50,,,,CHEMBL287,Homo sapiens,Sigma opioid receptor,9606,,,IC50,,,,
,Not Active (inhibition < 50% @ 10 uM and thus dose-reponse curve not measured),7771115,[],CHEMBL1909110,DRUGMATRIX: Sigma1 radioligand binding (ligand: [3H] Haloperidol),B,,,BAO_0000190,BAO_0000249,cell membrane format,CC(C)(C(=O)c1cccnc1)c1cccnc1,,,CHEMBL1909046,,,,CHEMBL934,METYRAPONE,CHEMBL934,,0,,1539945,,15,0,,,IC50,,,,CHEMBL287,Homo sapiens,Sigma opioid receptor,9606,,,IC50,,,,
,Not Active (inhibition < 50% @ 10 uM and thus dose-reponse curve not measured),7771678,[],CHEMBL1909110,DRUGMATRIX: Sigma1 radioligand binding (ligand: [3H] Haloperidol),B,,,BAO_0000190,BAO_0000249,cell membrane format,COc1ccc2c(c1)c(CC(=O)O)c(C)n2C(=O)c1ccc(Cl)cc1,,,CHEMBL1909046,,,,CHEMBL6,INDOMETHACIN,CHEMBL6,,0,,1539848,,15,0,,,IC50,,,,CHEMBL287,Homo sapiens,Sigma opioid receptor,9606,,,IC50,,,,
,Not Active (inhibition < 50% @ 10 uM and thus dose-reponse curve not measured),7771805,[],CHEMBL1909110,DRUGMATRIX: Sigma1 radioligand binding (ligand: [3H] Haloperidol),B,,,BAO_0000190,BAO_0000249,cell membrane format,C/C=C\c1ccc(O)c(OC)c1,,,CHEMBL1909046,,,,CHEMBL445206,ISOEUGENOL,CHEMBL445206,,0,,1539856,,15,0,,,IC50,,,,CHEMBL287,Homo sapiens,Sigma opioid receptor,9606,,,IC50,,,,
,Not Active (inhibition < 50% @ 10 uM and thus dose-reponse curve not measured),7771909,[],CHEMBL1909110,DRUGMATRIX: Sigma1 radioligand binding (ligand: [3H] Haloperidol),B,,,BAO_0000190,BAO_0000249,cell membrane format,CC(=O)N1CCN(c2ccc(OCC3COC(Cn4ccnc4)(c4ccc(Cl)cc4Cl)O3)cc2)CC1,,,CHEMBL1909046,,,,CHEMBL157101,KETOCONAZOLE,CHEMBL157101,,0,,1539864,,15,0,,,IC50,,,,CHEMBL287,Homo sapiens,Sigma opioid receptor,9606,,,IC50,,,,
,,7771995,[],CHEMBL1909110,DRUGMATRIX: Sigma1 radioligand binding (ligand: [3H] Haloperidol),B,,,BAO_0000190,BAO_0000249,cell membrane format,CC(CCc1ccccc1)NCC(O)c1ccc(O)c(C(N)=O)c1,,,CHEMBL1909046,,,"{'bei': '17.48', 'le': '0.33', 'lle': '3.60', 'sei': '6.01'}",CHEMBL429,LABETALOL,CHEMBL429,5.74,0,http://www.openphacts.org/units/Nanomolar,1539872,=,15,1,=,,IC50,nM,,1815.0,CHEMBL287,Homo sapiens,Sigma opioid receptor,9606,,,IC50,uM,UO_0000065,,1.815
,Not Active (inhibition < 50% @ 10 uM and thus dose-reponse curve not measured),7772260,[],CHEMBL1909110,DRUGMATRIX: Sigma1 radioligand binding (ligand: [3H] Haloperidol),B,,,BAO_0000190,BAO_0000249,cell membrane format,C[C@H]1COc2c(N3CCN(C)CC3)c(F)cc3c(=O)c(C(=O)O)cn1c23.C[C@H]1COc2c(N3CCN(C)CC3)c(F)cc3c(=O)c(C(=O)O)cn1c23.O,,,CHEMBL1909046,,,,CHEMBL5315124,LEVOFLOXACIN,CHEMBL33,,0,,1539888,,15,0,,,IC50,,,,CHEMBL287,Homo sapiens,Sigma opioid receptor,9606,,,IC50,,,,
,Not Active (inhibition < 50% @ 10 uM and thus dose-reponse curve not measured),7772593,[],CHEMBL1909110,DRUGMATRIX: Sigma1 radioligand binding (ligand: [3H] Haloperidol),B,,,BAO_0000190,BAO_0000249,cell membrane format,CO[C@@H]1[C@@H](OC)[C@H](C)[C@@](O)(CC(=O)O)O[C@H]1[C@H](C)[C@H]1O[C@@]2(CC[C@@](C)([C@H]3CC[C@@](C)([C@@H]4O[C@@H]([C@H]5O[C@](C)(O)[C@H](C)C[C@@H]5C)C[C@@H]4O[C@@H]4C[C@H](OC)[C@@H](OC)[C@H](C)O4)O3)O2)C[C@H](O)[C@H]1C.N,,,CHEMBL1909046,,,,CHEMBL2105807,MADURAMICIN,CHEMBL1909065,,0,,1539905,,15,0,,,IC50,,,,CHEMBL287,Homo sapiens,Sigma opioid receptor,9606,,,IC50,,,,
,Not Active (inhibition < 50% @ 10 uM and thus dose-reponse curve not measured),7772696,[],CHEMBL1909110,DRUGMATRIX: Sigma1 radioligand binding (ligand: [3H] Haloperidol),B,,,BAO_0000190,BAO_0000249,cell membrane format,Cc1ccc(Cl)c(Nc2ccccc2C(=O)O)c1Cl,,,CHEMBL1909046,,,,CHEMBL509,MECLOFENAMIC ACID,CHEMBL509,,0,,1539913,,15,0,,,IC50,,,,CHEMBL287,Homo sapiens,Sigma opioid receptor,9606,,,IC50,,,,
,,7772800,[],CHEMBL1909110,DRUGMATRIX: Sigma1 radioligand binding (ligand: [3H] Haloperidol),B,,,BAO_0000190,BAO_0000249,cell membrane format,CN1CCCC(CN2c3ccccc3Sc3ccccc32)C1,,,CHEMBL1909046,,,"{'bei': '21.72', 'le': '0.42', 'lle': '2.11', 'sei': '104.09'}",CHEMBL395110,MEPAZINE,CHEMBL395110,6.75,0,http://www.openphacts.org/units/Nanomolar,1539921,=,15,1,=,,IC50,nM,,180.0,CHEMBL287,Homo sapiens,Sigma opioid receptor,9606,,,IC50,uM,UO_0000065,,0.18
,Not Active (inhibition < 50% @ 10 uM and thus dose-reponse curve not measured),7773414,[],CHEMBL1909110,DRUGMATRIX: Sigma1 radioligand binding (ligand: [3H] Haloperidol),B,,,BAO_0000190,BAO_0000249,cell membrane format,CO[C@@]12[C@H](COC(N)=O)C3=C(C(=O)C(C)=C(N)C3=O)N1C[C@@H]1N[C@@H]12,,,CHEMBL1909046,,,,CHEMBL105,MITOMYCIN,CHEMBL105,,0,,1539954,,15,0,,,IC50,,,,CHEMBL287,Homo sapiens,Sigma opioid receptor,9606,,,IC50,,,,
,Not Active (inhibition < 50% @ 10 uM and thus dose-reponse curve not measured),7773500,[],CHEMBL1909110,DRUGMATRIX: Sigma1 radioligand binding (ligand: [3H] Haloperidol),B,,,BAO_0000190,BAO_0000249,cell membrane format,COc1nc(C)nc(Cl)c1NC1=NCCN1,,,CHEMBL1909046,,,,CHEMBL19236,MOXONIDINE,CHEMBL19236,,0,,1539962,,15,0,,,IC50,,,,CHEMBL287,Homo sapiens,Sigma opioid receptor,9606,,,IC50,,,,
,Not Active (inhibition < 50% @ 10 uM and thus dose-reponse curve not measured),7773637,[],CHEMBL1909110,DRUGMATRIX: Sigma1 radioligand binding (ligand: [3H] Haloperidol),B,,,BAO_0000190,BAO_0000249,cell membrane format,CC(C)(C)NCC(O)COc1cccc2c1CC(O)C(O)C2,,,CHEMBL1909046,,,,CHEMBL521606,NADOLOL,CHEMBL521606,,0,,1539970,,15,0,,,IC50,,,,CHEMBL287,Homo sapiens,Sigma opioid receptor,9606,,,IC50,,,,
,Not Active (inhibition < 50% @ 10 uM and thus dose-reponse curve not measured),7774249,[],CHEMBL1909110,DRUGMATRIX: Sigma1 radioligand binding (ligand: [3H] Haloperidol),B,,,BAO_0000190,BAO_0000249,cell membrane format,CCOC(=O)C1=C(C)NC(C)=C(C(=O)OCC)C1c1ccccc1/C=C/C(=O)OC(C)(C)C,,,CHEMBL1909046,,,,CHEMBL460291,LACIDIPINE,CHEMBL460291,,0,,1539873,,15,0,,,IC50,,,,CHEMBL287,Homo sapiens,Sigma opioid receptor,9606,,,IC50,,,,
,Not Active (inhibition < 50% @ 10 uM and thus dose-reponse curve not measured),7774511,[],CHEMBL1909110,DRUGMATRIX: Sigma1 radioligand binding (ligand: [3H] Haloperidol),B,,,BAO_0000190,BAO_0000249,cell membrane format,CCN1CCC[C@H]1CNC(=O)c1cc(S(N)(=O)=O)ccc1OC,,,CHEMBL1909046,,,,CHEMBL267044,LEVOSULPIRIDE,CHEMBL267044,,0,,1539889,,15,0,,,IC50,,,,CHEMBL287,Homo sapiens,Sigma opioid receptor,9606,,,IC50,,,,
,,7774609,[],CHEMBL1909110,DRUGMATRIX: Sigma1 radioligand binding (ligand: [3H] Haloperidol),B,,,BAO_0000190,BAO_0000249,cell membrane format,CN(C)C(=O)C(CCN1CCC(O)(c2ccc(Cl)cc2)CC1)(c1ccccc1)c1ccccc1,,,CHEMBL1909046,,,"{'bei': '13.00', 'le': '0.25', 'lle': '1.11', 'sei': '14.17'}",CHEMBL841,LOPERAMIDE,CHEMBL841,6.20,0,http://www.openphacts.org/units/Nanomolar,1539897,=,15,1,=,,IC50,nM,,628.0,CHEMBL287,Homo sapiens,Sigma opioid receptor,9606,,,IC50,uM,UO_0000065,,0.628
,Not Active (inhibition < 50% @ 10 uM and thus dose-reponse curve not measured),7775134,[],CHEMBL1909110,DRUGMATRIX: Sigma1 radioligand binding (ligand: [3H] Haloperidol),B,,,BAO_0000190,BAO_0000249,cell membrane format,COc1ccccc1OCC(O)COC(N)=O,,,CHEMBL1909046,,,,CHEMBL1201117,METHOCARBAMOL,CHEMBL1201117,,0,,1539930,,15,0,,,IC50,,,,CHEMBL287,Homo sapiens,Sigma opioid receptor,9606,,,IC50,,,,
,Not Active (inhibition < 50% @ 10 uM and thus dose-reponse curve not measured),7775256,[],CHEMBL1909110,DRUGMATRIX: Sigma1 radioligand binding (ligand: [3H] Haloperidol),B,,,BAO_0000190,BAO_0000249,cell membrane format,COC(=O)c1ccc(O)cc1,,,CHEMBL1909046,,,,CHEMBL325372,METHYLPARABEN,CHEMBL325372,,0,,1539938,,15,0,,,IC50,,,,CHEMBL287,Homo sapiens,Sigma opioid receptor,9606,,,IC50,,,,
,Not Active (inhibition < 50% @ 10 uM and thus dose-reponse curve not measured),7775368,[],CHEMBL1909110,DRUGMATRIX: Sigma1 radioligand binding (ligand: [3H] Haloperidol),B,,,BAO_0000190,BAO_0000249,cell membrane format,C[C@](N)(Cc1ccc(O)cc1)C(=O)O,,,CHEMBL1909046,,,,CHEMBL1200862,METYROSINE,CHEMBL1200862,,0,,1539946,,15,0,,,IC50,,,,CHEMBL287,Homo sapiens,Sigma opioid receptor,9606,,,IC50,,,,
,Not Active (inhibition < 50% @ 10 uM and thus dose-reponse curve not measured),7775930,[],CHEMBL1909110,DRUGMATRIX: Sigma1 radioligand binding (ligand: [3H] Haloperidol),B,,,BAO_0000190,BAO_0000249,cell membrane format,,,,CHEMBL1909046,,,,CHEMBL1201631,INSULIN HUMAN,CHEMBL1201631,,0,,1539849,,15,0,,,IC50,,,,CHEMBL287,Homo sapiens,Sigma opioid receptor,9606,,,IC50,,,,
,Not Active (inhibition < 50% @ 10 uM and thus dose-reponse curve not measured),7776061,[],CHEMBL1909110,DRUGMATRIX: Sigma1 radioligand binding (ligand: [3H] Haloperidol),B,,,BAO_0000190,BAO_0000249,cell membrane format,NNC(=O)c1ccncc1,,,CHEMBL1909046,,,,CHEMBL64,ISONIAZID,CHEMBL64,,0,,1539857,,15,0,,,IC50,,,,CHEMBL287,Homo sapiens,Sigma opioid receptor,9606,,,IC50,,,,
,Not Active (inhibition < 50% @ 10 uM and thus dose-reponse curve not measured),7776156,[],CHEMBL1909110,DRUGMATRIX: Sigma1 radioligand binding (ligand: [3H] Haloperidol),B,,,BAO_0000190,BAO_0000249,cell membrane format,CC(C(=O)O)c1cccc(C(=O)c2ccccc2)c1,,,CHEMBL1909046,,,,CHEMBL571,KETOPROFEN,CHEMBL571,,0,,1539865,,15,0,,,IC50,,,,CHEMBL287,Homo sapiens,Sigma opioid receptor,9606,,,IC50,,,,
,Not Active (inhibition < 50% @ 10 uM and thus dose-reponse curve not measured),7776368,[],CHEMBL1909110,DRUGMATRIX: Sigma1 radioligand binding (ligand: [3H] Haloperidol),B,,,BAO_0000190,BAO_0000249,cell membrane format,N#Cc1ccc(C(c2ccc(C#N)cc2)n2cncn2)cc1,,,CHEMBL1909046,,,,CHEMBL1444,LETROZOLE,CHEMBL1444,,0,,1539881,,15,0,,,IC50,,,,CHEMBL287,Homo sapiens,Sigma opioid receptor,9606,,,IC50,,,,
,Not Active (inhibition < 50% @ 10 uM and thus dose-reponse curve not measured),7776824,[],CHEMBL1909110,DRUGMATRIX: Sigma1 radioligand binding (ligand: [3H] Haloperidol),B,,,BAO_0000190,BAO_0000249,cell membrane format,,,,CHEMBL1909046,,,,CHEMBL1200693,MANGANESE CHLORIDE ANHYDROUS,CHEMBL1200693,,0,,1539906,,15,0,,,IC50,,,,CHEMBL287,Homo sapiens,Sigma opioid receptor,9606,,,IC50,,,,
,Not Active (inhibition < 50% @ 10 uM and thus dose-reponse curve not measured),7776923,[],CHEMBL1909110,DRUGMATRIX: Sigma1 radioligand binding (ligand: [3H] Haloperidol),B,,,BAO_0000190,BAO_0000249,cell membrane format,CC(=O)[C@@]1(O)CC[C@H]2[C@@H]3C[C@H](C)C4=CC(=O)CC[C@]4(C)[C@H]3CC[C@@]21C,,,CHEMBL1909046,,,,CHEMBL1390,,CHEMBL1390,,0,,1539914,,15,0,,,IC50,,,,CHEMBL287,Homo sapiens,Sigma opioid receptor,9606,,,IC50,,,,
,Not Active (inhibition < 50% @ 10 uM and thus dose-reponse curve not measured),7777027,[],CHEMBL1909110,DRUGMATRIX: Sigma1 radioligand binding (ligand: [3H] Haloperidol),B,,,BAO_0000190,BAO_0000249,cell membrane format,Cc1cccc(C)c1NC(=O)C1CCCCN1C,,,CHEMBL1909046,,,,CHEMBL1087,MEPIVACAINE,CHEMBL1087,,0,,1539922,,15,0,,,IC50,,,,CHEMBL287,Homo sapiens,Sigma opioid receptor,9606,,,IC50,,,,
,Not Active (inhibition < 50% @ 10 uM and thus dose-reponse curve not measured),7777639,[],CHEMBL1909110,DRUGMATRIX: Sigma1 radioligand binding (ligand: [3H] Haloperidol),B,,,BAO_0000190,BAO_0000249,cell membrane format,Clc1ccc(C(c2ccccc2Cl)C(Cl)Cl)cc1,,,CHEMBL1909046,,,,CHEMBL1670,MITOTANE,CHEMBL1670,,0,,1539955,,15,0,,,IC50,,,,CHEMBL287,Homo sapiens,Sigma opioid receptor,9606,,,IC50,,,,
,Not Active (inhibition < 50% @ 10 uM and thus dose-reponse curve not measured),7777731,[],CHEMBL1909110,DRUGMATRIX: Sigma1 radioligand binding (ligand: [3H] Haloperidol),B,,,BAO_0000190,BAO_0000249,cell membrane format,COc1c(C)c2c(c(O)c1C/C=C(\C)CCC(=O)OCCN1CCOCC1)C(=O)OC2,,,CHEMBL1909046,,,,CHEMBL1456,MYCOPHENOLATE MOFETIL,CHEMBL1456,,0,,1539963,,15,0,,,IC50,,,,CHEMBL287,Homo sapiens,Sigma opioid receptor,9606,,,IC50,,,,
,Not Active (inhibition < 50% @ 10 uM and thus dose-reponse curve not measured),7777868,[],CHEMBL1909110,DRUGMATRIX: Sigma1 radioligand binding (ligand: [3H] Haloperidol),B,,,BAO_0000190,BAO_0000249,cell membrane format,CC(C)(Oc1ccc(C2CCCc3ccccc32)cc1)C(=O)O,,,CHEMBL1909046,,,,CHEMBL1909070,NAFENOPIN,CHEMBL1909070,,0,,1539971,,15,0,,,IC50,,,,CHEMBL287,Homo sapiens,Sigma opioid receptor,9606,,,IC50,,,,
,Not Active (inhibition < 50% @ 10 uM and thus dose-reponse curve not measured),7778481,[],CHEMBL1909110,DRUGMATRIX: Sigma1 radioligand binding (ligand: [3H] Haloperidol),B,,,BAO_0000190,BAO_0000249,cell membrane format,CC(O)C(=O)O,,,CHEMBL1909046,,,,CHEMBL1200559,LACTIC ACID,CHEMBL1200559,,0,,1539874,,15,0,,,IC50,,,,CHEMBL287,Homo sapiens,Sigma opioid receptor,9606,,,IC50,,,,
,Not Active (inhibition < 50% @ 10 uM and thus dose-reponse curve not measured),7778831,[],CHEMBL1909110,DRUGMATRIX: Sigma1 radioligand binding (ligand: [3H] Haloperidol),B,,,BAO_0000190,BAO_0000249,cell membrane format,CCOC(=O)N1CCC(=C2c3ccc(Cl)cc3CCc3cccnc32)CC1,,,CHEMBL1909046,,,,CHEMBL998,LORATADINE,CHEMBL998,,0,,1539898,,15,0,,,IC50,,,,CHEMBL287,Homo sapiens,Sigma opioid receptor,9606,,,IC50,,,,
,Not Active (inhibition < 50% @ 10 uM and thus dose-reponse curve not measured),7779363,[],CHEMBL1909110,DRUGMATRIX: Sigma1 radioligand binding (ligand: [3H] Haloperidol),B,,,BAO_0000190,BAO_0000249,cell membrane format,CN(Cc1cnc2nc(N)nc(N)c2n1)c1ccc(C(=O)N[C@@H](CCC(=O)O)C(=O)O)cc1,,,CHEMBL1909046,,,,CHEMBL34259,METHOTREXATE,CHEMBL34259,,0,,1539931,,15,0,,,IC50,,,,CHEMBL287,Homo sapiens,Sigma opioid receptor,9606,,,IC50,,,,
,Not Active (inhibition < 50% @ 10 uM and thus dose-reponse curve not measured),7779483,[],CHEMBL1909110,DRUGMATRIX: Sigma1 radioligand binding (ligand: [3H] Haloperidol),B,,,BAO_0000190,BAO_0000249,cell membrane format,C[C@H]1C[C@@H]2[C@H]([C@@H](O)C[C@@]3(C)[C@H]2CC[C@]3(O)C(=O)CO)[C@@]2(C)C=CC(=O)C=C12,,,CHEMBL1909046,,,,CHEMBL650,METHYLPREDNISOLONE,CHEMBL650,,0,,1539939,,15,0,,,IC50,,,,CHEMBL287,Homo sapiens,Sigma opioid receptor,9606,,,IC50,,,,
,Not Active (inhibition < 50% @ 10 uM and thus dose-reponse curve not measured),7779600,[],CHEMBL1909110,DRUGMATRIX: Sigma1 radioligand binding (ligand: [3H] Haloperidol),B,,,BAO_0000190,BAO_0000249,cell membrane format,CC[C@H](C)C(=O)O[C@H]1CCC=C2C=C[C@H](C)[C@H](CC[C@@H]3C[C@@H](O)CC(=O)O3)[C@H]21,,,CHEMBL1909046,,,,CHEMBL54440,MEVASTATIN,CHEMBL54440,,0,,1539947,,15,0,,,IC50,,,,CHEMBL287,Homo sapiens,Sigma opioid receptor,9606,,,IC50,,,,
,Not Active (inhibition < 50% @ 10 uM and thus dose-reponse curve not measured),7780168,[],CHEMBL1909110,DRUGMATRIX: Sigma1 radioligand binding (ligand: [3H] Haloperidol),B,,,BAO_0000190,BAO_0000249,cell membrane format,Oc1c(I)cc(I)c2cccnc12,,,CHEMBL1909046,,,,CHEMBL86754,IODOQUINOL,CHEMBL86754,,0,,1539850,,15,0,,,IC50,,,,CHEMBL287,Homo sapiens,Sigma opioid receptor,9606,,,IC50,,,,
,Not Active (inhibition < 50% @ 10 uM and thus dose-reponse curve not measured),7780303,[],CHEMBL1909110,DRUGMATRIX: Sigma1 radioligand binding (ligand: [3H] Haloperidol),B,,,BAO_0000190,BAO_0000249,cell membrane format,CC(C)NCC(O)c1ccc(O)c(O)c1,,,CHEMBL1909046,,,,CHEMBL434,ISOPROTERENOL,CHEMBL434,,0,,1539858,,15,0,,,IC50,,,,CHEMBL287,Homo sapiens,Sigma opioid receptor,9606,,,IC50,,,,
,Not Active (inhibition < 50% @ 10 uM and thus dose-reponse curve not measured),7780401,[],CHEMBL1909110,DRUGMATRIX: Sigma1 radioligand binding (ligand: [3H] Haloperidol),B,,,BAO_0000190,BAO_0000249,cell membrane format,O=C(c1ccccc1)c1ccc2n1CCC2C(=O)O,,,CHEMBL1909046,,,,CHEMBL469,KETOROLAC,CHEMBL469,,0,,1539866,,15,0,,,IC50,,,,CHEMBL287,Homo sapiens,Sigma opioid receptor,9606,,,IC50,,,,
,Not Active (inhibition < 50% @ 10 uM and thus dose-reponse curve not measured),7780617,[],CHEMBL1909110,DRUGMATRIX: Sigma1 radioligand binding (ligand: [3H] Haloperidol),B,,,BAO_0000190,BAO_0000249,cell membrane format,Nc1nc(=O)c2c([nH]1)NCC(CNc1ccc(C(=O)N[C@@H](CCC(=O)O)C(=O)O)cc1)N2C=O,,,CHEMBL1909046,,,,CHEMBL1679,LEUCOVORIN,CHEMBL1679,,0,,1539882,,15,0,,,IC50,,,,CHEMBL287,Homo sapiens,Sigma opioid receptor,9606,,,IC50,,,,
,Not Active (inhibition < 50% @ 10 uM and thus dose-reponse curve not measured),7780747,[],CHEMBL1909110,DRUGMATRIX: Sigma1 radioligand binding (ligand: [3H] Haloperidol),B,,,BAO_0000190,BAO_0000249,cell membrane format,CCN(CC)CC(=O)Nc1c(C)cccc1C,,,CHEMBL1909046,,,,CHEMBL79,LIDOCAINE,CHEMBL79,,0,,1539890,,15,0,,,IC50,,,,CHEMBL287,Homo sapiens,Sigma opioid receptor,9606,,,IC50,,,,
,Not Active (inhibition < 50% @ 10 uM and thus dose-reponse curve not measured),7781671,[],CHEMBL1909110,DRUGMATRIX: Sigma1 radioligand binding (ligand: [3H] Haloperidol),B,,,BAO_0000190,BAO_0000249,cell membrane format,CC[C@]1(O)C[C@@H]2CN(CCc3c([nH]c4ccccc34)[C@@](C(=O)OC)(c3cc4c(cc3OC)N(C)[C@H]3[C@@](O)(C(=O)OC)[C@H](OC(C)=O)[C@]5(CC)C=CCN6CC[C@]43[C@@H]65)C2)C1,,,CHEMBL1909046,,,,CHEMBL159,VINBLASTINE,CHEMBL159,,0,,1540271,,15,0,,,IC50,,,,CHEMBL287,Homo sapiens,Sigma opioid receptor,9606,,,IC50,,,,
,Not Active (inhibition < 50% @ 10 uM and thus dose-reponse curve not measured),7781860,[],CHEMBL1909110,DRUGMATRIX: Sigma1 radioligand binding (ligand: [3H] Haloperidol),B,,,BAO_0000190,BAO_0000249,cell membrane format,CC(=O)OCC(COC(C)=O)OC(C)=O,,,CHEMBL1909046,,,,CHEMBL1489254,TRIACETIN,CHEMBL1489254,,0,,1540239,,15,0,,,IC50,,,,CHEMBL287,Homo sapiens,Sigma opioid receptor,9606,,,IC50,,,,
,Not Active (inhibition < 50% @ 10 uM and thus dose-reponse curve not measured),7781989,[],CHEMBL1909110,DRUGMATRIX: Sigma1 radioligand binding (ligand: [3H] Haloperidol),B,,,BAO_0000190,BAO_0000249,cell membrane format,CN1CCN(CCCN2c3ccccc3Sc3ccc(C(F)(F)F)cc32)CC1,,,CHEMBL1909046,,,,CHEMBL422,TRIFLUOPERAZINE,CHEMBL422,,0,,1540247,,15,0,,,IC50,,,,CHEMBL287,Homo sapiens,Sigma opioid receptor,9606,,,IC50,,,,
,Not Active (inhibition < 50% @ 10 uM and thus dose-reponse curve not measured),7782102,[],CHEMBL1909110,DRUGMATRIX: Sigma1 radioligand binding (ligand: [3H] Haloperidol),B,,,BAO_0000190,BAO_0000249,cell membrane format,CN1[C@@H]2CC[C@H]1C[C@@H](OC(=O)c1c[nH]c3ccccc13)C2,,,CHEMBL1909046,,,,CHEMBL56564,TROPISETRON,CHEMBL56564,,0,,1540255,,15,0,,,IC50,,,,CHEMBL287,Homo sapiens,Sigma opioid receptor,9606,,,IC50,,,,
,Not Active (inhibition < 50% @ 10 uM and thus dose-reponse curve not measured),7782220,[],CHEMBL1909110,DRUGMATRIX: Sigma1 radioligand binding (ligand: [3H] Haloperidol),B,,,BAO_0000190,BAO_0000249,cell membrane format,Cc1onc(-c2ccccc2)c1-c1ccc(S(N)(=O)=O)cc1,,,CHEMBL1909046,,,,CHEMBL865,VALDECOXIB,CHEMBL865,,0,,1540263,,15,0,,,IC50,,,,CHEMBL287,Homo sapiens,Sigma opioid receptor,9606,,,IC50,,,,
,Not Active (inhibition < 50% @ 10 uM and thus dose-reponse curve not measured),7782581,[],CHEMBL1909110,DRUGMATRIX: Sigma1 radioligand binding (ligand: [3H] Haloperidol),B,,,BAO_0000190,BAO_0000249,cell membrane format,COc1cc(C(=O)NS(=O)(=O)c2ccccc2C)ccc1Cc1cn(C)c2ccc(NC(=O)OC3CCCC3)cc12,,,CHEMBL1909046,,,,CHEMBL603,ZAFIRLUKAST,CHEMBL603,,0,,1540279,,15,0,,,IC50,,,,CHEMBL287,Homo sapiens,Sigma opioid receptor,9606,,,IC50,,,,
,Not Active (inhibition < 50% @ 10 uM and thus dose-reponse curve not measured),7783277,[],CHEMBL1909110,DRUGMATRIX: Sigma1 radioligand binding (ligand: [3H] Haloperidol),B,,,BAO_0000190,BAO_0000249,cell membrane format,CC[C@]1(O)C[C@H]2CN(CCc3c([nH]c4ccccc34)[C@@](C(=O)OC)(c3cc4c(cc3OC)N(C=O)[C@H]3[C@@](O)(C(=O)OC)[C@H](OC(C)=O)[C@]5(CC)C=CCN6CC[C@]43[C@@H]65)C2)C1,,,CHEMBL1909046,,,,CHEMBL90555,VINCRISTINE,CHEMBL90555,,0,,1540272,,15,0,,,IC50,,,,CHEMBL287,Homo sapiens,Sigma opioid receptor,9606,,,IC50,,,,
,Not Active (inhibition < 50% @ 10 uM and thus dose-reponse curve not measured),7783466,[],CHEMBL1909110,DRUGMATRIX: Sigma1 radioligand binding (ligand: [3H] Haloperidol),B,,,BAO_0000190,BAO_0000249,cell membrane format,C[C@]12C=CC(=O)C=C1CC[C@H]1[C@@H]3C[C@@H](O)[C@](O)(C(=O)CO)[C@@]3(C)C[C@H](O)[C@@]12F,,,CHEMBL1909046,,,,CHEMBL1451,TRIAMCINOLONE,CHEMBL1451,,0,,1540240,,15,0,,,IC50,,,,CHEMBL287,Homo sapiens,Sigma opioid receptor,9606,,,IC50,,,,
,,7783589,[],CHEMBL1909110,DRUGMATRIX: Sigma1 radioligand binding (ligand: [3H] Haloperidol),B,,,BAO_0000190,BAO_0000249,cell membrane format,OC(CCN1CCCCC1)(c1ccccc1)C1CCCCC1,,,CHEMBL1909046,,,"{'bei': '23.11', 'le': '0.43', 'lle': '2.64', 'sei': '29.68'}",CHEMBL1490,TRIHEXYPHENIDYL,CHEMBL1490,6.97,0,http://www.openphacts.org/units/Nanomolar,1540248,=,15,1,=,,IC50,nM,,108.0,CHEMBL287,Homo sapiens,Sigma opioid receptor,9606,,,IC50,uM,UO_0000065,,0.108
,Not Active (inhibition < 50% @ 10 uM and thus dose-reponse curve not measured),7783708,[],CHEMBL1909110,DRUGMATRIX: Sigma1 radioligand binding (ligand: [3H] Haloperidol),B,,,BAO_0000190,BAO_0000249,cell membrane format,N[C@@H]1[C@H]2CN(c3nc4c(cc3F)c(=O)c(C(=O)O)cn4-c3ccc(F)cc3F)C[C@@H]12,,,CHEMBL1909046,,,,CHEMBL428,TROVAFLOXACIN,CHEMBL428,,0,,1540256,,15,0,,,IC50,,,,CHEMBL287,Homo sapiens,Sigma opioid receptor,9606,,,IC50,,,,
,,7783820,[],CHEMBL1909110,DRUGMATRIX: Sigma1 radioligand binding (ligand: [3H] Haloperidol),B,,,BAO_0000190,BAO_0000249,cell membrane format,CCC(C)C(C(=O)OCC[N+](C)(CC)CC)c1ccccc1.[Br-],,,CHEMBL1909046,,,"{'bei': '20.63', 'le': '0.39', 'lle': '2.47', 'sei': '24.04'}",CHEMBL2107687,VALETHAMATE BROMIDE,CHEMBL2111176,6.32,0,http://www.openphacts.org/units/Nanomolar,1540264,=,15,1,=,,IC50,nM,,475.0,CHEMBL287,Homo sapiens,Sigma opioid receptor,9606,,,IC50,uM,UO_0000065,,0.475
,Not Active (inhibition < 50% @ 10 uM and thus dose-reponse curve not measured),7784178,[],CHEMBL1909110,DRUGMATRIX: Sigma1 radioligand binding (ligand: [3H] Haloperidol),B,,,BAO_0000190,BAO_0000249,cell membrane format,CCN(C(C)=O)c1cccc(-c2ccnc3c(C#N)cnn23)c1,,,CHEMBL1909046,,,,CHEMBL1521,ZALEPLON,CHEMBL1521,,0,,1540280,,15,0,,,IC50,,,,CHEMBL287,Homo sapiens,Sigma opioid receptor,9606,,,IC50,,,,
,Not Active (inhibition < 50% @ 10 uM and thus dose-reponse curve not measured),7785047,[],CHEMBL1909110,DRUGMATRIX: Sigma1 radioligand binding (ligand: [3H] Haloperidol),B,,,BAO_0000190,BAO_0000249,cell membrane format,CC1(C)O[C@@H]2C[C@H]3[C@@H]4CCC5=CC(=O)C=C[C@]5(C)[C@@]4(F)[C@@H](O)C[C@]3(C)[C@]2(C(=O)CO)O1,,,CHEMBL1909046,,,,CHEMBL1504,TRIAMCINOLONE ACETONIDE,CHEMBL1504,,0,,1540241,,15,0,,,IC50,,,,CHEMBL287,Homo sapiens,Sigma opioid receptor,9606,,,IC50,,,,
,Not Active (inhibition < 50% @ 10 uM and thus dose-reponse curve not measured),7785169,[],CHEMBL1909110,DRUGMATRIX: Sigma1 radioligand binding (ligand: [3H] Haloperidol),B,,,BAO_0000190,BAO_0000249,cell membrane format,COc1ccc(CN2CCNCC2)c(OC)c1OC,,,CHEMBL1909046,,,,CHEMBL203266,TRIMETAZIDINE,CHEMBL203266,,0,,1540249,,15,0,,,IC50,,,,CHEMBL287,Homo sapiens,Sigma opioid receptor,9606,,,IC50,,,,
,Not Active (inhibition < 50% @ 10 uM and thus dose-reponse curve not measured),7785287,[],CHEMBL1909110,DRUGMATRIX: Sigma1 radioligand binding (ligand: [3H] Haloperidol),B,,,BAO_0000190,BAO_0000249,cell membrane format,COc1cc(C(=O)NC2CCCNC2)cc(OC)c1OC,,,CHEMBL1909046,,,,CHEMBL1566956,TROXIPIDE,CHEMBL1566956,,0,,1540257,,15,0,,,IC50,,,,CHEMBL287,Homo sapiens,Sigma opioid receptor,9606,,,IC50,,,,
,Not Active (inhibition < 50% @ 10 uM and thus dose-reponse curve not measured),7785398,[],CHEMBL1909110,DRUGMATRIX: Sigma1 radioligand binding (ligand: [3H] Haloperidol),B,,,BAO_0000190,BAO_0000249,cell membrane format,CCCC(CCC)C(=O)O,,,CHEMBL1909046,,,,CHEMBL109,VALPROIC ACID,CHEMBL109,,0,,1540265,,15,0,,,IC50,,,,CHEMBL287,Homo sapiens,Sigma opioid receptor,9606,,,IC50,,,,
,Not Active (inhibition < 50% @ 10 uM and thus dose-reponse curve not measured),7785519,[],CHEMBL1909110,DRUGMATRIX: Sigma1 radioligand binding (ligand: [3H] Haloperidol),B,,,BAO_0000190,BAO_0000249,cell membrane format,CC[C@]1(O)C[C@@H]2CN(CCc3c([nH]c4ccccc34)[C@@](C(=O)OC)(c3cc4c(cc3OC)N(C)[C@H]3[C@@](O)(C(N)=O)[C@H](O)[C@]5(CC)C=CCN6CC[C@]43[C@@H]65)C2)C1,,,CHEMBL1909046,,,,CHEMBL238071,VINDESINE,CHEMBL238071,,0,,1540273,,15,0,,,IC50,,,,CHEMBL287,Homo sapiens,Sigma opioid receptor,9606,,,IC50,,,,
,Not Active (inhibition < 50% @ 10 uM and thus dose-reponse curve not measured),7785757,[],CHEMBL1909110,DRUGMATRIX: Sigma1 radioligand binding (ligand: [3H] Haloperidol),B,,,BAO_0000190,BAO_0000249,cell membrane format,CCCOc1ccccc1-c1nc2[nH]nnc2c(=O)[nH]1,,,CHEMBL1909046,,,,CHEMBL28079,ZAPRINAST,CHEMBL28079,,0,,1540281,,15,0,,,IC50,,,,CHEMBL287,Homo sapiens,Sigma opioid receptor,9606,,,IC50,,,,
,Not Active (inhibition < 50% @ 10 uM and thus dose-reponse curve not measured),7786777,[],CHEMBL1909110,DRUGMATRIX: Sigma1 radioligand binding (ligand: [3H] Haloperidol),B,,,BAO_0000190,BAO_0000249,cell membrane format,NC[C@H]1CC[C@H](C(=O)O)CC1,,,CHEMBL1909046,,,,CHEMBL877,TRANEXAMIC ACID,CHEMBL877,,0,,1540234,,15,0,,,IC50,,,,CHEMBL287,Homo sapiens,Sigma opioid receptor,9606,,,IC50,,,,
,Not Active (inhibition < 50% @ 10 uM and thus dose-reponse curve not measured),7786887,[],CHEMBL1909110,DRUGMATRIX: Sigma1 radioligand binding (ligand: [3H] Haloperidol),B,,,BAO_0000190,BAO_0000249,cell membrane format,Nc1nc(N)c2nc(-c3ccccc3)c(N)nc2n1,,,CHEMBL1909046,,,,CHEMBL585,TRIAMTERENE,CHEMBL585,,0,,1540242,,15,0,,,IC50,,,,CHEMBL287,Homo sapiens,Sigma opioid receptor,9606,,,IC50,,,,
,Not Active (inhibition < 50% @ 10 uM and thus dose-reponse curve not measured),7787012,[],CHEMBL1909110,DRUGMATRIX: Sigma1 radioligand binding (ligand: [3H] Haloperidol),B,,,BAO_0000190,BAO_0000249,cell membrane format,CN1C(=O)OC(C)(C)C1=O,,,CHEMBL1909046,,,,CHEMBL695,TRIMETHADIONE,CHEMBL695,,0,,1540250,,15,0,,,IC50,,,,CHEMBL287,Homo sapiens,Sigma opioid receptor,9606,,,IC50,,,,
,Not Active (inhibition < 50% @ 10 uM and thus dose-reponse curve not measured),7787130,[],CHEMBL1909110,DRUGMATRIX: Sigma1 radioligand binding (ligand: [3H] Haloperidol),B,,,BAO_0000190,BAO_0000249,cell membrane format,N#CC(C#N)=Cc1ccc(O)c(O)c1,,,CHEMBL1909046,,,,CHEMBL76904,TYRPHOSTIN 23,CHEMBL76904,,0,,1540258,,15,0,,,IC50,,,,CHEMBL287,Homo sapiens,Sigma opioid receptor,9606,,,IC50,,,,
,Not Active (inhibition < 50% @ 10 uM and thus dose-reponse curve not measured),7787246,[],CHEMBL1909110,DRUGMATRIX: Sigma1 radioligand binding (ligand: [3H] Haloperidol),B,,,BAO_0000190,BAO_0000249,cell membrane format,CCCCC(=O)N(Cc1ccc(-c2ccccc2-c2nnn[nH]2)cc1)[C@H](C(=O)O)C(C)C,,,CHEMBL1909046,,,,CHEMBL1069,VALSARTAN,CHEMBL1069,,0,,1540266,,15,0,,,IC50,,,,CHEMBL287,Homo sapiens,Sigma opioid receptor,9606,,,IC50,,,,
,Not Active (inhibition < 50% @ 10 uM and thus dose-reponse curve not measured),7787366,[],CHEMBL1909110,DRUGMATRIX: Sigma1 radioligand binding (ligand: [3H] Haloperidol),B,,,BAO_0000190,BAO_0000249,cell membrane format,CCC1=C[C@@H]2CN(C1)Cc1c([nH]c3ccccc13)[C@@](C(=O)OC)(c1cc3c(cc1OC)N(C)[C@H]1[C@@](O)(C(=O)OC)[C@H](OC(C)=O)[C@]4(CC)C=CCN5CC[C@]31[C@@H]54)C2,,,CHEMBL1909046,,,,CHEMBL553025,VINORELBINE,CHEMBL553025,,0,,1540274,,15,0,,,IC50,,,,CHEMBL287,Homo sapiens,Sigma opioid receptor,9606,,,IC50,,,,
,Not Active (inhibition < 50% @ 10 uM and thus dose-reponse curve not measured),7787614,[],CHEMBL1909110,DRUGMATRIX: Sigma1 radioligand binding (ligand: [3H] Haloperidol),B,,,BAO_0000190,BAO_0000249,cell membrane format,Cc1cn([C@H]2C[C@H](N=[N+]=[N-])[C@@H](CO)O2)c(=O)[nH]c1=O,,,CHEMBL1909046,,,,CHEMBL129,ZIDOVUDINE,CHEMBL129,,0,,1540282,,15,0,,,IC50,,,,CHEMBL287,Homo sapiens,Sigma opioid receptor,9606,,,IC50,,,,
,Not Active (inhibition < 50% @ 10 uM and thus dose-reponse curve not measured),7788434,[],CHEMBL1909110,DRUGMATRIX: Sigma1 radioligand binding (ligand: [3H] Haloperidol),B,,,BAO_0000190,BAO_0000249,cell membrane format,O=c1ncn2nc(Sc3ccc(F)cc3F)ccc2c1-c1c(Cl)cccc1Cl,,,CHEMBL1909046,,,,CHEMBL119385,NEFLAMAPIMOD,CHEMBL119385,,0,,1540275,,15,0,,,IC50,,,,CHEMBL287,Homo sapiens,Sigma opioid receptor,9606,,,IC50,,,,
,Not Active (inhibition < 50% @ 10 uM and thus dose-reponse curve not measured),7788654,[],CHEMBL1909110,DRUGMATRIX: Sigma1 radioligand binding (ligand: [3H] Haloperidol),B,,,BAO_0000190,BAO_0000249,cell membrane format,COc1ccc(/C=C/C(=O)Nc2ccccc2C(=O)O)cc1OC,,,CHEMBL1909046,,,,CHEMBL415324,TRANILAST,CHEMBL415324,,0,,1540235,,15,0,,,IC50,,,,CHEMBL287,Homo sapiens,Sigma opioid receptor,9606,,,IC50,,,,
,Not Active (inhibition < 50% @ 10 uM and thus dose-reponse curve not measured),7788760,[],CHEMBL1909110,DRUGMATRIX: Sigma1 radioligand binding (ligand: [3H] Haloperidol),B,,,BAO_0000190,BAO_0000249,cell membrane format,O=C(Nc1ccc(Br)cc1)c1cc(Br)cc(Br)c1O,,,CHEMBL1909046,,,,CHEMBL24944,TRIBROMSALAN,CHEMBL24944,,0,,1540243,,15,0,,,IC50,,,,CHEMBL287,Homo sapiens,Sigma opioid receptor,9606,,,IC50,,,,
,Not Active (inhibition < 50% @ 10 uM and thus dose-reponse curve not measured),7788891,[],CHEMBL1909110,DRUGMATRIX: Sigma1 radioligand binding (ligand: [3H] Haloperidol),B,,,BAO_0000190,BAO_0000249,cell membrane format,Cc1cc2cc3c(C)cc(=O)oc3c(C)c2o1,,,CHEMBL1909046,,,,CHEMBL1475,TRIOXSALEN,CHEMBL1475,,0,,1540251,,15,0,,,IC50,,,,CHEMBL287,Homo sapiens,Sigma opioid receptor,9606,,,IC50,,,,
,Not Active (inhibition < 50% @ 10 uM and thus dose-reponse curve not measured),7788995,[],CHEMBL1909110,DRUGMATRIX: Sigma1 radioligand binding (ligand: [3H] Haloperidol),B,,,BAO_0000190,BAO_0000249,cell membrane format,Cc1c(C)c2c(c(C)c1O)CCC(C)(CN1CCN(c3cc(N4CCCC4)nc(N4CCCC4)n3)CC1)O2,,,CHEMBL1909046,,,,CHEMBL141343,,CHEMBL141343,,0,,1540259,,15,0,,,IC50,,,,CHEMBL287,Homo sapiens,Sigma opioid receptor,9606,,,IC50,,,,
,Not Active (inhibition < 50% @ 10 uM and thus dose-reponse curve not measured),7789129,[],CHEMBL1909110,DRUGMATRIX: Sigma1 radioligand binding (ligand: [3H] Haloperidol),B,,,BAO_0000190,BAO_0000249,cell membrane format,CN[C@H](CC(C)C)C(=O)N[C@H]1C(=O)N[C@@H](CC(N)=O)C(=O)N[C@H]2C(=O)N[C@H]3C(=O)N[C@H](C(=O)N[C@H](C(=O)O)c4cc(O)cc(O)c4-c4cc3ccc4O)[C@H](O)c3ccc(c(Cl)c3)Oc3cc2cc(c3O[C@@H]2O[C@H](CO)[C@@H](O)[C@H](O)[C@H]2O[C@H]2C[C@](C)(N)[C@H](O)[C@H](C)O2)Oc2ccc(cc2Cl)[C@H]1O,,,CHEMBL1909046,,,,CHEMBL262777,VANCOMYCIN,CHEMBL262777,,0,,1540267,,15,0,,,IC50,,,,CHEMBL287,Homo sapiens,Sigma opioid receptor,9606,,,IC50,,,,
,Not Active (inhibition < 50% @ 10 uM and thus dose-reponse curve not measured),7789484,[],CHEMBL1909110,DRUGMATRIX: Sigma1 radioligand binding (ligand: [3H] Haloperidol),B,,,BAO_0000190,BAO_0000249,cell membrane format,CC(c1cc2ccccc2s1)N(O)C(N)=O,,,CHEMBL1909046,,,,CHEMBL93,ZILEUTON,CHEMBL93,,0,,1540283,,15,0,,,IC50,,,,CHEMBL287,Homo sapiens,Sigma opioid receptor,9606,,,IC50,,,,
,Not Active (inhibition < 50% @ 10 uM and thus dose-reponse curve not measured),7790289,[],CHEMBL1909110,DRUGMATRIX: Sigma1 radioligand binding (ligand: [3H] Haloperidol),B,,,BAO_0000190,BAO_0000249,cell membrane format,CC(=O)CC(c1ccccc1)c1c(O)c2ccccc2oc1=O,,,CHEMBL1909046,,,,CHEMBL1464,WARFARIN,CHEMBL1464,,0,,1540276,,15,0,,,IC50,,,,CHEMBL287,Homo sapiens,Sigma opioid receptor,9606,,,IC50,,,,
,Not Active (inhibition < 50% @ 10 uM and thus dose-reponse curve not measured),7790507,[],CHEMBL1909110,DRUGMATRIX: Sigma1 radioligand binding (ligand: [3H] Haloperidol),B,,,BAO_0000190,BAO_0000249,cell membrane format,,,,CHEMBL1909046,,,,CHEMBL1386,TRANSPLATIN,CHEMBL1386,,0,,1540236,,15,0,,,IC50,,,,CHEMBL287,Homo sapiens,Sigma opioid receptor,9606,,,IC50,,,,
,Not Active (inhibition < 50% @ 10 uM and thus dose-reponse curve not measured),7790621,[],CHEMBL1909110,DRUGMATRIX: Sigma1 radioligand binding (ligand: [3H] Haloperidol),B,,,BAO_0000190,BAO_0000249,cell membrane format,NS(=O)(=O)c1cc2c(cc1Cl)NC(C(Cl)Cl)NS2(=O)=O,,,CHEMBL1909046,,,,CHEMBL1054,TRICHLORMETHIAZIDE,CHEMBL1054,,0,,1540244,,15,0,,,IC50,,,,CHEMBL287,Homo sapiens,Sigma opioid receptor,9606,,,IC50,,,,
,Not Active (inhibition < 50% @ 10 uM and thus dose-reponse curve not measured),7790747,[],CHEMBL1909110,DRUGMATRIX: Sigma1 radioligand binding (ligand: [3H] Haloperidol),B,,,BAO_0000190,BAO_0000249,cell membrane format,Cc1c(C)c2c(c(C)c1O)CCC(C)(COc1ccc(CC3SC(=O)NC3=O)cc1)O2,,,CHEMBL1909046,,,,CHEMBL408,TROGLITAZONE,CHEMBL408,,0,,1540252,,15,0,,,IC50,,,,CHEMBL287,Homo sapiens,Sigma opioid receptor,9606,,,IC50,,,,
,Not Active (inhibition < 50% @ 10 uM and thus dose-reponse curve not measured),7790851,[],CHEMBL1909110,DRUGMATRIX: Sigma1 radioligand binding (ligand: [3H] Haloperidol),B,,,BAO_0000190,BAO_0000249,cell membrane format,CC(C)C[C@H](NC(=O)[C@@H](O)[C@H](N)Cc1ccccc1)C(=O)O,,,CHEMBL1909046,,,,CHEMBL29292,UBENIMEX,CHEMBL29292,,0,,1540260,,15,0,,,IC50,,,,CHEMBL287,Homo sapiens,Sigma opioid receptor,9606,,,IC50,,,,
,Not Active (inhibition < 50% @ 10 uM and thus dose-reponse curve not measured),7790985,[],CHEMBL1909110,DRUGMATRIX: Sigma1 radioligand binding (ligand: [3H] Haloperidol),B,,,BAO_0000190,BAO_0000249,cell membrane format,CC(=O)O[C@H]1C[C@@H]2CC[C@@H]3[C@H](CC[C@@]4(C)[C@H]3C[C@H]([N+]3(C)CCCCC3)[C@@H]4OC(C)=O)[C@@]2(C)C[C@@H]1N1CCCCC1.[Br-],,,CHEMBL1909046,,,,CHEMBL1200629,VECURONIUM BROMIDE,CHEMBL1201219,,0,,1540268,,15,0,,,IC50,,,,CHEMBL287,Homo sapiens,Sigma opioid receptor,9606,,,IC50,,,,
,Not Active (inhibition < 50% @ 10 uM and thus dose-reponse curve not measured),7791338,[],CHEMBL1909110,DRUGMATRIX: Sigma1 radioligand binding (ligand: [3H] Haloperidol),B,,,BAO_0000190,BAO_0000249,cell membrane format,[Cl-].[Cl-].[Zn+2],,,CHEMBL1909046,,,,CHEMBL1200679,ZINC CHLORIDE,CHEMBL1200679,,0,,1540284,,15,0,,,IC50,,,,CHEMBL287,Homo sapiens,Sigma opioid receptor,9606,,,IC50,,,,
,Not Active (inhibition < 50% @ 10 uM and thus dose-reponse curve not measured),7792150,[],CHEMBL1909110,DRUGMATRIX: Sigma1 radioligand binding (ligand: [3H] Haloperidol),B,,,BAO_0000190,BAO_0000249,cell membrane format,C[C@@H](N)[C@H]1CC[C@H](C(=O)Nc2ccncc2)CC1,,,CHEMBL1909046,,,,CHEMBL559147,Y-27632,CHEMBL559147,,0,,1540277,,15,0,,,IC50,,,,CHEMBL287,Homo sapiens,Sigma opioid receptor,9606,,,IC50,,,,
,,7792351,[],CHEMBL1909110,DRUGMATRIX: Sigma1 radioligand binding (ligand: [3H] Haloperidol),B,,,BAO_0000190,BAO_0000249,cell membrane format,O=c1n(CCCN2CCN(c3cccc(Cl)c3)CC2)nc2ccccn12,,,CHEMBL1909046,,,"{'bei': '15.21', 'le': '0.30', 'lle': '3.30', 'sei': '12.36'}",CHEMBL621,TRAZODONE,CHEMBL621,5.66,0,http://www.openphacts.org/units/Nanomolar,1540237,=,15,1,=,,IC50,nM,,2203.0,CHEMBL287,Homo sapiens,Sigma opioid receptor,9606,,,IC50,uM,UO_0000065,,2.203
,Not Active (inhibition < 50% @ 10 uM and thus dose-reponse curve not measured),7792480,[],CHEMBL1909110,DRUGMATRIX: Sigma1 radioligand binding (ligand: [3H] Haloperidol),B,,,BAO_0000190,BAO_0000249,cell membrane format,O=C(O)C(Cl)(Cl)Cl,,,CHEMBL1909046,,,,CHEMBL14053,TRICHLOROACETIC ACID,CHEMBL14053,,0,,1540245,,15,0,,,IC50,,,,CHEMBL287,Homo sapiens,Sigma opioid receptor,9606,,,IC50,,,,
,Not Active (inhibition < 50% @ 10 uM and thus dose-reponse curve not measured),7792603,[],CHEMBL1909110,DRUGMATRIX: Sigma1 radioligand binding (ligand: [3H] Haloperidol),B,,,BAO_0000190,BAO_0000249,cell membrane format,NC(CO)(CO)CO,,,CHEMBL1909046,,,,CHEMBL1200391,TROMETHAMINE,CHEMBL1200391,,0,,1540253,,15,0,,,IC50,,,,CHEMBL287,Homo sapiens,Sigma opioid receptor,9606,,,IC50,,,,
,Not Active (inhibition < 50% @ 10 uM and thus dose-reponse curve not measured),7792707,[],CHEMBL1909110,DRUGMATRIX: Sigma1 radioligand binding (ligand: [3H] Haloperidol),B,,,BAO_0000190,BAO_0000249,cell membrane format,CCOC(N)=O,,,CHEMBL1909046,,,,CHEMBL462547,URETHANE,CHEMBL462547,,0,,1540261,,15,0,,,IC50,,,,CHEMBL287,Homo sapiens,Sigma opioid receptor,9606,,,IC50,,,,
,Not Active (inhibition < 50% @ 10 uM and thus dose-reponse curve not measured),7792840,[],CHEMBL1909110,DRUGMATRIX: Sigma1 radioligand binding (ligand: [3H] Haloperidol),B,,,BAO_0000190,BAO_0000249,cell membrane format,COc1ccc(C(CN(C)C)C2(O)CCCCC2)cc1,,,CHEMBL1909046,,,,CHEMBL637,VENLAFAXINE,CHEMBL637,,0,,1540269,,15,0,,,IC50,,,,CHEMBL287,Homo sapiens,Sigma opioid receptor,9606,,,IC50,,,,
,Not Active (inhibition < 50% @ 10 uM and thus dose-reponse curve not measured),7793209,[],CHEMBL1909110,DRUGMATRIX: Sigma1 radioligand binding (ligand: [3H] Haloperidol),B,,,BAO_0000190,BAO_0000249,cell membrane format,,,,CHEMBL1909046,,,,CHEMBL1909083,ZIRCONIUM(IV) CHLORIDE,CHEMBL1909083,,0,,1540285,,15,0,,,IC50,,,,CHEMBL287,Homo sapiens,Sigma opioid receptor,9606,,,IC50,,,,
,Not Active (inhibition < 50% @ 10 uM and thus dose-reponse curve not measured),7794018,[],CHEMBL1909110,DRUGMATRIX: Sigma1 radioligand binding (ligand: [3H] Haloperidol),B,,,BAO_0000190,BAO_0000249,cell membrane format,COC(=O)[C@@H]1[C@H]2C[C@H]3c4[nH]c5ccccc5c4CCN3C[C@@H]2CC[C@@H]1O,,,CHEMBL1909046,,,,CHEMBL15245,YOHIMBINE,CHEMBL15245,,0,,1540278,,15,0,,,IC50,,,,CHEMBL287,Homo sapiens,Sigma opioid receptor,9606,,,IC50,,,,
,Not Active (inhibition < 50% @ 10 uM and thus dose-reponse curve not measured),7794092,[],CHEMBL1909110,DRUGMATRIX: Sigma1 radioligand binding (ligand: [3H] Haloperidol),B,,,BAO_0000190,BAO_0000249,cell membrane format,CC1=C(/C=C/C(C)=C/C=C/C(C)=C/C(=O)O)C(C)(C)CCC1,,,CHEMBL1909046,,,,CHEMBL38,TRETINOIN,CHEMBL38,,0,,1540238,,15,0,,,IC50,,,,CHEMBL287,Homo sapiens,Sigma opioid receptor,9606,,,IC50,,,,
,Not Active (inhibition < 50% @ 10 uM and thus dose-reponse curve not measured),7794223,[],CHEMBL1909110,DRUGMATRIX: Sigma1 radioligand binding (ligand: [3H] Haloperidol),B,,,BAO_0000190,BAO_0000249,cell membrane format,CC(Cl)(Cl)Cl,,,CHEMBL1909046,,,,CHEMBL16080,TRICHLOROETHANE,CHEMBL16080,,0,,1540246,,15,0,,,IC50,,,,CHEMBL287,Homo sapiens,Sigma opioid receptor,9606,,,IC50,,,,
,Not Active (inhibition < 50% @ 10 uM and thus dose-reponse curve not measured),7794337,[],CHEMBL1909110,DRUGMATRIX: Sigma1 radioligand binding (ligand: [3H] Haloperidol),B,,,BAO_0000190,BAO_0000249,cell membrane format,CCN(Cc1ccncc1)C(=O)C(CO)c1ccccc1,,,CHEMBL1909046,,,,CHEMBL1200604,TROPICAMIDE,CHEMBL1200604,,0,,1540254,,15,0,,,IC50,,,,CHEMBL287,Homo sapiens,Sigma opioid receptor,9606,,,IC50,,,,
,Not Active (inhibition < 50% @ 10 uM and thus dose-reponse curve not measured),7794450,[],CHEMBL1909110,DRUGMATRIX: Sigma1 radioligand binding (ligand: [3H] Haloperidol),B,,,BAO_0000190,BAO_0000249,cell membrane format,CC(C)[C@H](N)C(=O)OCCOCn1cnc2c(=O)nc(N)[nH]c21,,,CHEMBL1909046,,,,CHEMBL1349,VALACYCLOVIR,CHEMBL1349,,0,,1540262,,15,0,,,IC50,,,,CHEMBL287,Homo sapiens,Sigma opioid receptor,9606,,,IC50,,,,
,Not Active (inhibition < 50% @ 10 uM and thus dose-reponse curve not measured),7794569,[],CHEMBL1909110,DRUGMATRIX: Sigma1 radioligand binding (ligand: [3H] Haloperidol),B,,,BAO_0000190,BAO_0000249,cell membrane format,COc1ccc(CCN(C)CCCC(C#N)(c2ccc(OC)c(OC)c2)C(C)C)cc1OC,,,CHEMBL1909046,,,,CHEMBL6966,VERAPAMIL,CHEMBL6966,,0,,1540270,,15,0,,,IC50,,,,CHEMBL287,Homo sapiens,Sigma opioid receptor,9606,,,IC50,,,,
,Not Active (inhibition < 50% @ 10 uM and thus dose-reponse curve not measured),7795445,[],CHEMBL1909110,DRUGMATRIX: Sigma1 radioligand binding (ligand: [3H] Haloperidol),B,,,BAO_0000190,BAO_0000249,cell membrane format,NC(=O)N1C(=O)/C(=C(\O)c2cccs2)c2cc(Cl)ccc21,,,CHEMBL1909046,,,,CHEMBL1908355,TENIDAP,CHEMBL1908355,,0,,1540198,,15,0,,,IC50,,,,CHEMBL287,Homo sapiens,Sigma opioid receptor,9606,,,IC50,,,,
,,7795506,[],CHEMBL1909110,DRUGMATRIX: Sigma1 radioligand binding (ligand: [3H] Haloperidol),B,,,BAO_0000190,BAO_0000249,cell membrane format,CCCCNc1ccc(C(=O)OCCN(C)C)cc1,,,CHEMBL1909046,,,"{'bei': '21.85', 'le': '0.42', 'lle': '3.16', 'sei': '13.90'}",CHEMBL698,TETRACAINE,CHEMBL698,5.78,0,http://www.openphacts.org/units/Nanomolar,1540206,=,15,1,=,,IC50,nM,,1673.0,CHEMBL287,Homo sapiens,Sigma opioid receptor,9606,,,IC50,uM,UO_0000065,,1.673
,Not Active (inhibition < 50% @ 10 uM and thus dose-reponse curve not measured),7795636,[],CHEMBL1909110,DRUGMATRIX: Sigma1 radioligand binding (ligand: [3H] Haloperidol),B,,,BAO_0000190,BAO_0000249,cell membrane format,O=C(O)CCCC[C@@H]1CCSS1,,,CHEMBL1909046,,,,CHEMBL134342,THIOCTIC ACID,CHEMBL134342,,0,,1540214,,15,0,,,IC50,,,,CHEMBL287,Homo sapiens,Sigma opioid receptor,9606,,,IC50,,,,
,Not Active (inhibition < 50% @ 10 uM and thus dose-reponse curve not measured),7796055,[],CHEMBL1909110,DRUGMATRIX: Sigma1 radioligand binding (ligand: [3H] Haloperidol),B,,,BAO_0000190,BAO_0000249,cell membrane format,CNC(=C[N+](=O)[O-])NCCSCc1ccc(CN(C)C)o1,,,CHEMBL1909046,,,,CHEMBL1790041,RANITIDINE,CHEMBL1790041,,0,,1540109,,15,0,,,IC50,,,,CHEMBL287,Homo sapiens,Sigma opioid receptor,9606,,,IC50,,,,
,Not Active (inhibition < 50% @ 10 uM and thus dose-reponse curve not measured),7796185,[],CHEMBL1909110,DRUGMATRIX: Sigma1 radioligand binding (ligand: [3H] Haloperidol),B,,,BAO_0000190,BAO_0000249,cell membrane format,Nc1nc2ccc(OC(F)(F)F)cc2s1,,,CHEMBL1909046,,,,CHEMBL744,RILUZOLE,CHEMBL744,,0,,1540117,,15,0,,,IC50,,,,CHEMBL287,Homo sapiens,Sigma opioid receptor,9606,,,IC50,,,,
,Not Active (inhibition < 50% @ 10 uM and thus dose-reponse curve not measured),7796888,[],CHEMBL1909110,DRUGMATRIX: Sigma1 radioligand binding (ligand: [3H] Haloperidol),B,,,BAO_0000190,BAO_0000249,cell membrane format,CC(=O)S[C@@H]1CC2=CC(=O)CC[C@]2(C)[C@H]2CC[C@@]3(C)[C@@H](CC[C@@]34CCC(=O)O4)[C@H]12,,,CHEMBL1909046,,,,CHEMBL1393,SPIRONOLACTONE,CHEMBL1393,,0,,1540158,,15,0,,,IC50,,,,CHEMBL287,Homo sapiens,Sigma opioid receptor,9606,,,IC50,,,,
,Not Active (inhibition < 50% @ 10 uM and thus dose-reponse curve not measured),7797023,[],CHEMBL1909110,DRUGMATRIX: Sigma1 radioligand binding (ligand: [3H] Haloperidol),B,,,BAO_0000190,BAO_0000249,cell membrane format,O=C1C[C@@H]2OCC=C3CN4CC[C@]56c7ccccc7N1[C@H]5[C@H]2[C@H]3C[C@H]46,,,CHEMBL1909046,,,,CHEMBL227934,STRYCHNINE,CHEMBL227934,,0,,1540166,,15,0,,,IC50,,,,CHEMBL287,Homo sapiens,Sigma opioid receptor,9606,,,IC50,,,,
,Not Active (inhibition < 50% @ 10 uM and thus dose-reponse curve not measured),7797140,[],CHEMBL1909110,DRUGMATRIX: Sigma1 radioligand binding (ligand: [3H] Haloperidol),B,,,BAO_0000190,BAO_0000249,cell membrane format,Cc1cc(C)nc(NS(=O)(=O)c2ccc(N)cc2)n1,,,CHEMBL1909046,,,,CHEMBL446,SULFAMETHAZINE,CHEMBL446,,0,,1540174,,15,0,,,IC50,,,,CHEMBL287,Homo sapiens,Sigma opioid receptor,9606,,,IC50,,,,
,Not Active (inhibition < 50% @ 10 uM and thus dose-reponse curve not measured),7797278,[],CHEMBL1909110,DRUGMATRIX: Sigma1 radioligand binding (ligand: [3H] Haloperidol),B,,,BAO_0000190,BAO_0000249,cell membrane format,Cc1noc(NS(=O)(=O)c2ccc(N)cc2)c1C,,,CHEMBL1909046,,,,CHEMBL453,SULFISOXAZOLE,CHEMBL453,,0,,1540182,,15,0,,,IC50,,,,CHEMBL287,Homo sapiens,Sigma opioid receptor,9606,,,IC50,,,,
,Not Active (inhibition < 50% @ 10 uM and thus dose-reponse curve not measured),7797366,[],CHEMBL1909110,DRUGMATRIX: Sigma1 radioligand binding (ligand: [3H] Haloperidol),B,,,BAO_0000190,BAO_0000249,cell membrane format,Nc1c2c(nc3ccccc13)CCCC2,,,CHEMBL1909046,,,,CHEMBL95,TACRINE,CHEMBL95,,0,,1540190,,15,0,,,IC50,,,,CHEMBL287,Homo sapiens,Sigma opioid receptor,9606,,,IC50,,,,
,Not Active (inhibition < 50% @ 10 uM and thus dose-reponse curve not measured),7797949,[],CHEMBL1909110,DRUGMATRIX: Sigma1 radioligand binding (ligand: [3H] Haloperidol),B,,,BAO_0000190,BAO_0000249,cell membrane format,C[C@@H]1C[C@H]2[C@@H]3CCC4=CC(=O)C=C[C@]4(C)C3=CC[C@]2(C)[C@H]1C(=O)CN1CCN(c2cc(N3CCCC3)nc(N3CCCC3)n2)CC1,,,CHEMBL1909046,,,,CHEMBL1630578,TIRILAZAD,CHEMBL1630578,,0,,1540223,,15,0,,,IC50,,,,CHEMBL287,Homo sapiens,Sigma opioid receptor,9606,,,IC50,,,,
,Not Active (inhibition < 50% @ 10 uM and thus dose-reponse curve not measured),7798090,[],CHEMBL1909110,DRUGMATRIX: Sigma1 radioligand binding (ligand: [3H] Haloperidol),B,,,BAO_0000190,BAO_0000249,cell membrane format,COc1cccc(C2(O)CCCCC2CN(C)C)c1,,,CHEMBL1909046,,,,CHEMBL1237044,TRAMADOL,CHEMBL1237044,,0,,1540233,,15,0,,,IC50,,,,CHEMBL287,Homo sapiens,Sigma opioid receptor,9606,,,IC50,,,,
,Not Active (inhibition < 50% @ 10 uM and thus dose-reponse curve not measured),7798540,[],CHEMBL1909110,DRUGMATRIX: Sigma1 radioligand binding (ligand: [3H] Haloperidol),B,,,BAO_0000190,BAO_0000249,cell membrane format,O=[N+]([O-])c1cc([As](=O)(O)O)ccc1O,,,CHEMBL1909046,,,,CHEMBL1321154,ROXARSONE,CHEMBL1321154,,0,,1540126,,15,0,,,IC50,,,,CHEMBL287,Homo sapiens,Sigma opioid receptor,9606,,,IC50,,,,
,Not Active (inhibition < 50% @ 10 uM and thus dose-reponse curve not measured),7798655,[],CHEMBL1909110,DRUGMATRIX: Sigma1 radioligand binding (ligand: [3H] Haloperidol),B,,,BAO_0000190,BAO_0000249,cell membrane format,NC(=O)c1ccccc1O,,,CHEMBL1909046,,,,CHEMBL27577,SALICYLAMIDE,CHEMBL27577,,0,,1540134,,15,0,,,IC50,,,,CHEMBL287,Homo sapiens,Sigma opioid receptor,9606,,,IC50,,,,
,Not Active (inhibition < 50% @ 10 uM and thus dose-reponse curve not measured),7798771,[],CHEMBL1909110,DRUGMATRIX: Sigma1 radioligand binding (ligand: [3H] Haloperidol),B,,,BAO_0000190,BAO_0000249,cell membrane format,C=CCC1(C(C)CCC)C(=O)NC(=O)NC1=O,,,CHEMBL1909046,,,,CHEMBL447,SECOBARBITAL,CHEMBL447,,0,,1540142,,15,0,,,IC50,,,,CHEMBL287,Homo sapiens,Sigma opioid receptor,9606,,,IC50,,,,
,Not Active (inhibition < 50% @ 10 uM and thus dose-reponse curve not measured),7798869,[],CHEMBL1909110,DRUGMATRIX: Sigma1 radioligand binding (ligand: [3H] Haloperidol),B,,,BAO_0000190,BAO_0000249,cell membrane format,O=[As][O-].[Na+],,,CHEMBL1909046,,,,CHEMBL1909078,SODIUM ARSENITE,CHEMBL1909222,,0,,1540150,,15,0,,,IC50,,,,CHEMBL287,Homo sapiens,Sigma opioid receptor,9606,,,IC50,,,,
,Not Active (inhibition < 50% @ 10 uM and thus dose-reponse curve not measured),7799672,[],CHEMBL1909110,DRUGMATRIX: Sigma1 radioligand binding (ligand: [3H] Haloperidol),B,,,BAO_0000190,BAO_0000249,cell membrane format,CN1C(C(=O)Nc2ccccn2)=C(O)c2sccc2S1(=O)=O,,,CHEMBL1909046,,,,CHEMBL302795,TENOXICAM,CHEMBL302795,,0,,1540199,,15,0,,,IC50,,,,CHEMBL287,Homo sapiens,Sigma opioid receptor,9606,,,IC50,,,,
,Not Active (inhibition < 50% @ 10 uM and thus dose-reponse curve not measured),7799737,[],CHEMBL1909110,DRUGMATRIX: Sigma1 radioligand binding (ligand: [3H] Haloperidol),B,,,BAO_0000190,BAO_0000249,cell membrane format,CN(C)[C@@H]1C(O)=C(C(N)=O)C(=O)[C@@]2(O)C(O)=C3C(=O)c4c(O)cccc4[C@@](C)(O)[C@H]3C[C@@H]12,,,CHEMBL1909046,,,,CHEMBL1440,TETRACYCLINE,CHEMBL1440,,0,,1540207,,15,0,,,IC50,,,,CHEMBL287,Homo sapiens,Sigma opioid receptor,9606,,,IC50,,,,
,Not Active (inhibition < 50% @ 10 uM and thus dose-reponse curve not measured),7799863,[],CHEMBL1909110,DRUGMATRIX: Sigma1 radioligand binding (ligand: [3H] Haloperidol),B,,,BAO_0000190,BAO_0000249,cell membrane format,Nc1nc2[nH]cnc2c(=S)[nH]1,,,CHEMBL1909046,,,,CHEMBL727,THIOGUANINE,CHEMBL727,,0,,1540215,,15,0,,,IC50,,,,CHEMBL287,Homo sapiens,Sigma opioid receptor,9606,,,IC50,,,,
,Not Active (inhibition < 50% @ 10 uM and thus dose-reponse curve not measured),7800215,[],CHEMBL1909110,DRUGMATRIX: Sigma1 radioligand binding (ligand: [3H] Haloperidol),B,,,BAO_0000190,BAO_0000249,cell membrane format,Cc1cccc(Nc2ccncc2S(=O)(=O)NC(=O)NC(C)C)c1,,,CHEMBL1909046,,,,CHEMBL1148,TORSEMIDE,CHEMBL1148,,0,,1540231,,15,0,,,IC50,,,,CHEMBL287,Homo sapiens,Sigma opioid receptor,9606,,,IC50,,,,
,Not Active (inhibition < 50% @ 10 uM and thus dose-reponse curve not measured),7800300,[],CHEMBL1909110,DRUGMATRIX: Sigma1 radioligand binding (ligand: [3H] Haloperidol),B,,,BAO_0000190,BAO_0000249,cell membrane format,CO[C@H]1C[C@@H]2CC[C@@H](C)[C@@](O)(O2)C(=O)C(=O)N2CCCC[C@H]2C(=O)O[C@H]([C@H](C)C[C@@H]2CC[C@@H](O)[C@H](OC)C2)CC(=O)[C@H](C)/C=C(\C)[C@@H](O)[C@@H](OC)C(=O)[C@H](C)C[C@H](C)/C=C/C=C/C=C/1C,,,CHEMBL1909046,,,,CHEMBL413,SIROLIMUS,CHEMBL413,,0,,1540110,,15,0,,,IC50,,,,CHEMBL287,Homo sapiens,Sigma opioid receptor,9606,,,IC50,,,,
,Not Active (inhibition < 50% @ 10 uM and thus dose-reponse curve not measured),7800434,[],CHEMBL1909110,DRUGMATRIX: Sigma1 radioligand binding (ligand: [3H] Haloperidol),B,,,BAO_0000190,BAO_0000249,cell membrane format,CC(N)C12CC3CC(CC(C3)C1)C2,,,CHEMBL1909046,,,,CHEMBL959,RIMANTADINE,CHEMBL959,,0,,1540118,,15,0,,,IC50,,,,CHEMBL287,Homo sapiens,Sigma opioid receptor,9606,,,IC50,,,,
,Not Active (inhibition < 50% @ 10 uM and thus dose-reponse curve not measured),7801141,[],CHEMBL1909110,DRUGMATRIX: Sigma1 radioligand binding (ligand: [3H] Haloperidol),B,,,BAO_0000190,BAO_0000249,cell membrane format,,,,CHEMBL1909046,,,,CHEMBL1909079,STANNOUS FLUORIDE,CHEMBL1909079,,0,,1540159,,15,0,,,IC50,,,,CHEMBL287,Homo sapiens,Sigma opioid receptor,9606,,,IC50,,,,
,Not Active (inhibition < 50% @ 10 uM and thus dose-reponse curve not measured),7801276,[],CHEMBL1909110,DRUGMATRIX: Sigma1 radioligand binding (ligand: [3H] Haloperidol),B,,,BAO_0000190,BAO_0000249,cell membrane format,CC1(C)[C@H](C(=O)O)N2C(=O)C[C@H]2S1(=O)=O,,,CHEMBL1909046,,,,CHEMBL403,SULBACTAM,CHEMBL403,,0,,1540167,,15,0,,,IC50,,,,CHEMBL287,Homo sapiens,Sigma opioid receptor,9606,,,IC50,,,,
,Not Active (inhibition < 50% @ 10 uM and thus dose-reponse curve not measured),7801399,[],CHEMBL1909110,DRUGMATRIX: Sigma1 radioligand binding (ligand: [3H] Haloperidol),B,,,BAO_0000190,BAO_0000249,cell membrane format,Cc1nnc(NS(=O)(=O)c2ccc(N)cc2)s1,,,CHEMBL1909046,,,,CHEMBL1191,SULFAMETHIZOLE,CHEMBL1191,,0,,1540175,,15,0,,,IC50,,,,CHEMBL287,Homo sapiens,Sigma opioid receptor,9606,,,IC50,,,,
,Not Active (inhibition < 50% @ 10 uM and thus dose-reponse curve not measured),7801536,[],CHEMBL1909110,DRUGMATRIX: Sigma1 radioligand binding (ligand: [3H] Haloperidol),B,,,BAO_0000190,BAO_0000249,cell membrane format,CC1=C(CC(=O)O)c2cc(F)ccc2/C1=C\c1ccc([S+](C)[O-])cc1,,,CHEMBL1909046,,,,CHEMBL15770,SULINDAC,CHEMBL15770,,0,,1540183,,15,0,,,IC50,,,,CHEMBL287,Homo sapiens,Sigma opioid receptor,9606,,,IC50,,,,
,Not Active (inhibition < 50% @ 10 uM and thus dose-reponse curve not measured),7801625,[],CHEMBL1909110,DRUGMATRIX: Sigma1 radioligand binding (ligand: [3H] Haloperidol),B,,,BAO_0000190,BAO_0000249,cell membrane format,C=CC[C@@H]1/C=C(\C)C[C@H](C)C[C@H](OC)[C@H]2O[C@@](O)(C(=O)C(=O)N3CCCC[C@H]3C(=O)O[C@H](/C(C)=C/[C@@H]3CC[C@@H](O)[C@H](OC)C3)[C@H](C)[C@@H](O)CC1=O)[C@H](C)C[C@@H]2OC,,,CHEMBL1909046,,,,CHEMBL269732,TACROLIMUS ANHYDROUS,CHEMBL269732,,0,,1540191,,15,0,,,IC50,,,,CHEMBL287,Homo sapiens,Sigma opioid receptor,9606,,,IC50,,,,
,,7802139,[],CHEMBL1909110,DRUGMATRIX: Sigma1 radioligand binding (ligand: [3H] Haloperidol),B,,,BAO_0000190,BAO_0000249,cell membrane format,CSc1ccc2c(c1)N(CCC1CCCCN1C)c1ccccc1S2,,,CHEMBL1909046,,,"{'bei': '17.38', 'le': '0.35', 'lle': '0.55', 'sei': '99.38'}",CHEMBL479,THIORIDAZINE,CHEMBL479,6.44,0,http://www.openphacts.org/units/Nanomolar,1540216,=,15,1,=,,IC50,nM,,363.0,CHEMBL287,Homo sapiens,Sigma opioid receptor,9606,,,IC50,uM,UO_0000065,,0.363
,Not Active (inhibition < 50% @ 10 uM and thus dose-reponse curve not measured),7802246,[],CHEMBL1909110,DRUGMATRIX: Sigma1 radioligand binding (ligand: [3H] Haloperidol),B,,,BAO_0000190,BAO_0000249,cell membrane format,NC[C@H]1O[C@H](O[C@H]2[C@H](O)[C@@H](O[C@H]3O[C@H](CO)[C@@H](O)[C@H](N)[C@H]3O)[C@H](N)C[C@@H]2N)[C@H](N)C[C@@H]1O,,,CHEMBL1909046,,,,CHEMBL1747,TOBRAMYCIN,CHEMBL1747,,0,,1540224,,15,0,,,IC50,,,,CHEMBL287,Homo sapiens,Sigma opioid receptor,9606,,,IC50,,,,
,Not Active (inhibition < 50% @ 10 uM and thus dose-reponse curve not measured),7802835,[],CHEMBL1909110,DRUGMATRIX: Sigma1 radioligand binding (ligand: [3H] Haloperidol),B,,,BAO_0000190,BAO_0000249,cell membrane format,CC[C@H]1OC(=O)[C@H](C)[C@@H](O[C@H]2C[C@@](C)(OC)[C@@H](O)[C@H](C)O2)[C@H](C)[C@@H](O[C@@H]2O[C@H](C)C[C@H](N(C)C)[C@H]2O)[C@](C)(O)C[C@@H](C)/C(=N\OCOCCOC)[C@H](C)[C@@H](O)[C@]1(C)O,,,CHEMBL1909046,,,,CHEMBL1214185,ROXITHROMYCIN,CHEMBL1214185,,0,,1540127,,15,0,,,IC50,,,,CHEMBL287,Homo sapiens,Sigma opioid receptor,9606,,,IC50,,,,
,Not Active (inhibition < 50% @ 10 uM and thus dose-reponse curve not measured),7802952,[],CHEMBL1909110,DRUGMATRIX: Sigma1 radioligand binding (ligand: [3H] Haloperidol),B,,,BAO_0000190,BAO_0000249,cell membrane format,O=C(O)c1ccccc1O,,,CHEMBL1909046,,,,CHEMBL424,SALICYLIC ACID,CHEMBL424,,0,,1540135,,15,0,,,IC50,,,,CHEMBL287,Homo sapiens,Sigma opioid receptor,9606,,,IC50,,,,
,Not Active (inhibition < 50% @ 10 uM and thus dose-reponse curve not measured),7803062,[],CHEMBL1909110,DRUGMATRIX: Sigma1 radioligand binding (ligand: [3H] Haloperidol),B,,,BAO_0000190,BAO_0000249,cell membrane format,C#CCN(C)[C@H](C)Cc1ccccc1,,,CHEMBL1909046,,,,CHEMBL972,SELEGILINE,CHEMBL972,,0,,1540143,,15,0,,,IC50,,,,CHEMBL287,Homo sapiens,Sigma opioid receptor,9606,,,IC50,,,,
,Not Active (inhibition < 50% @ 10 uM and thus dose-reponse curve not measured),7803165,[],CHEMBL1909110,DRUGMATRIX: Sigma1 radioligand binding (ligand: [3H] Haloperidol),B,,,BAO_0000190,BAO_0000249,cell membrane format,,,,CHEMBL1909046,,,,CHEMBL136478,SODIUM NITROPRUSSIDE,CHEMBL2097081,,0,,1540151,,15,0,,,IC50,,,,CHEMBL287,Homo sapiens,Sigma opioid receptor,9606,,,IC50,,,,
,,7803902,[],CHEMBL1909110,DRUGMATRIX: Sigma1 radioligand binding (ligand: [3H] Haloperidol),B,,,BAO_0000190,BAO_0000249,cell membrane format,CC/C(=C(\c1ccccc1)c1ccc(OCCN(C)C)cc1)c1ccccc1,,,CHEMBL1909046,,,"{'bei': '20.67', 'le': '0.37', 'lle': '1.68', 'sei': '61.57'}",CHEMBL83,TAMOXIFEN,CHEMBL83,7.68,0,http://www.openphacts.org/units/Nanomolar,1540192,=,15,1,=,,IC50,nM,,21.0,CHEMBL287,Homo sapiens,Sigma opioid receptor,9606,,,IC50,uM,UO_0000065,,0.021
,Not Active (inhibition < 50% @ 10 uM and thus dose-reponse curve not measured),7804019,[],CHEMBL1909110,DRUGMATRIX: Sigma1 radioligand binding (ligand: [3H] Haloperidol),B,,,BAO_0000190,BAO_0000249,cell membrane format,COc1cc2nc(N3CCN(C(=O)C4CCCO4)CC3)nc(N)c2cc1OC,,,CHEMBL1909046,,,,CHEMBL611,TERAZOSIN,CHEMBL611,,0,,1540200,,15,0,,,IC50,,,,CHEMBL287,Homo sapiens,Sigma opioid receptor,9606,,,IC50,,,,
,Not Active (inhibition < 50% @ 10 uM and thus dose-reponse curve not measured),7804088,[],CHEMBL1909110,DRUGMATRIX: Sigma1 radioligand binding (ligand: [3H] Haloperidol),B,,,BAO_0000190,BAO_0000249,cell membrane format,O=C1CCC(N2C(=O)c3ccccc3C2=O)C(=O)N1,,,CHEMBL1909046,,,,CHEMBL468,THALIDOMIDE,CHEMBL468,,0,,1540208,,15,0,,,IC50,,,,CHEMBL287,Homo sapiens,Sigma opioid receptor,9606,,,IC50,,,,
,Not Active (inhibition < 50% @ 10 uM and thus dose-reponse curve not measured),7804548,[],CHEMBL1909110,DRUGMATRIX: Sigma1 radioligand binding (ligand: [3H] Haloperidol),B,,,BAO_0000190,BAO_0000249,cell membrane format,NC1CCN(c2nc3c(cc2F)c(=O)c(C(=O)O)cn3-c2ccc(F)cc2F)C1,,,CHEMBL1909046,,,,CHEMBL273348,TOSUFLOXACIN,CHEMBL273348,,0,,1540232,,15,0,,,IC50,,,,CHEMBL287,Homo sapiens,Sigma opioid receptor,9606,,,IC50,,,,
,Not Active (inhibition < 50% @ 10 uM and thus dose-reponse curve not measured),7804628,[],CHEMBL1909110,DRUGMATRIX: Sigma1 radioligand binding (ligand: [3H] Haloperidol),B,,,BAO_0000190,BAO_0000249,cell membrane format,COC(=O)[C@H]1[C@H]2C[C@@H]3c4[nH]c5cc(OC)ccc5c4CCN3C[C@H]2C[C@@H](OC(=O)c2cc(OC)c(OC)c(OC)c2)[C@@H]1OC,,,CHEMBL1909046,,,,CHEMBL772,RESERPINE,CHEMBL772,,0,,1540111,,15,0,,,IC50,,,,CHEMBL287,Homo sapiens,Sigma opioid receptor,9606,,,IC50,,,,
,Not Active (inhibition < 50% @ 10 uM and thus dose-reponse curve not measured),7804771,[],CHEMBL1909110,DRUGMATRIX: Sigma1 radioligand binding (ligand: [3H] Haloperidol),B,,,BAO_0000190,BAO_0000249,cell membrane format,O=P(O)(O)C(O)(Cc1cccnc1)P(=O)(O)O,,,CHEMBL1909046,,,,CHEMBL923,RISEDRONIC ACID,CHEMBL923,,0,,1540119,,15,0,,,IC50,,,,CHEMBL287,Homo sapiens,Sigma opioid receptor,9606,,,IC50,,,,
,Not Active (inhibition < 50% @ 10 uM and thus dose-reponse curve not measured),7805493,[],CHEMBL1909110,DRUGMATRIX: Sigma1 radioligand binding (ligand: [3H] Haloperidol),B,,,BAO_0000190,BAO_0000249,cell membrane format,C[C@]12CCC(=O)C[C@@H]1CC[C@@H]1[C@@H]2CC[C@]2(C)[C@@H](O)CC[C@@H]12,,,CHEMBL1909046,,,,CHEMBL27769,STANOLONE,CHEMBL27769,,0,,1540160,,15,0,,,IC50,,,,CHEMBL287,Homo sapiens,Sigma opioid receptor,9606,,,IC50,,,,
,Not Active (inhibition < 50% @ 10 uM and thus dose-reponse curve not measured),7805612,[],CHEMBL1909110,DRUGMATRIX: Sigma1 radioligand binding (ligand: [3H] Haloperidol),B,,,BAO_0000190,BAO_0000249,cell membrane format,Clc1ccc(CSC(Cn2ccnc2)c2ccc(Cl)cc2Cl)cc1,,,CHEMBL1909046,,,,CHEMBL1221,SULCONAZOLE,CHEMBL1221,,0,,1540168,,15,0,,,IC50,,,,CHEMBL287,Homo sapiens,Sigma opioid receptor,9606,,,IC50,,,,
,Not Active (inhibition < 50% @ 10 uM and thus dose-reponse curve not measured),7805758,[],CHEMBL1909110,DRUGMATRIX: Sigma1 radioligand binding (ligand: [3H] Haloperidol),B,,,BAO_0000190,BAO_0000249,cell membrane format,Cc1cc(NS(=O)(=O)c2ccc(N)cc2)no1,,,CHEMBL1909046,,,,CHEMBL443,SULFAMETHOXAZOLE,CHEMBL443,,0,,1540176,,15,0,,,IC50,,,,CHEMBL287,Homo sapiens,Sigma opioid receptor,9606,,,IC50,,,,
,Not Active (inhibition < 50% @ 10 uM and thus dose-reponse curve not measured),7805886,[],CHEMBL1909110,DRUGMATRIX: Sigma1 radioligand binding (ligand: [3H] Haloperidol),B,,,BAO_0000190,BAO_0000249,cell membrane format,CSc1ccc(/C=C2/C(C)=C(CC(=O)O)c3cc(F)ccc32)cc1,,,CHEMBL1909046,,,,CHEMBL18797,SULINDAC SULFIDE,CHEMBL18797,,0,,1540184,,15,0,,,IC50,,,,CHEMBL287,Homo sapiens,Sigma opioid receptor,9606,,,IC50,,,,
,Not Active (inhibition < 50% @ 10 uM and thus dose-reponse curve not measured),7806453,[],CHEMBL1909110,DRUGMATRIX: Sigma1 radioligand binding (ligand: [3H] Haloperidol),B,,,BAO_0000190,BAO_0000249,cell membrane format,CCN(CC)CCNC(=O)c1cc(S(C)(=O)=O)ccc1OC,,,CHEMBL1909046,,,,CHEMBL84158,TIAPRIDE,CHEMBL84158,,0,,1540217,,15,0,,,IC50,,,,CHEMBL287,Homo sapiens,Sigma opioid receptor,9606,,,IC50,,,,
,Not Active (inhibition < 50% @ 10 uM and thus dose-reponse curve not measured),7806563,[],CHEMBL1909110,DRUGMATRIX: Sigma1 radioligand binding (ligand: [3H] Haloperidol),B,,,BAO_0000190,BAO_0000249,cell membrane format,Cc1cccc(C)c1NC(=O)C(C)N,,,CHEMBL1909046,,,,CHEMBL1762,TOCAINIDE,CHEMBL1762,,0,,1540225,,15,0,,,IC50,,,,CHEMBL287,Homo sapiens,Sigma opioid receptor,9606,,,IC50,,,,
,Not Active (inhibition < 50% @ 10 uM and thus dose-reponse curve not measured),7807155,[],CHEMBL1909110,DRUGMATRIX: Sigma1 radioligand binding (ligand: [3H] Haloperidol),B,,,BAO_0000190,BAO_0000249,cell membrane format,COc1cc(N)[nH]c2nc(-c3ccc(F)cc3)c(-c3ccncc3)c1-2,,,CHEMBL1909046,,,,CHEMBL115769,,CHEMBL115769,,0,,1540128,,15,0,,,IC50,,,,CHEMBL287,Homo sapiens,Sigma opioid receptor,9606,,,IC50,,,,
,Not Active (inhibition < 50% @ 10 uM and thus dose-reponse curve not measured),7807281,[],CHEMBL1909110,DRUGMATRIX: Sigma1 radioligand binding (ligand: [3H] Haloperidol),B,,,BAO_0000190,BAO_0000249,cell membrane format,CC[C@@H](C(=O)[C@@H](C)[C@@H](O)[C@H](C)[C@@H]1O[C@@H]([C@@H](CC)C(=O)O)CC[C@@H]1C)[C@H]1O[C@]2(C=C[C@@H](O)[C@]3(CC[C@@](C)([C@H]4CC[C@](O)(CC)[C@H](C)O4)O3)O2)[C@H](C)C[C@@H]1C,,,CHEMBL1909046,,,,CHEMBL1208572,SALINOMYCIN,CHEMBL1208572,,0,,1540136,,15,0,,,IC50,,,,CHEMBL287,Homo sapiens,Sigma opioid receptor,9606,,,IC50,,,,
,Not Active (inhibition < 50% @ 10 uM and thus dose-reponse curve not measured),7807388,[],CHEMBL1909110,DRUGMATRIX: Sigma1 radioligand binding (ligand: [3H] Haloperidol),B,,,BAO_0000190,BAO_0000249,cell membrane format,CC1CCC(NC(=O)N(CCCl)N=O)CC1,,,CHEMBL1909046,,,,CHEMBL12948,SEMUSTINE,CHEMBL12948,,0,,1540144,,15,0,,,IC50,,,,CHEMBL287,Homo sapiens,Sigma opioid receptor,9606,,,IC50,,,,
,Not Active (inhibition < 50% @ 10 uM and thus dose-reponse curve not measured),7807495,[],CHEMBL1909110,DRUGMATRIX: Sigma1 radioligand binding (ligand: [3H] Haloperidol),B,,,BAO_0000190,BAO_0000249,cell membrane format,,,,CHEMBL1909046,,,,CHEMBL179166,SODIUM ORTHOVANAD,CHEMBL179166,,0,,1540152,,15,0,,,IC50,,,,CHEMBL287,Homo sapiens,Sigma opioid receptor,9606,,,IC50,,,,
,Not Active (inhibition < 50% @ 10 uM and thus dose-reponse curve not measured),7808174,[],CHEMBL1909110,DRUGMATRIX: Sigma1 radioligand binding (ligand: [3H] Haloperidol),B,,,BAO_0000190,BAO_0000249,cell membrane format,O=C(OC[C@H]1O[C@@H](OC(=O)c2cc(O)c(O)c(OC(=O)c3cc(O)c(O)c(O)c3)c2)[C@H](OC(=O)c2cc(O)c(O)c(OC(=O)c3cc(O)c(O)c(O)c3)c2)[C@@H](OC(=O)c2cc(O)c(O)c(OC(=O)c3cc(O)c(O)c(O)c3)c2)[C@@H]1OC(=O)c1cc(O)c(O)c(OC(=O)c2cc(O)c(O)c(O)c2)c1)c1cc(O)c(O)c(OC(=O)c2cc(O)c(O)c(O)c2)c1,,,CHEMBL1909046,,,,CHEMBL506247,TANNIC ACID,CHEMBL506247,,0,,1540193,,15,0,,,IC50,,,,CHEMBL287,Homo sapiens,Sigma opioid receptor,9606,,,IC50,,,,
,,7808303,[],CHEMBL1909110,DRUGMATRIX: Sigma1 radioligand binding (ligand: [3H] Haloperidol),B,,,BAO_0000190,BAO_0000249,cell membrane format,CN(C/C=C/C#CC(C)(C)C)Cc1cccc2ccccc12,,,CHEMBL1909046,,,"{'bei': '21.45', 'le': '0.39', 'lle': '1.37', 'sei': '192.95'}",CHEMBL822,TERBINAFINE,CHEMBL822,6.25,0,http://www.openphacts.org/units/Nanomolar,1540201,=,15,1,=,,IC50,nM,,560.2,CHEMBL287,Homo sapiens,Sigma opioid receptor,9606,,,IC50,uM,UO_0000065,,0.5602
,Not Active (inhibition < 50% @ 10 uM and thus dose-reponse curve not measured),7808374,[],CHEMBL1909110,DRUGMATRIX: Sigma1 radioligand binding (ligand: [3H] Haloperidol),B,,,BAO_0000190,BAO_0000249,cell membrane format,Cn1c(=O)c2[nH]cnc2n(C)c1=O,,,CHEMBL1909046,,,,CHEMBL190,THEOPHYLLINE,CHEMBL190,,0,,1540209,,15,0,,,IC50,,,,CHEMBL287,Homo sapiens,Sigma opioid receptor,9606,,,IC50,,,,
,,7808827,[],CHEMBL1909110,DRUGMATRIX: Sigma1 radioligand binding (ligand: [3H] Haloperidol),B,,,BAO_0000190,BAO_0000249,cell membrane format,CC(C)NC[C@@H](O)COc1cccc2ccccc12,,,CHEMBL1909046,,,"{'bei': '20.82', 'le': '0.39', 'lle': '2.82', 'sei': '13.02'}",CHEMBL275742,DEXPROPRANOLOL,CHEMBL275742,5.40,0,http://www.openphacts.org/units/Nanomolar,1540104,=,15,1,=,,IC50,nM,,3974.0,CHEMBL287,Homo sapiens,Sigma opioid receptor,9606,,,IC50,uM,UO_0000065,,3.974
,Not Active (inhibition < 50% @ 10 uM and thus dose-reponse curve not measured),7808913,[],CHEMBL1909110,DRUGMATRIX: Sigma1 radioligand binding (ligand: [3H] Haloperidol),B,,,BAO_0000190,BAO_0000249,cell membrane format,Oc1ccc(/C=C/c2cc(O)cc(O)c2)cc1,,,CHEMBL1909046,,,,CHEMBL165,RESVERATROL,CHEMBL165,,0,,1540112,,15,0,,,IC50,,,,CHEMBL287,Homo sapiens,Sigma opioid receptor,9606,,,IC50,,,,
,Not Active (inhibition < 50% @ 10 uM and thus dose-reponse curve not measured),7809035,[],CHEMBL1909110,DRUGMATRIX: Sigma1 radioligand binding (ligand: [3H] Haloperidol),B,,,BAO_0000190,BAO_0000249,cell membrane format,Cc1nc2n(c(=O)c1CCN1CCC(c3noc4cc(F)ccc34)CC1)CCCC2,,,CHEMBL1909046,,,,CHEMBL85,RISPERIDONE,CHEMBL85,,0,,1540120,,15,0,,,IC50,,,,CHEMBL287,Homo sapiens,Sigma opioid receptor,9606,,,IC50,,,,
,Not Active (inhibition < 50% @ 10 uM and thus dose-reponse curve not measured),7809773,[],CHEMBL1909110,DRUGMATRIX: Sigma1 radioligand binding (ligand: [3H] Haloperidol),B,,,BAO_0000190,BAO_0000249,cell membrane format,C[C@]12Cc3c[nH]nc3C[C@@H]1CC[C@@H]1[C@@H]2CC[C@@]2(C)[C@H]1CC[C@]2(C)O,,,CHEMBL1909046,,,,CHEMBL2079587,STANOZOLOL,CHEMBL2079587,,0,,1540161,,15,0,,,IC50,,,,CHEMBL287,Homo sapiens,Sigma opioid receptor,9606,,,IC50,,,,
,Not Active (inhibition < 50% @ 10 uM and thus dose-reponse curve not measured),7809889,[],CHEMBL1909110,DRUGMATRIX: Sigma1 radioligand binding (ligand: [3H] Haloperidol),B,,,BAO_0000190,BAO_0000249,cell membrane format,Nc1ccc(S(=O)(=O)NC(=O)c2ccccc2)cc1,,,CHEMBL1909046,,,,CHEMBL1243,SULFABENZAMIDE,CHEMBL1243,,0,,1540169,,15,0,,,IC50,,,,CHEMBL287,Homo sapiens,Sigma opioid receptor,9606,,,IC50,,,,
,Not Active (inhibition < 50% @ 10 uM and thus dose-reponse curve not measured),7810035,[],CHEMBL1909110,DRUGMATRIX: Sigma1 radioligand binding (ligand: [3H] Haloperidol),B,,,BAO_0000190,BAO_0000249,cell membrane format,Nc1ccc(S(N)(=O)=O)cc1,,,CHEMBL1909046,,,,CHEMBL21,SULFANILAMIDE,CHEMBL21,,0,,1540177,,15,0,,,IC50,,,,CHEMBL287,Homo sapiens,Sigma opioid receptor,9606,,,IC50,,,,
,Not Active (inhibition < 50% @ 10 uM and thus dose-reponse curve not measured),7810158,[],CHEMBL1909110,DRUGMATRIX: Sigma1 radioligand binding (ligand: [3H] Haloperidol),B,,,BAO_0000190,BAO_0000249,cell membrane format,CC1=C(CC(=O)O)c2cc(F)ccc2/C1=C\c1ccc(S(C)(=O)=O)cc1,,,CHEMBL1909046,,,,CHEMBL488025,EXISULIND,CHEMBL488025,,0,,1540185,,15,0,,,IC50,,,,CHEMBL287,Homo sapiens,Sigma opioid receptor,9606,,,IC50,,,,
,Not Active (inhibition < 50% @ 10 uM and thus dose-reponse curve not measured),7810728,[],CHEMBL1909110,DRUGMATRIX: Sigma1 radioligand binding (ligand: [3H] Haloperidol),B,,,BAO_0000190,BAO_0000249,cell membrane format,C#C[C@]1(O)CC[C@H]2[C@@H]3[C@H](C)CC4=C(CCC(=O)C4)[C@H]3CC[C@@]21C,,,CHEMBL1909046,,,,CHEMBL2103774,TIBOLONE,CHEMBL2103774,,0,,1540218,,15,0,,,IC50,,,,CHEMBL287,Homo sapiens,Sigma opioid receptor,9606,,,IC50,,,,
,Not Active (inhibition < 50% @ 10 uM and thus dose-reponse curve not measured),7810847,[],CHEMBL1909110,DRUGMATRIX: Sigma1 radioligand binding (ligand: [3H] Haloperidol),B,,,BAO_0000190,BAO_0000249,cell membrane format,Cc1ccc(S(=O)(=O)NC(=O)NN2CCCCCC2)cc1,,,CHEMBL1909046,,,,CHEMBL817,TOLAZAMIDE,CHEMBL817,,0,,1540226,,15,0,,,IC50,,,,CHEMBL287,Homo sapiens,Sigma opioid receptor,9606,,,IC50,,,,
,,7811426,[],CHEMBL1909110,DRUGMATRIX: Sigma1 radioligand binding (ligand: [3H] Haloperidol),B,,,BAO_0000190,BAO_0000249,cell membrane format,CC(C)NC[C@H](O)COc1cccc2ccccc12,,,CHEMBL1909046,,,"{'bei': '19.96', 'le': '0.37', 'lle': '2.60', 'sei': '12.48'}",CHEMBL452861,(-)-PROPANOLOL ,CHEMBL452861,5.18,0,http://www.openphacts.org/units/Nanomolar,1540129,=,15,1,=,,IC50,nM,,6665.0,CHEMBL287,Homo sapiens,Sigma opioid receptor,9606,,,IC50,uM,UO_0000065,,6.665
,Not Active (inhibition < 50% @ 10 uM and thus dose-reponse curve not measured),7811565,[],CHEMBL1909110,DRUGMATRIX: Sigma1 radioligand binding (ligand: [3H] Haloperidol),B,,,BAO_0000190,BAO_0000249,cell membrane format,O=C(Oc1ccccc1C(=O)O)c1ccccc1O,,,CHEMBL1909046,,,,CHEMBL154111,SALSALATE,CHEMBL154111,,0,,1540137,,15,0,,,IC50,,,,CHEMBL287,Homo sapiens,Sigma opioid receptor,9606,,,IC50,,,,
,,7811654,[],CHEMBL1909110,DRUGMATRIX: Sigma1 radioligand binding (ligand: [3H] Haloperidol),B,,,BAO_0000190,BAO_0000249,cell membrane format,CN[C@H]1CC[C@@H](c2ccc(Cl)c(Cl)c2)c2ccccc21,,,CHEMBL1909046,,,"{'bei': '23.37', 'le': '0.49', 'lle': '1.98', 'sei': '59.49'}",CHEMBL809,SERTRALINE,CHEMBL809,7.16,0,http://www.openphacts.org/units/Nanomolar,1540145,=,15,1,=,,IC50,nM,,69.7,CHEMBL287,Homo sapiens,Sigma opioid receptor,9606,,,IC50,uM,UO_0000065,,0.0697
,Not Active (inhibition < 50% @ 10 uM and thus dose-reponse curve not measured),7811787,[],CHEMBL1909110,DRUGMATRIX: Sigma1 radioligand binding (ligand: [3H] Haloperidol),B,,,BAO_0000190,BAO_0000249,cell membrane format,CC(C)NCC(O)c1ccc(NS(C)(=O)=O)cc1,,,CHEMBL1909046,,,,CHEMBL471,SOTALOL,CHEMBL471,,0,,1540153,,15,0,,,IC50,,,,CHEMBL287,Homo sapiens,Sigma opioid receptor,9606,,,IC50,,,,
,Not Active (inhibition < 50% @ 10 uM and thus dose-reponse curve not measured),7812464,[],CHEMBL1909110,DRUGMATRIX: Sigma1 radioligand binding (ligand: [3H] Haloperidol),B,,,BAO_0000190,BAO_0000249,cell membrane format,C[C@]1(Cn2ccnn2)[C@H](C(=O)O)N2C(=O)C[C@H]2S1(=O)=O,,,CHEMBL1909046,,,,CHEMBL404,TAZOBACTAM,CHEMBL404,,0,,1540194,,15,0,,,IC50,,,,CHEMBL287,Homo sapiens,Sigma opioid receptor,9606,,,IC50,,,,
,Not Active (inhibition < 50% @ 10 uM and thus dose-reponse curve not measured),7812590,[],CHEMBL1909110,DRUGMATRIX: Sigma1 radioligand binding (ligand: [3H] Haloperidol),B,,,BAO_0000190,BAO_0000249,cell membrane format,CC(C)(C)NCC(O)c1cc(O)cc(O)c1,,,CHEMBL1909046,,,,CHEMBL1760,TERBUTALINE,CHEMBL1760,,0,,1540202,,15,0,,,IC50,,,,CHEMBL287,Homo sapiens,Sigma opioid receptor,9606,,,IC50,,,,
,Not Active (inhibition < 50% @ 10 uM and thus dose-reponse curve not measured),7812673,[],CHEMBL1909110,DRUGMATRIX: Sigma1 radioligand binding (ligand: [3H] Haloperidol),B,,,BAO_0000190,BAO_0000249,cell membrane format,c1ccc2[nH]c(-c3cscn3)nc2c1,,,CHEMBL1909046,,,,CHEMBL625,THIABENDAZOLE,CHEMBL625,,0,,1540210,,15,0,,,IC50,,,,CHEMBL287,Homo sapiens,Sigma opioid receptor,9606,,,IC50,,,,
,Not Active (inhibition < 50% @ 10 uM and thus dose-reponse curve not measured),7813120,[],CHEMBL1909110,DRUGMATRIX: Sigma1 radioligand binding (ligand: [3H] Haloperidol),B,,,BAO_0000190,BAO_0000249,cell membrane format,CC(C)Cc1ccc([C@@H](C)C(=O)O)cc1,,,CHEMBL1909046,,,,CHEMBL427526,(R)-IBUPROPHEN,CHEMBL427526,,0,,1540105,,15,0,,,IC50,,,,CHEMBL287,Homo sapiens,Sigma opioid receptor,9606,,,IC50,,,,
,Not Active (inhibition < 50% @ 10 uM and thus dose-reponse curve not measured),7813208,[],CHEMBL1909110,DRUGMATRIX: Sigma1 radioligand binding (ligand: [3H] Haloperidol),B,,,BAO_0000190,BAO_0000249,cell membrane format,NC(=O)c1ncn([C@@H]2O[C@H](CO)[C@@H](O)[C@H]2O)n1,,,CHEMBL1909046,,,,CHEMBL1643,RIBAVIRIN,CHEMBL1643,,0,,1540113,,15,0,,,IC50,,,,CHEMBL287,Homo sapiens,Sigma opioid receptor,9606,,,IC50,,,,
,Not Active (inhibition < 50% @ 10 uM and thus dose-reponse curve not measured),7813324,[],CHEMBL1909110,DRUGMATRIX: Sigma1 radioligand binding (ligand: [3H] Haloperidol),B,,,BAO_0000190,BAO_0000249,cell membrane format,CC(C)c1nc(CN(C)C(=O)N[C@H](C(=O)N[C@@H](Cc2ccccc2)C[C@H](O)[C@H](Cc2ccccc2)NC(=O)OCc2cncs2)C(C)C)cs1,,,CHEMBL1909046,,,,CHEMBL163,RITONAVIR,CHEMBL163,,0,,1540121,,15,0,,,IC50,,,,CHEMBL287,Homo sapiens,Sigma opioid receptor,9606,,,IC50,,,,
,Not Active (inhibition < 50% @ 10 uM and thus dose-reponse curve not measured),7814057,[],CHEMBL1909110,DRUGMATRIX: Sigma1 radioligand binding (ligand: [3H] Haloperidol),B,,,BAO_0000190,BAO_0000249,cell membrane format,Cc1cn([C@H]2C=C[C@@H](CO)O2)c(=O)[nH]c1=O,,,CHEMBL1909046,,,,CHEMBL991,STAVUDINE,CHEMBL991,,0,,1540162,,15,0,,,IC50,,,,CHEMBL287,Homo sapiens,Sigma opioid receptor,9606,,,IC50,,,,
,Not Active (inhibition < 50% @ 10 uM and thus dose-reponse curve not measured),7814173,[],CHEMBL1909110,DRUGMATRIX: Sigma1 radioligand binding (ligand: [3H] Haloperidol),B,,,BAO_0000190,BAO_0000249,cell membrane format,Nc1ccc(S(=O)(=O)Nc2ncccn2)cc1,,,CHEMBL1909046,,,,CHEMBL439,SULFADIAZINE,CHEMBL439,,0,,1540170,,15,0,,,IC50,,,,CHEMBL287,Homo sapiens,Sigma opioid receptor,9606,,,IC50,,,,
,Not Active (inhibition < 50% @ 10 uM and thus dose-reponse curve not measured),7814318,[],CHEMBL1909110,DRUGMATRIX: Sigma1 radioligand binding (ligand: [3H] Haloperidol),B,,,BAO_0000190,BAO_0000249,cell membrane format,Nc1ccc(S(=O)(=O)Nc2ccnn2-c2ccccc2)cc1,,,CHEMBL1909046,,,,CHEMBL1109,SULFAPHENAZOLE,CHEMBL1109,,0,,1540178,,15,0,,,IC50,,,,CHEMBL287,Homo sapiens,Sigma opioid receptor,9606,,,IC50,,,,
,,7814420,[],CHEMBL1909110,DRUGMATRIX: Sigma1 radioligand binding (ligand: [3H] Haloperidol),B,,,BAO_0000190,BAO_0000249,cell membrane format,CCCCCCCCNC(C)C(O)c1ccc(SC(C)C)cc1,,,CHEMBL1909046,,,"{'bei': '20.53', 'le': '0.41', 'lle': '1.37', 'sei': '21.49'}",CHEMBL404849,SULOCTIDIL,CHEMBL404849,6.93,0,http://www.openphacts.org/units/Nanomolar,1540186,=,15,1,=,,IC50,nM,,117.2,CHEMBL287,Homo sapiens,Sigma opioid receptor,9606,,,IC50,uM,UO_0000065,,0.1172
,,7815019,[],CHEMBL1909110,DRUGMATRIX: Sigma1 radioligand binding (ligand: [3H] Haloperidol),B,,,BAO_0000190,BAO_0000249,cell membrane format,Clc1ccccc1CN1CCc2sccc2C1,,,CHEMBL1909046,,,"{'bei': '24.15', 'le': '0.51', 'lle': '2.41', 'sei': '196.62'}",CHEMBL833,TICLOPIDINE,CHEMBL833,6.37,0,http://www.openphacts.org/units/Nanomolar,1540219,=,15,1,=,,IC50,nM,,426.0,CHEMBL287,Homo sapiens,Sigma opioid receptor,9606,,,IC50,uM,UO_0000065,,0.426
,Not Active (inhibition < 50% @ 10 uM and thus dose-reponse curve not measured),7815142,[],CHEMBL1909110,DRUGMATRIX: Sigma1 radioligand binding (ligand: [3H] Haloperidol),B,,,BAO_0000190,BAO_0000249,cell membrane format,Cc1ccc(C(=O)c2ccc(CC(=O)O)n2C)cc1,,,CHEMBL1909046,,,,CHEMBL1020,TOLMETIN,CHEMBL1020,,0,,1540227,,15,0,,,IC50,,,,CHEMBL287,Homo sapiens,Sigma opioid receptor,9606,,,IC50,,,,
,Not Active (inhibition < 50% @ 10 uM and thus dose-reponse curve not measured),7815598,[],CHEMBL1909110,DRUGMATRIX: Sigma1 radioligand binding (ligand: [3H] Haloperidol),B,,,BAO_0000190,BAO_0000249,cell membrane format,CCCCOc1cc(CC2CNC(=O)N2)ccc1OC,,,CHEMBL1909046,,,,CHEMBL18701,RO-201724,CHEMBL18701,,0,,1540122,,15,0,,,IC50,,,,CHEMBL287,Homo sapiens,Sigma opioid receptor,9606,,,IC50,,,,
,Not Active (inhibition < 50% @ 10 uM and thus dose-reponse curve not measured),7815714,[],CHEMBL1909110,DRUGMATRIX: Sigma1 radioligand binding (ligand: [3H] Haloperidol),B,,,BAO_0000190,BAO_0000249,cell membrane format,N[C@H](CSC(=S)NCc1ccccc1)C(=O)O,,,CHEMBL1909046,,,,CHEMBL1909076,,CHEMBL1909076,,0,,1540130,,15,0,,,IC50,,,,CHEMBL287,Homo sapiens,Sigma opioid receptor,9606,,,IC50,,,,
,Not Active (inhibition < 50% @ 10 uM and thus dose-reponse curve not measured),7815849,[],CHEMBL1909110,DRUGMATRIX: Sigma1 radioligand binding (ligand: [3H] Haloperidol),B,,,BAO_0000190,BAO_0000249,cell membrane format,CC(C)(C)NC(=O)[C@@H]1C[C@@H]2CCCC[C@@H]2CN1C[C@@H](O)[C@H](Cc1ccccc1)NC(=O)[C@H](CC(N)=O)NC(=O)c1ccc2ccccc2n1,,,CHEMBL1909046,,,,CHEMBL114,SAQUINAVIR,CHEMBL114,,0,,1540138,,15,0,,,IC50,,,,CHEMBL287,Homo sapiens,Sigma opioid receptor,9606,,,IC50,,,,
,Not Active (inhibition < 50% @ 10 uM and thus dose-reponse curve not measured),7815937,[],CHEMBL1909110,DRUGMATRIX: Sigma1 radioligand binding (ligand: [3H] Haloperidol),B,,,BAO_0000190,BAO_0000249,cell membrane format,CC(C)CC(N(C)C)C1(c2ccc(Cl)cc2)CCC1,,,CHEMBL1909046,,,,CHEMBL1419,SIBUTRAMINE,CHEMBL1419,,0,,1540146,,15,0,,,IC50,,,,CHEMBL287,Homo sapiens,Sigma opioid receptor,9606,,,IC50,,,,
,Not Active (inhibition < 50% @ 10 uM and thus dose-reponse curve not measured),7816079,[],CHEMBL1909110,DRUGMATRIX: Sigma1 radioligand binding (ligand: [3H] Haloperidol),B,,,BAO_0000190,BAO_0000249,cell membrane format,C[C@@H]1CN(c2c(F)c(N)c3c(=O)c(C(=O)O)cn(C4CC4)c3c2F)C[C@H](C)N1,,,CHEMBL1909046,,,,CHEMBL850,SPARFLOXACIN,CHEMBL850,,0,,1540154,,15,0,,,IC50,,,,CHEMBL287,Homo sapiens,Sigma opioid receptor,9606,,,IC50,,,,
,Not Active (inhibition < 50% @ 10 uM and thus dose-reponse curve not measured),7816744,[],CHEMBL1909110,DRUGMATRIX: Sigma1 radioligand binding (ligand: [3H] Haloperidol),B,,,BAO_0000190,BAO_0000249,cell membrane format,O=c1[nH]c(=O)n(C2CCCO2)cc1F,,,CHEMBL1909046,,,,CHEMBL20883,TEGAFUR,CHEMBL20883,,0,,1540195,,15,0,,,IC50,,,,CHEMBL287,Homo sapiens,Sigma opioid receptor,9606,,,IC50,,,,
,,7816843,[],CHEMBL1909110,DRUGMATRIX: Sigma1 radioligand binding (ligand: [3H] Haloperidol),B,,,BAO_0000190,BAO_0000249,cell membrane format,CC(C)N1CCN(c2ccc(OC[C@H]3CO[C@](Cn4cncn4)(c4ccc(Cl)cc4Cl)O3)cc2)CC1,,,CHEMBL1909046,,,"{'bei': '11.82', 'le': '0.24', 'lle': '1.83', 'sei': '9.70'}",CHEMBL1306,TERCONAZOLE,CHEMBL1306,6.29,0,http://www.openphacts.org/units/Nanomolar,1540203,=,15,1,=,,IC50,nM,,508.0,CHEMBL287,Homo sapiens,Sigma opioid receptor,9606,,,IC50,uM,UO_0000065,,0.508
,Not Active (inhibition < 50% @ 10 uM and thus dose-reponse curve not measured),7816960,[],CHEMBL1909110,DRUGMATRIX: Sigma1 radioligand binding (ligand: [3H] Haloperidol),B,,,BAO_0000190,BAO_0000249,cell membrane format,CS(=O)(=O)c1ccc([C@@H](O)[C@@H](CO)NC(=O)C(Cl)Cl)cc1,,,CHEMBL1909046,,,,CHEMBL1236282,THIAMPHENICOL,CHEMBL1236282,,0,,1540211,,15,0,,,IC50,,,,CHEMBL287,Homo sapiens,Sigma opioid receptor,9606,,,IC50,,,,
,Not Active (inhibition < 50% @ 10 uM and thus dose-reponse curve not measured),7817408,[],CHEMBL1909110,DRUGMATRIX: Sigma1 radioligand binding (ligand: [3H] Haloperidol),B,,,BAO_0000190,BAO_0000249,cell membrane format,COCCCOc1ccnc(C[S+]([O-])c2nc3ccccc3[nH]2)c1C,,,CHEMBL1909046,,,,CHEMBL1219,RABEPRAZOLE,CHEMBL1219,,0,,1540106,,15,0,,,IC50,,,,CHEMBL287,Homo sapiens,Sigma opioid receptor,9606,,,IC50,,,,
,Not Active (inhibition < 50% @ 10 uM and thus dose-reponse curve not measured),7817514,[],CHEMBL1909110,DRUGMATRIX: Sigma1 radioligand binding (ligand: [3H] Haloperidol),B,,,BAO_0000190,BAO_0000249,cell membrane format,CO[C@H]1/C=C/O[C@@]2(C)Oc3c(C)c(O)c4c(c3C2=O)C2=NC3(CCN(CC(C)C)CC3)NC2=C(NC(=O)/C(C)=C\C=C\[C@H](C)[C@H](O)[C@@H](C)[C@@H](O)[C@@H](C)[C@H](OC(C)=O)[C@@H]1C)C4=O,,,CHEMBL1909046,,,,CHEMBL444633,RIFABUTIN,CHEMBL444633,,0,,1540114,,15,0,,,IC50,,,,CHEMBL287,Homo sapiens,Sigma opioid receptor,9606,,,IC50,,,,
,Not Active (inhibition < 50% @ 10 uM and thus dose-reponse curve not measured),7818353,[],CHEMBL1909110,DRUGMATRIX: Sigma1 radioligand binding (ligand: [3H] Haloperidol),B,,,BAO_0000190,BAO_0000249,cell membrane format,CN[C@@H]1[C@H](O[C@H]2[C@H](O[C@H]3[C@H](O)[C@@H](O)[C@H](N=C(N)N)[C@@H](O)[C@@H]3N=C(N)N)O[C@@H](C)[C@]2(O)C=O)O[C@@H](CO)[C@H](O)[C@H]1O,,,CHEMBL1909046,,,,CHEMBL372795,STREPTOMYCIN,CHEMBL372795,,0,,1540163,,15,0,,,IC50,,,,CHEMBL287,Homo sapiens,Sigma opioid receptor,9606,,,IC50,,,,
,Not Active (inhibition < 50% @ 10 uM and thus dose-reponse curve not measured),7818469,[],CHEMBL1909110,DRUGMATRIX: Sigma1 radioligand binding (ligand: [3H] Haloperidol),B,,,BAO_0000190,BAO_0000249,cell membrane format,COc1cc(NS(=O)(=O)c2ccc(N)cc2)nc(OC)n1,,,CHEMBL1909046,,,,CHEMBL62193,SULFADIMETHOXINE,CHEMBL62193,,0,,1540171,,15,0,,,IC50,,,,CHEMBL287,Homo sapiens,Sigma opioid receptor,9606,,,IC50,,,,
,Not Active (inhibition < 50% @ 10 uM and thus dose-reponse curve not measured),7818614,[],CHEMBL1909110,DRUGMATRIX: Sigma1 radioligand binding (ligand: [3H] Haloperidol),B,,,BAO_0000190,BAO_0000249,cell membrane format,O=C(O)c1cc(/N=N/c2ccc(S(=O)(=O)Nc3ccccn3)cc2)ccc1O,,,CHEMBL1909046,,,,CHEMBL421,SULFASALAZINE,CHEMBL421,,0,,1540179,,15,0,,,IC50,,,,CHEMBL287,Homo sapiens,Sigma opioid receptor,9606,,,IC50,,,,
,Not Active (inhibition < 50% @ 10 uM and thus dose-reponse curve not measured),7818707,[],CHEMBL1909110,DRUGMATRIX: Sigma1 radioligand binding (ligand: [3H] Haloperidol),B,,,BAO_0000190,BAO_0000249,cell membrane format,CCN1CCCC1CNC(=O)c1cc(S(N)(=O)=O)ccc1OC,,,CHEMBL1909046,,,,CHEMBL26,SULPIRIDE,CHEMBL26,,0,,1540187,,15,0,,,IC50,,,,CHEMBL287,Homo sapiens,Sigma opioid receptor,9606,,,IC50,,,,
,Not Active (inhibition < 50% @ 10 uM and thus dose-reponse curve not measured),7819298,[],CHEMBL1909110,DRUGMATRIX: Sigma1 radioligand binding (ligand: [3H] Haloperidol),B,,,BAO_0000190,BAO_0000249,cell membrane format,O=C(O)COc1ccc(C(=O)c2cccs2)c(Cl)c1Cl,,,CHEMBL1909046,,,,CHEMBL267744,TICRYNAFEN,CHEMBL267744,,0,,1540220,,15,0,,,IC50,,,,CHEMBL287,Homo sapiens,Sigma opioid receptor,9606,,,IC50,,,,
,Not Active (inhibition < 50% @ 10 uM and thus dose-reponse curve not measured),7819424,[],CHEMBL1909110,DRUGMATRIX: Sigma1 radioligand binding (ligand: [3H] Haloperidol),B,,,BAO_0000190,BAO_0000249,cell membrane format,Cc1cccc(N(C)C(=S)Oc2ccc3ccccc3c2)c1,,,CHEMBL1909046,,,,CHEMBL83668,TOLNAFTATE,CHEMBL83668,,0,,1540228,,15,0,,,IC50,,,,CHEMBL287,Homo sapiens,Sigma opioid receptor,9606,,,IC50,,,,
,Not Active (inhibition < 50% @ 10 uM and thus dose-reponse curve not measured),7819891,[],CHEMBL1909110,DRUGMATRIX: Sigma1 radioligand binding (ligand: [3H] Haloperidol),B,,,BAO_0000190,BAO_0000249,cell membrane format,CS(=O)(=O)c1ccc(C2=C(c3ccccc3)C(=O)OC2)cc1,,,CHEMBL1909046,,,,CHEMBL122,ROFECOXIB,CHEMBL122,,0,,1540123,,15,0,,,IC50,,,,CHEMBL287,Homo sapiens,Sigma opioid receptor,9606,,,IC50,,,,
,Not Active (inhibition < 50% @ 10 uM and thus dose-reponse curve not measured),7820008,[],CHEMBL1909110,DRUGMATRIX: Sigma1 radioligand binding (ligand: [3H] Haloperidol),B,,,BAO_0000190,BAO_0000249,cell membrane format,C[C@@](Cc1ccc(O)c(O)c1)(NN)C(=O)O.O,,,CHEMBL1909046,,,,CHEMBL1200748,CARBIDOPA,CHEMBL1201236,,0,,1540131,,15,0,,,IC50,,,,CHEMBL287,Homo sapiens,Sigma opioid receptor,9606,,,IC50,,,,
,Not Active (inhibition < 50% @ 10 uM and thus dose-reponse curve not measured),7820135,[],CHEMBL1909110,DRUGMATRIX: Sigma1 radioligand binding (ligand: [3H] Haloperidol),B,,,BAO_0000190,BAO_0000249,cell membrane format,O=C(O)c1cn(-c2ccc(F)cc2)c2cc(N3CCNCC3)c(F)cc2c1=O,,,CHEMBL1909046,,,,CHEMBL37858,SARAFLOXACIN,CHEMBL37858,,0,,1540139,,15,0,,,IC50,,,,CHEMBL287,Homo sapiens,Sigma opioid receptor,9606,,,IC50,,,,
,Not Active (inhibition < 50% @ 10 uM and thus dose-reponse curve not measured),7820218,[],CHEMBL1909110,DRUGMATRIX: Sigma1 radioligand binding (ligand: [3H] Haloperidol),B,,,BAO_0000190,BAO_0000249,cell membrane format,CCCc1nn(C)c2c(=O)[nH]c(-c3cc(S(=O)(=O)N4CCN(C)CC4)ccc3OCC)nc12,,,CHEMBL1909046,,,,CHEMBL192,SILDENAFIL,CHEMBL192,,0,,1540147,,15,0,,,IC50,,,,CHEMBL287,Homo sapiens,Sigma opioid receptor,9606,,,IC50,,,,
,Not Active (inhibition < 50% @ 10 uM and thus dose-reponse curve not measured),7820360,[],CHEMBL1909110,DRUGMATRIX: Sigma1 radioligand binding (ligand: [3H] Haloperidol),B,,,BAO_0000190,BAO_0000249,cell membrane format,C1CCN2C[C@@H]3C[C@@H](CN4CCCC[C@@H]34)[C@H]2C1,,,CHEMBL1909046,,,,CHEMBL1908847,SPARTEINE,CHEMBL1908847,,0,,1540155,,15,0,,,IC50,,,,CHEMBL287,Homo sapiens,Sigma opioid receptor,9606,,,IC50,,,,
,Not Active (inhibition < 50% @ 10 uM and thus dose-reponse curve not measured),7821025,[],CHEMBL1909110,DRUGMATRIX: Sigma1 radioligand binding (ligand: [3H] Haloperidol),B,,,BAO_0000190,BAO_0000249,cell membrane format,CC(=O)N[C@@H]1[C@H](Oc2c3cc4cc2Oc2ccc(cc2Cl)[C@@H](O[C@@H]2O[C@@H](CO)[C@@H](O)[C@H](O)[C@@H]2NC(C)=O)[C@@H]2NC(=O)[C@H](NC(=O)[C@@H]4NC(=O)[C@H]4NC(=O)[C@@H](Cc5ccc(c(Cl)c5)O3)NC(=O)[C@H](N)c3ccc(O)c(c3)Oc3cc(O)cc4c3)c3ccc(O)c(c3)-c3c(O[C@H]4O[C@H](CO)[C@@H](O)[C@@H](O)[C@@H]4O)cc(O)cc3[C@@H](C(=O)O)NC2=O)O[C@@H](CO)[C@@H](O)[C@@H]1O,,,CHEMBL1909046,,,,CHEMBL2367892,TEICOPLANIN,CHEMBL2367892,,0,,1540196,,15,0,,,IC50,,,,CHEMBL287,Homo sapiens,Sigma opioid receptor,9606,,,IC50,,,,
,Not Active (inhibition < 50% @ 10 uM and thus dose-reponse curve not measured),7821096,[],CHEMBL1909110,DRUGMATRIX: Sigma1 radioligand binding (ligand: [3H] Haloperidol),B,,,BAO_0000190,BAO_0000249,cell membrane format,CC(C)(C)c1ccc(C(O)CCCN2CCC(C(O)(c3ccccc3)c3ccccc3)CC2)cc1,,,CHEMBL1909046,,,,CHEMBL17157,TERFENADINE,CHEMBL17157,,0,,1540204,,15,0,,,IC50,,,,CHEMBL287,Homo sapiens,Sigma opioid receptor,9606,,,IC50,,,,
,Not Active (inhibition < 50% @ 10 uM and thus dose-reponse curve not measured),7821219,[],CHEMBL1909110,DRUGMATRIX: Sigma1 radioligand binding (ligand: [3H] Haloperidol),B,,,BAO_0000190,BAO_0000249,cell membrane format,,,,CHEMBL1909046,,,,CHEMBL508338,THIMEROSAL,CHEMBL508338,,0,,1540212,,15,0,,,IC50,,,,CHEMBL287,Homo sapiens,Sigma opioid receptor,9606,,,IC50,,,,
,,7821644,[],CHEMBL1909110,DRUGMATRIX: Sigma1 radioligand binding (ligand: [3H] Haloperidol),B,,,BAO_0000190,BAO_0000249,cell membrane format,O=C(c1ccc(OCCN2CCCCC2)cc1)c1c(-c2ccc(O)cc2)sc2cc(O)ccc12,,,CHEMBL1909046,,,"{'bei': '13.02', 'le': '0.25', 'lle': '0.09', 'sei': '8.81'}",CHEMBL81,RALOXIFENE,CHEMBL81,6.17,0,http://www.openphacts.org/units/Nanomolar,1540107,=,15,1,=,,IC50,nM,,681.0,CHEMBL287,Homo sapiens,Sigma opioid receptor,9606,,,IC50,uM,UO_0000065,,0.681
,Not Active (inhibition < 50% @ 10 uM and thus dose-reponse curve not measured),7821771,[],CHEMBL1909110,DRUGMATRIX: Sigma1 radioligand binding (ligand: [3H] Haloperidol),B,,,BAO_0000190,BAO_0000249,cell membrane format,CO[C@H]1/C=C/O[C@@]2(C)Oc3c(C)c(O)c4c(O)c(c(/C=N/N5CCN(C)CC5)c(O)c4c3C2=O)NC(=O)/C(C)=C\C=C\[C@H](C)[C@H](O)[C@@H](C)[C@@H](O)[C@@H](C)[C@H](OC(C)=O)[C@@H]1C,,,CHEMBL1909046,,,,CHEMBL374478,RIFAMPIN,CHEMBL374478,,0,,1540115,,15,0,,,IC50,,,,CHEMBL287,Homo sapiens,Sigma opioid receptor,9606,,,IC50,,,,
,Not Active (inhibition < 50% @ 10 uM and thus dose-reponse curve not measured),7822618,[],CHEMBL1909110,DRUGMATRIX: Sigma1 radioligand binding (ligand: [3H] Haloperidol),B,,,BAO_0000190,BAO_0000249,cell membrane format,CN(N=O)C(=O)N[C@H]1C(O)O[C@H](CO)[C@@H](O)[C@@H]1O,,,CHEMBL1909046,,,,CHEMBL1651906,STREPTOZOCIN,CHEMBL1651906,,0,,1540164,,15,0,,,IC50,,,,CHEMBL287,Homo sapiens,Sigma opioid receptor,9606,,,IC50,,,,
,Not Active (inhibition < 50% @ 10 uM and thus dose-reponse curve not measured),7822733,[],CHEMBL1909110,DRUGMATRIX: Sigma1 radioligand binding (ligand: [3H] Haloperidol),B,,,BAO_0000190,BAO_0000249,cell membrane format,COc1ncnc(NS(=O)(=O)c2ccc(N)cc2)c1OC,,,CHEMBL1909046,,,,CHEMBL1539,SULFADOXINE,CHEMBL1539,,0,,1540172,,15,0,,,IC50,,,,CHEMBL287,Homo sapiens,Sigma opioid receptor,9606,,,IC50,,,,
,Not Active (inhibition < 50% @ 10 uM and thus dose-reponse curve not measured),7822873,[],CHEMBL1909110,DRUGMATRIX: Sigma1 radioligand binding (ligand: [3H] Haloperidol),B,,,BAO_0000190,BAO_0000249,cell membrane format,Nc1ccc(S(=O)(=O)Nc2nccs2)cc1,,,CHEMBL1909046,,,,CHEMBL437,SULFATHIAZOLE,CHEMBL437,,0,,1540180,,15,0,,,IC50,,,,CHEMBL287,Homo sapiens,Sigma opioid receptor,9606,,,IC50,,,,
,Not Active (inhibition < 50% @ 10 uM and thus dose-reponse curve not measured),7822966,[],CHEMBL1909110,DRUGMATRIX: Sigma1 radioligand binding (ligand: [3H] Haloperidol),B,,,BAO_0000190,BAO_0000249,cell membrane format,CNS(=O)(=O)Cc1ccc2[nH]cc(CCN(C)C)c2c1,,,CHEMBL1909046,,,,CHEMBL128,SUMATRIPTAN,CHEMBL128,,0,,1540188,,15,0,,,IC50,,,,CHEMBL287,Homo sapiens,Sigma opioid receptor,9606,,,IC50,,,,
,Not Active (inhibition < 50% @ 10 uM and thus dose-reponse curve not measured),7823550,[],CHEMBL1909110,DRUGMATRIX: Sigma1 radioligand binding (ligand: [3H] Haloperidol),B,,,BAO_0000190,BAO_0000249,cell membrane format,CC(C)(C)NC[C@H](O)COc1nsnc1N1CCOCC1,,,CHEMBL1909046,,,,CHEMBL499,TIMOLOL,CHEMBL499,,0,,1540221,,15,0,,,IC50,,,,CHEMBL287,Homo sapiens,Sigma opioid receptor,9606,,,IC50,,,,
,,7823674,[],CHEMBL1909110,DRUGMATRIX: Sigma1 radioligand binding (ligand: [3H] Haloperidol),B,,,BAO_0000190,BAO_0000249,cell membrane format,Cc1ccc(C(=O)C(C)CN2CCCCC2)cc1,,,CHEMBL1909046,,,"{'bei': '32.14', 'le': '0.60', 'lle': '4.59', 'sei': '38.83'}",CHEMBL1076211,TOLPERISONE,CHEMBL1076211,7.89,0,http://www.openphacts.org/units/Nanomolar,1540229,=,15,1,=,,IC50,nM,,13.0,CHEMBL287,Homo sapiens,Sigma opioid receptor,9606,,,IC50,uM,UO_0000065,,0.013
,Not Active (inhibition < 50% @ 10 uM and thus dose-reponse curve not measured),7824129,[],CHEMBL1909110,DRUGMATRIX: Sigma1 radioligand binding (ligand: [3H] Haloperidol),B,,,BAO_0000190,BAO_0000249,cell membrane format,CN(CCOc1ccc(CC2SC(=O)NC2=O)cc1)c1ccccn1,,,CHEMBL1909046,,,,CHEMBL121,ROSIGLITAZONE,CHEMBL121,,0,,1540124,,15,0,,,IC50,,,,CHEMBL287,Homo sapiens,Sigma opioid receptor,9606,,,IC50,,,,
,Not Active (inhibition < 50% @ 10 uM and thus dose-reponse curve not measured),7824244,[],CHEMBL1909110,DRUGMATRIX: Sigma1 radioligand binding (ligand: [3H] Haloperidol),B,,,BAO_0000190,BAO_0000249,cell membrane format,C=CCc1ccc2c(c1)OCO2,,,CHEMBL1909046,,,,CHEMBL242273,SAFROLE,CHEMBL242273,,0,,1540132,,15,0,,,IC50,,,,CHEMBL287,Homo sapiens,Sigma opioid receptor,9606,,,IC50,,,,
,Not Active (inhibition < 50% @ 10 uM and thus dose-reponse curve not measured),7824364,[],CHEMBL1909110,DRUGMATRIX: Sigma1 radioligand binding (ligand: [3H] Haloperidol),B,,,BAO_0000190,BAO_0000249,cell membrane format,C[S+]([O-])c1ccc(-c2nc(-c3ccc(F)cc3)c(-c3ccncc3)[nH]2)cc1,,,CHEMBL1909046,,,,CHEMBL10,SB-203580,CHEMBL10,,0,,1540140,,15,0,,,IC50,,,,CHEMBL287,Homo sapiens,Sigma opioid receptor,9606,,,IC50,,,,
,Not Active (inhibition < 50% @ 10 uM and thus dose-reponse curve not measured),7824461,[],CHEMBL1909110,DRUGMATRIX: Sigma1 radioligand binding (ligand: [3H] Haloperidol),B,,,BAO_0000190,BAO_0000249,cell membrane format,CCC(C)(C)C(=O)O[C@H]1C[C@@H](C)C=C2C=C[C@H](C)[C@H](CC[C@@H]3C[C@@H](O)CC(=O)O3)[C@H]21,,,CHEMBL1909046,,,,CHEMBL1064,SIMVASTATIN,CHEMBL1064,,0,,1540148,,15,0,,,IC50,,,,CHEMBL287,Homo sapiens,Sigma opioid receptor,9606,,,IC50,,,,
,Not Active (inhibition < 50% @ 10 uM and thus dose-reponse curve not measured),7824604,[],CHEMBL1909110,DRUGMATRIX: Sigma1 radioligand binding (ligand: [3H] Haloperidol),B,,,BAO_0000190,BAO_0000249,cell membrane format,CN[C@@H]1[C@H](O)[C@H](NC)[C@H]2O[C@@]3(O)C(=O)C[C@@H](C)O[C@H]3O[C@@H]2[C@H]1O,,,CHEMBL1909046,,,,CHEMBL1167,SPECTINOMYCIN,CHEMBL1167,,0,,1540156,,15,0,,,IC50,,,,CHEMBL287,Homo sapiens,Sigma opioid receptor,9606,,,IC50,,,,
,Not Active (inhibition < 50% @ 10 uM and thus dose-reponse curve not measured),7825269,[],CHEMBL1909110,DRUGMATRIX: Sigma1 radioligand binding (ligand: [3H] Haloperidol),B,,,BAO_0000190,BAO_0000249,cell membrane format,CC1CN(c2cc3c(cc2F)c(=O)c(C(=O)O)cn3-c2ccc(F)cc2F)CCN1,,,CHEMBL1909046,,,,CHEMBL277100,TEMAFLOXACIN,CHEMBL277100,,0,,1540197,,15,0,,,IC50,,,,CHEMBL287,Homo sapiens,Sigma opioid receptor,9606,,,IC50,,,,
,Not Active (inhibition < 50% @ 10 uM and thus dose-reponse curve not measured),7825329,[],CHEMBL1909110,DRUGMATRIX: Sigma1 radioligand binding (ligand: [3H] Haloperidol),B,,,BAO_0000190,BAO_0000249,cell membrane format,C[C@]12CC[C@H]3[C@@H](CCC4=CC(=O)CC[C@@]43C)[C@@H]1CC[C@@H]2O,,,CHEMBL1909046,,,,CHEMBL386630,TESTOSTERONE,CHEMBL386630,,0,,1540205,,15,0,,,IC50,,,,CHEMBL287,Homo sapiens,Sigma opioid receptor,9606,,,IC50,,,,
,Not Active (inhibition < 50% @ 10 uM and thus dose-reponse curve not measured),7825453,[],CHEMBL1909110,DRUGMATRIX: Sigma1 radioligand binding (ligand: [3H] Haloperidol),B,,,BAO_0000190,BAO_0000249,cell membrane format,CC(=N)S,,,CHEMBL1909046,,,,CHEMBL38737,THIOACETAMIDE,CHEMBL38737,,0,,1540213,,15,0,,,IC50,,,,CHEMBL287,Homo sapiens,Sigma opioid receptor,9606,,,IC50,,,,
,Not Active (inhibition < 50% @ 10 uM and thus dose-reponse curve not measured),7825867,[],CHEMBL1909110,DRUGMATRIX: Sigma1 radioligand binding (ligand: [3H] Haloperidol),B,,,BAO_0000190,BAO_0000249,cell membrane format,CCOC(=O)[C@H](CCc1ccccc1)N[C@@H](C)C(=O)N1[C@H](C(=O)O)C[C@@H]2CCC[C@@H]21,,,CHEMBL1909046,,,,CHEMBL1168,RAMIPRIL,CHEMBL1168,,0,,1540108,,15,0,,,IC50,,,,CHEMBL287,Homo sapiens,Sigma opioid receptor,9606,,,IC50,,,,
,Not Active (inhibition < 50% @ 10 uM and thus dose-reponse curve not measured),7825994,[],CHEMBL1909110,DRUGMATRIX: Sigma1 radioligand binding (ligand: [3H] Haloperidol),B,,,BAO_0000190,BAO_0000249,cell membrane format,CO[C@H]1/C=C/O[C@@]2(C)Oc3c(C)c(O)c4c(O)c(c(/C=N/N5CCN(C6CCCC6)CC5)c(O)c4c3C2=O)NC(=O)/C(C)=C\C=C\[C@H](C)[C@H](O)[C@@H](C)[C@@H](O)[C@@H](C)[C@H](OC(C)=O)[C@@H]1C,,,CHEMBL1909046,,,,CHEMBL1660,RIFAPENTINE,CHEMBL1660,,0,,1540116,,15,0,,,IC50,,,,CHEMBL287,Homo sapiens,Sigma opioid receptor,9606,,,IC50,,,,
,Not Active (inhibition < 50% @ 10 uM and thus dose-reponse curve not measured),7826840,[],CHEMBL1909110,DRUGMATRIX: Sigma1 radioligand binding (ligand: [3H] Haloperidol),B,,,BAO_0000190,BAO_0000249,cell membrane format,O.O.O.O.O.O.[Cl-].[Cl-].[Sr+2],,,CHEMBL1909046,,,,CHEMBL1909080,STRONTIUM CHLORIDE HEXAHYDRATE,CHEMBL2219640,,0,,1540165,,15,0,,,IC50,,,,CHEMBL287,Homo sapiens,Sigma opioid receptor,9606,,,IC50,,,,
,Not Active (inhibition < 50% @ 10 uM and thus dose-reponse curve not measured),7826955,[],CHEMBL1909110,DRUGMATRIX: Sigma1 radioligand binding (ligand: [3H] Haloperidol),B,,,BAO_0000190,BAO_0000249,cell membrane format,Cc1ccnc(NS(=O)(=O)c2ccc(N)cc2)n1,,,CHEMBL1909046,,,,CHEMBL438,SULFAMERAZINE,CHEMBL438,,0,,1540173,,15,0,,,IC50,,,,CHEMBL287,Homo sapiens,Sigma opioid receptor,9606,,,IC50,,,,
,Not Active (inhibition < 50% @ 10 uM and thus dose-reponse curve not measured),7827095,[],CHEMBL1909110,DRUGMATRIX: Sigma1 radioligand binding (ligand: [3H] Haloperidol),B,,,BAO_0000190,BAO_0000249,cell membrane format,O=C1C(CC[S+]([O-])c2ccccc2)C(=O)N(c2ccccc2)N1c1ccccc1,,,CHEMBL1909046,,,,CHEMBL832,SULFINPYRAZONE,CHEMBL832,,0,,1540181,,15,0,,,IC50,,,,CHEMBL287,Homo sapiens,Sigma opioid receptor,9606,,,IC50,,,,
,Not Active (inhibition < 50% @ 10 uM and thus dose-reponse curve not measured),7827185,[],CHEMBL1909110,DRUGMATRIX: Sigma1 radioligand binding (ligand: [3H] Haloperidol),B,,,BAO_0000190,BAO_0000249,cell membrane format,C[N+](C)(C)CCOC(=O)CCC(=O)OCC[N+](C)(C)C.[Cl-].[Cl-],,,CHEMBL1909046,,,,CHEMBL983,SUCCINYLCHOLINE CHLORIDE,CHEMBL703,,0,,1540189,,15,0,,,IC50,,,,CHEMBL287,Homo sapiens,Sigma opioid receptor,9606,,,IC50,,,,
,Not Active (inhibition < 50% @ 10 uM and thus dose-reponse curve not measured),7827776,[],CHEMBL1909110,DRUGMATRIX: Sigma1 radioligand binding (ligand: [3H] Haloperidol),B,,,BAO_0000190,BAO_0000249,cell membrane format,CCS(=O)(=O)CCn1c([N+](=O)[O-])cnc1C,,,CHEMBL1909046,,,,CHEMBL1220,TINIDAZOLE,CHEMBL1220,,0,,1540222,,15,0,,,IC50,,,,CHEMBL287,Homo sapiens,Sigma opioid receptor,9606,,,IC50,,,,
,Not Active (inhibition < 50% @ 10 uM and thus dose-reponse curve not measured),7827899,[],CHEMBL1909110,DRUGMATRIX: Sigma1 radioligand binding (ligand: [3H] Haloperidol),B,,,BAO_0000190,BAO_0000249,cell membrane format,CC[C@@]1(O)C(=O)OCc2c1cc1n(c2=O)Cc2cc3c(CN(C)C)c(O)ccc3nc2-1,,,CHEMBL1909046,,,,CHEMBL84,TOPOTECAN,CHEMBL84,,0,,1540230,,15,0,,,IC50,,,,CHEMBL287,Homo sapiens,Sigma opioid receptor,9606,,,IC50,,,,
,Not Active (inhibition < 50% @ 10 uM and thus dose-reponse curve not measured),7828353,[],CHEMBL1909110,DRUGMATRIX: Sigma1 radioligand binding (ligand: [3H] Haloperidol),B,,,BAO_0000190,BAO_0000249,cell membrane format,C=C(C)[C@H]1Cc2c(ccc3c2O[C@@H]2COc4cc(OC)c(OC)cc4[C@@H]2C3=O)O1,,,CHEMBL1909046,,,,CHEMBL429023,ROTENONE,CHEMBL429023,,0,,1540125,,15,0,,,IC50,,,,CHEMBL287,Homo sapiens,Sigma opioid receptor,9606,,,IC50,,,,
,Not Active (inhibition < 50% @ 10 uM and thus dose-reponse curve not measured),7828469,[],CHEMBL1909110,DRUGMATRIX: Sigma1 radioligand binding (ligand: [3H] Haloperidol),B,,,BAO_0000190,BAO_0000249,cell membrane format,CC(C)(C)NCC(O)c1ccc(O)c(CO)c1,,,CHEMBL1909046,,,,CHEMBL714,ALBUTEROL,CHEMBL714,,0,,1540133,,15,0,,,IC50,,,,CHEMBL287,Homo sapiens,Sigma opioid receptor,9606,,,IC50,,,,
,Not Active (inhibition < 50% @ 10 uM and thus dose-reponse curve not measured),7828584,[],CHEMBL1909110,DRUGMATRIX: Sigma1 radioligand binding (ligand: [3H] Haloperidol),B,,,BAO_0000190,BAO_0000249,cell membrane format,Cc1ncc([N+](=O)[O-])n1CC(C)O,,,CHEMBL1909046,,,,CHEMBL498847,SECNIDAZOLE,CHEMBL498847,,0,,1540141,,15,0,,,IC50,,,,CHEMBL287,Homo sapiens,Sigma opioid receptor,9606,,,IC50,,,,
,Not Active (inhibition < 50% @ 10 uM and thus dose-reponse curve not measured),7828681,[],CHEMBL1909110,DRUGMATRIX: Sigma1 radioligand binding (ligand: [3H] Haloperidol),B,,,BAO_0000190,BAO_0000249,cell membrane format,CN[C@@H]1[C@@H](O)[C@@H](O[C@@H]2[C@@H](O)[C@H](O[C@H]3OC(CN)=CC[C@H]3N)[C@@H](N)C[C@H]2N)OC[C@]1(C)O,,,CHEMBL1909046,,,,CHEMBL221886,SISOMICIN,CHEMBL221886,,0,,1540149,,15,0,,,IC50,,,,CHEMBL287,Homo sapiens,Sigma opioid receptor,9606,,,IC50,,,,
,Not Active (inhibition < 50% @ 10 uM and thus dose-reponse curve not measured),7828819,[],CHEMBL1909110,DRUGMATRIX: Sigma1 radioligand binding (ligand: [3H] Haloperidol),B,,,BAO_0000190,BAO_0000249,cell membrane format,CN(C(=O)Cc1ccc(Cl)c(Cl)c1)C1CCC2(CCCO2)CC1N1CCCC1,,,CHEMBL1909046,,,,CHEMBL118865,SPIRADOLINE,CHEMBL118865,,0,,1540157,,15,0,,,IC50,,,,CHEMBL287,Homo sapiens,Sigma opioid receptor,9606,,,IC50,,,,
,,10874522,[],CHEMBL2026918,Displacement of [3H](+)pentazocine from sigma-1 receptor expressed in human Jurkat cell membranes after 2 hrs by liquid scintillation spectroscopy,B,,,BAO_0000190,BAO_0000219,cell-based format,c1ccc(C(c2ccc(N3CCOCC3)cc2)C23CC4CC(CC(C4)C2)C3)cc1,,,CHEMBL2021794,Bioorg Med Chem,2012.0,,CHEMBL2023828,,CHEMBL2023828,,0,http://www.openphacts.org/units/Nanomolar,1639463,>,1,1,>,,IC50,nM,,100.0,CHEMBL287,Homo sapiens,Sigma opioid receptor,9606,,,IC50,nM,UO_0000065,,100.0
,,10874523,[],CHEMBL2026918,Displacement of [3H](+)pentazocine from sigma-1 receptor expressed in human Jurkat cell membranes after 2 hrs by liquid scintillation spectroscopy,B,,,BAO_0000190,BAO_0000219,cell-based format,CN1CCN(c2ccc(C(c3ccccc3)C34CC5CC(CC(C5)C3)C4)cc2)CC1,,,CHEMBL2021794,Bioorg Med Chem,2012.0,"{'bei': '21.20', 'le': '0.39', 'lle': '2.70', 'sei': '131.09'}",CHEMBL2023823,,CHEMBL2023823,8.49,0,http://www.openphacts.org/units/Nanomolar,1639458,=,1,1,=,,IC50,nM,,3.2,CHEMBL287,Homo sapiens,Sigma opioid receptor,9606,,,IC50,nM,UO_0000065,,3.2
,,10874524,[],CHEMBL2026918,Displacement of [3H](+)pentazocine from sigma-1 receptor expressed in human Jurkat cell membranes after 2 hrs by liquid scintillation spectroscopy,B,,,BAO_0000190,BAO_0000219,cell-based format,CCN1CCN(c2ccc(C(c3ccccc3)C34CC5CC(CC(C5)C3)C4)cc2)CC1,,,CHEMBL2021794,Bioorg Med Chem,2012.0,"{'bei': '20.59', 'le': '0.38', 'lle': '2.36', 'sei': '131.75'}",CHEMBL2023824,,CHEMBL2023824,8.54,0,http://www.openphacts.org/units/Nanomolar,1639459,=,1,1,=,,IC50,nM,,2.9,CHEMBL287,Homo sapiens,Sigma opioid receptor,9606,,,IC50,nM,UO_0000065,,2.9
,,10874525,[],CHEMBL2026918,Displacement of [3H](+)pentazocine from sigma-1 receptor expressed in human Jurkat cell membranes after 2 hrs by liquid scintillation spectroscopy,B,,,BAO_0000190,BAO_0000219,cell-based format,c1ccc(C(c2ccc(N3CCN(C4CCCCC4)CC3)cc2)C23CC4CC(CC(C4)C2)C3)cc1,,,CHEMBL2021794,Bioorg Med Chem,2012.0,"{'bei': '20.41', 'le': '0.37', 'lle': '2.08', 'sei': '147.66'}",CHEMBL2023825,,CHEMBL2023825,9.57,0,http://www.openphacts.org/units/Nanomolar,1639460,=,1,1,=,,IC50,nM,,0.27,CHEMBL287,Homo sapiens,Sigma opioid receptor,9606,,,IC50,nM,UO_0000065,,0.27
,,10874526,[],CHEMBL2026918,Displacement of [3H](+)pentazocine from sigma-1 receptor expressed in human Jurkat cell membranes after 2 hrs by liquid scintillation spectroscopy,B,,,BAO_0000190,BAO_0000219,cell-based format,c1ccc(CN2CCN(c3ccc(C(c4ccccc4)C45CC6CC(CC(C6)C4)C5)cc3)CC2)cc1,,,CHEMBL2021794,Bioorg Med Chem,2012.0,"{'bei': '15.10', 'le': '0.27', 'lle': '-0.16', 'sei': '111.09'}",CHEMBL2023826,,CHEMBL2023826,7.20,0,http://www.openphacts.org/units/Nanomolar,1639461,=,1,1,=,,IC50,nM,,63.3,CHEMBL287,Homo sapiens,Sigma opioid receptor,9606,,,IC50,nM,UO_0000065,,63.3
,,10874527,[],CHEMBL2026918,Displacement of [3H](+)pentazocine from sigma-1 receptor expressed in human Jurkat cell membranes after 2 hrs by liquid scintillation spectroscopy,B,,,BAO_0000190,BAO_0000219,cell-based format,c1ccc(C(c2ccc(N3CCNCC3)cc2)C23CC4CC(CC(C4)C2)C3)cc1,,,CHEMBL2021794,Bioorg Med Chem,2012.0,"{'bei': '20.45', 'le': '0.37', 'lle': '2.47', 'sei': '51.78'}",CHEMBL2023827,,CHEMBL2023827,7.91,0,http://www.openphacts.org/units/Nanomolar,1639462,=,1,1,=,,IC50,nM,,12.4,CHEMBL287,Homo sapiens,Sigma opioid receptor,9606,,,IC50,nM,UO_0000065,,12.4
,,12202294,[],CHEMBL2210027,Displacement of [3H]-(+)-pentazocine from sigma 1 receptor in human Jurkat cell membrane,B,,,BAO_0000190,BAO_0000219,cell-based format,c1ccc(C(c2ccc(CCCN3CCCCC3)cc2)C23CC4CC(CC(C4)C2)C3)cc1,,,CHEMBL2202989,J Med Chem,2012.0,"{'bei': '18.50', 'le': '0.34', 'lle': '0.46', 'sei': '244.14'}",CHEMBL2204679,,CHEMBL2204679,7.91,0,http://www.openphacts.org/units/Nanomolar,1757507,=,1,1,=,,IC50,nM,,12.3,CHEMBL287,Homo sapiens,Sigma opioid receptor,9606,,,IC50,nM,UO_0000065,,12.3
,,12202295,[],CHEMBL2210027,Displacement of [3H]-(+)-pentazocine from sigma 1 receptor in human Jurkat cell membrane,B,,,BAO_0000190,BAO_0000219,cell-based format,c1ccc(C(c2ccc(CCCN3CCNCC3)cc2)C23CC4CC(CC(C4)C2)C3)cc1,,,CHEMBL2202989,J Med Chem,2012.0,"{'bei': '17.21', 'le': '0.31', 'lle': '1.51', 'sei': '48.31'}",CHEMBL2204678,,CHEMBL2204678,7.38,0,http://www.openphacts.org/units/Nanomolar,1757506,=,1,1,=,,IC50,nM,,42.0,CHEMBL287,Homo sapiens,Sigma opioid receptor,9606,,,IC50,nM,UO_0000065,,42.0
,,12202296,[],CHEMBL2210027,Displacement of [3H]-(+)-pentazocine from sigma 1 receptor in human Jurkat cell membrane,B,,,BAO_0000190,BAO_0000219,cell-based format,c1ccc(CN2CCN(CCCc3ccc(C(c4ccccc4)C45CC6CC(CC(C6)C4)C5)cc3)CC2)cc1,,,CHEMBL2202989,J Med Chem,2012.0,"{'bei': '14.35', 'le': '0.26', 'lle': '-0.35', 'sei': '114.85'}",CHEMBL2204677,,CHEMBL2204677,7.44,0,http://www.openphacts.org/units/Nanomolar,1757505,=,1,1,=,,IC50,nM,,36.1,CHEMBL287,Homo sapiens,Sigma opioid receptor,9606,,,IC50,nM,UO_0000065,,36.1
,,12202297,[],CHEMBL2210027,Displacement of [3H]-(+)-pentazocine from sigma 1 receptor in human Jurkat cell membrane,B,,,BAO_0000190,BAO_0000219,cell-based format,CN1CCN(CCCc2ccc(C(c3ccccc3)C34CC5CC(CC(C5)C3)C4)cc2)CC1,,,CHEMBL2202989,J Med Chem,2012.0,"{'bei': '16.53', 'le': '0.30', 'lle': '1.11', 'sei': '112.93'}",CHEMBL2204675,,CHEMBL2204675,7.32,0,http://www.openphacts.org/units/Nanomolar,1757503,=,1,1,=,,IC50,nM,,48.1,CHEMBL287,Homo sapiens,Sigma opioid receptor,9606,,,IC50,nM,UO_0000065,,48.1
,,12202298,[],CHEMBL2210027,Displacement of [3H]-(+)-pentazocine from sigma 1 receptor in human Jurkat cell membrane,B,,,BAO_0000190,BAO_0000219,cell-based format,CN1CCN(CCc2ccc(C(c3ccccc3)C34CC5CC(CC(C5)C3)C4)cc2)CC1,,,CHEMBL2202989,J Med Chem,2012.0,"{'bei': '19.92', 'le': '0.36', 'lle': '2.72', 'sei': '131.75'}",CHEMBL2204672,,CHEMBL2204672,8.54,0,http://www.openphacts.org/units/Nanomolar,1757500,=,1,1,=,,IC50,nM,,2.9,CHEMBL287,Homo sapiens,Sigma opioid receptor,9606,,,IC50,nM,UO_0000065,,2.9
,,12202299,[],CHEMBL2210027,Displacement of [3H]-(+)-pentazocine from sigma 1 receptor in human Jurkat cell membrane,B,,,BAO_0000190,BAO_0000219,cell-based format,CN1CCN(Cc2ccc(C(c3ccccc3)C34CC5CC(CC(C5)C3)C4)cc2)CC1,,,CHEMBL2202989,J Med Chem,2012.0,"{'bei': '19.98', 'le': '0.36', 'lle': '2.50', 'sei': '127.84'}",CHEMBL2204668,,CHEMBL2204668,8.28,0,http://www.openphacts.org/units/Nanomolar,1757496,=,1,1,=,,IC50,nM,,5.2,CHEMBL287,Homo sapiens,Sigma opioid receptor,9606,,,IC50,nM,UO_0000065,,5.2
,,13335480,[],CHEMBL2395048,Binding affinity to sigma1 receptor (unknown origin) by radioligand displacement assay,B,,,BAO_0000190,BAO_0000357,single protein format,CCCCCN(C)C(=O)CN1CCNC2(CCCCC2)C1,,,CHEMBL2390872,Bioorg Med Chem,2013.0,"{'bei': '22.60', 'le': '0.43', 'lle': '4.44', 'sei': '18.77'}",CHEMBL2391351,,CHEMBL2391351,6.68,0,http://www.openphacts.org/units/Nanomolar,1899077,=,1,1,=,,IC50,nM,,210.0,CHEMBL287,Homo sapiens,Sigma opioid receptor,9606,,,IC50,uM,UO_0000065,,0.21
,,13335481,[],CHEMBL2395048,Binding affinity to sigma1 receptor (unknown origin) by radioligand displacement assay,B,,,BAO_0000190,BAO_0000357,single protein format,O=C(CN1CCN2CCCCC2C1)NC1CCCCC1,,,CHEMBL2390872,Bioorg Med Chem,2013.0,"{'bei': '23.51', 'le': '0.45', 'lle': '4.96', 'sei': '18.46'}",CHEMBL2391354,,CHEMBL2391354,6.57,0,http://www.openphacts.org/units/Nanomolar,1899080,=,1,1,=,,IC50,nM,,270.0,CHEMBL287,Homo sapiens,Sigma opioid receptor,9606,,,IC50,uM,UO_0000065,,0.27
,,13335482,[],CHEMBL2395048,Binding affinity to sigma1 receptor (unknown origin) by radioligand displacement assay,B,,,BAO_0000190,BAO_0000357,single protein format,O=C(CN1CCN2CCC[C@H]2C1)NC1CCCCC1,,,CHEMBL2390872,Bioorg Med Chem,2013.0,"{'bei': '21.28', 'le': '0.41', 'lle': '4.43', 'sei': '15.87'}",CHEMBL2391353,,CHEMBL2391353,5.65,0,http://www.openphacts.org/units/Nanomolar,1899079,=,1,1,=,,IC50,nM,,2250.0,CHEMBL287,Homo sapiens,Sigma opioid receptor,9606,,,IC50,uM,UO_0000065,,2.25
,,13335483,[],CHEMBL2395048,Binding affinity to sigma1 receptor (unknown origin) by radioligand displacement assay,B,,,BAO_0000190,BAO_0000357,single protein format,O=C(CN1CCN2CCC[C@@H]2C1)NC1CCCCC1,,,CHEMBL2390872,Bioorg Med Chem,2013.0,"{'bei': '24.15', 'le': '0.46', 'lle': '5.19', 'sei': '18.01'}",CHEMBL2391352,,CHEMBL2391352,6.41,0,http://www.openphacts.org/units/Nanomolar,1899078,=,1,1,=,,IC50,nM,,390.0,CHEMBL287,Homo sapiens,Sigma opioid receptor,9606,,,IC50,uM,UO_0000065,,0.39
,,13335484,[],CHEMBL2395048,Binding affinity to sigma1 receptor (unknown origin) by radioligand displacement assay,B,,,BAO_0000190,BAO_0000357,single protein format,CC(C(=O)NCCC1CCCCCCC1)N1CCN(C(=O)C2CCCCC2)CC1,,,CHEMBL2390872,Bioorg Med Chem,2013.0,"{'bei': '12.17', 'le': '0.23', 'lle': '0.97', 'sei': '9.37'}",CHEMBL2391539,,CHEMBL2391539,4.94,0,http://www.openphacts.org/units/Nanomolar,1899293,=,1,1,=,,IC50,nM,,11600.0,CHEMBL287,Homo sapiens,Sigma opioid receptor,9606,,,IC50,uM,UO_0000065,,11.6
,,13335485,[],CHEMBL2395048,Binding affinity to sigma1 receptor (unknown origin) by radioligand displacement assay,B,,,BAO_0000190,BAO_0000357,single protein format,CC(C)(C(=O)NC1CCCCC1)N1CCN(C2CCCC2)CC1,,,CHEMBL2390872,Bioorg Med Chem,2013.0,"{'bei': '19.60', 'le': '0.37', 'lle': '3.53', 'sei': '17.71'}",CHEMBL2391382,,CHEMBL2391382,6.30,0,http://www.openphacts.org/units/Nanomolar,1899109,=,1,1,=,,IC50,nM,,500.0,CHEMBL287,Homo sapiens,Sigma opioid receptor,9606,,,IC50,uM,UO_0000065,,0.5
,,13335486,[],CHEMBL2395048,Binding affinity to sigma1 receptor (unknown origin) by radioligand displacement assay,B,,,BAO_0000190,BAO_0000357,single protein format,CC(=O)N1CCCN(CCC(=O)NC2CCCCCC2)CC1,,,CHEMBL2390872,Bioorg Med Chem,2013.0,"{'bei': '15.33', 'le': '0.29', 'lle': '2.97', 'sei': '9.01'}",CHEMBL2391381,,CHEMBL2391381,4.75,0,http://www.openphacts.org/units/Nanomolar,1899108,=,1,1,=,,IC50,nM,,18000.0,CHEMBL287,Homo sapiens,Sigma opioid receptor,9606,,,IC50,uM,UO_0000065,,18.0
,,13335487,[],CHEMBL2395048,Binding affinity to sigma1 receptor (unknown origin) by radioligand displacement assay,B,,,BAO_0000190,BAO_0000357,single protein format,CCCCCN(C)C(=O)CN1CCCNCC1,,,CHEMBL2390872,Bioorg Med Chem,2013.0,"{'bei': '19.96', 'le': '0.39', 'lle': '3.89', 'sei': '13.54'}",CHEMBL2391380,,CHEMBL2391380,4.82,0,http://www.openphacts.org/units/Nanomolar,1899107,=,1,1,=,,IC50,nM,,15200.0,CHEMBL287,Homo sapiens,Sigma opioid receptor,9606,,,IC50,uM,UO_0000065,,15.2
,,13335488,[],CHEMBL2395048,Binding affinity to sigma1 receptor (unknown origin) by radioligand displacement assay,B,,,BAO_0000190,BAO_0000357,single protein format,CN1CCCN(CC(=O)NCCCC2CCCC2)CC1,,,CHEMBL2390872,Bioorg Med Chem,2013.0,"{'bei': '21.43', 'le': '0.41', 'lle': '4.32', 'sei': '16.95'}",CHEMBL2391379,,CHEMBL2391379,6.03,0,http://www.openphacts.org/units/Nanomolar,1899106,=,1,1,=,,IC50,nM,,930.0,CHEMBL287,Homo sapiens,Sigma opioid receptor,9606,,,IC50,uM,UO_0000065,,0.93
,,13335489,[],CHEMBL2395048,Binding affinity to sigma1 receptor (unknown origin) by radioligand displacement assay,B,,,BAO_0000190,BAO_0000357,single protein format,CC(C)N1CCCN(CC(=O)N[C@H](C)C(C)(C)C)CC1,,,CHEMBL2390872,Bioorg Med Chem,2013.0,"{'bei': '17.39', 'le': '0.34', 'lle': '2.98', 'sei': '13.85'}",CHEMBL2391378,,CHEMBL2391378,4.93,0,http://www.openphacts.org/units/Nanomolar,1899105,=,1,1,=,,IC50,nM,,11800.0,CHEMBL287,Homo sapiens,Sigma opioid receptor,9606,,,IC50,uM,UO_0000065,,11.8
,,13335490,[],CHEMBL2395048,Binding affinity to sigma1 receptor (unknown origin) by radioligand displacement assay,B,,,BAO_0000190,BAO_0000357,single protein format,CCC(=O)N1CCN(C(C)C(=O)NC2CCCC2)CC1,,,CHEMBL2390872,Bioorg Med Chem,2013.0,,CHEMBL2391377,,CHEMBL2391377,,0,http://www.openphacts.org/units/Nanomolar,1899104,>,1,1,>,,IC50,nM,,100000.0,CHEMBL287,Homo sapiens,Sigma opioid receptor,9606,,,IC50,uM,UO_0000065,,100.0
,,13335491,[],CHEMBL2395048,Binding affinity to sigma1 receptor (unknown origin) by radioligand displacement assay,B,,,BAO_0000190,BAO_0000357,single protein format,C[C@@H]1[C@@H](NC(=O)CN2CCN(C3CCCCC3)CC2)C[C@H]2C[C@@H]1C2(C)C,,,CHEMBL2390872,Bioorg Med Chem,2013.0,"{'bei': '18.65', 'le': '0.35', 'lle': '3.62', 'sei': '18.96'}",CHEMBL2391376,,CHEMBL2391376,6.75,0,http://www.openphacts.org/units/Nanomolar,1899103,=,1,1,=,,IC50,nM,,180.0,CHEMBL287,Homo sapiens,Sigma opioid receptor,9606,,,IC50,uM,UO_0000065,,0.18
,,13335492,[],CHEMBL2395048,Binding affinity to sigma1 receptor (unknown origin) by radioligand displacement assay,B,,,BAO_0000190,BAO_0000357,single protein format,CC(C)(C)CCNC(=O)CN1CCN(C(=O)C2CCCCC2)CC1,,,CHEMBL2390872,Bioorg Med Chem,2013.0,"{'bei': '13.85', 'le': '0.27', 'lle': '2.42', 'sei': '8.88'}",CHEMBL2391375,,CHEMBL2391375,4.68,0,http://www.openphacts.org/units/Nanomolar,1899102,=,1,1,=,,IC50,nM,,21100.0,CHEMBL287,Homo sapiens,Sigma opioid receptor,9606,,,IC50,uM,UO_0000065,,21.1
,,13335493,[],CHEMBL2395048,Binding affinity to sigma1 receptor (unknown origin) by radioligand displacement assay,B,,,BAO_0000190,BAO_0000357,single protein format,CC(C)NC(=O)C(C)(C)N1CCN(C2CCCCC2)CC1,,,CHEMBL2390872,Bioorg Med Chem,2013.0,"{'bei': '17.18', 'le': '0.33', 'lle': '2.84', 'sei': '14.26'}",CHEMBL2391374,,CHEMBL2391374,5.08,0,http://www.openphacts.org/units/Nanomolar,1899101,=,1,1,=,,IC50,nM,,8410.0,CHEMBL287,Homo sapiens,Sigma opioid receptor,9606,,,IC50,uM,UO_0000065,,8.41
,,13335494,[],CHEMBL2395048,Binding affinity to sigma1 receptor (unknown origin) by radioligand displacement assay,B,,,BAO_0000190,BAO_0000357,single protein format,C[C@@H]1[C@@H](NC(=O)CN2CCNCC2)C[C@H]2C[C@@H]1C2(C)C,,,CHEMBL2390872,Bioorg Med Chem,2013.0,"{'bei': '17.18', 'le': '0.33', 'lle': '3.72', 'sei': '10.82'}",CHEMBL2391373,,CHEMBL2391373,4.80,0,http://www.openphacts.org/units/Nanomolar,1899100,=,1,1,=,,IC50,nM,,15800.0,CHEMBL287,Homo sapiens,Sigma opioid receptor,9606,,,IC50,uM,UO_0000065,,15.8
,,13335495,[],CHEMBL2395048,Binding affinity to sigma1 receptor (unknown origin) by radioligand displacement assay,B,,,BAO_0000190,BAO_0000357,single protein format,O=C(CN1CCNCC1)N[C@H]1C[C@@H]2CC[C@H]1C2,,,CHEMBL2390872,Bioorg Med Chem,2013.0,"{'bei': '17.11', 'le': '0.33', 'lle': '3.86', 'sei': '9.15'}",CHEMBL2391372,,CHEMBL2391372,4.06,0,http://www.openphacts.org/units/Nanomolar,1899099,=,1,1,=,,IC50,nM,,86800.0,CHEMBL287,Homo sapiens,Sigma opioid receptor,9606,,,IC50,uM,UO_0000065,,86.8
,,13335496,[],CHEMBL2395048,Binding affinity to sigma1 receptor (unknown origin) by radioligand displacement assay,B,,,BAO_0000190,BAO_0000357,single protein format,CC(C)(C)CCNC(=O)CN1CCNCC1,,,CHEMBL2390872,Bioorg Med Chem,2013.0,"{'bei': '20.79', 'le': '0.40', 'lle': '4.29', 'sei': '10.65'}",CHEMBL2391371,,CHEMBL2391371,4.73,0,http://www.openphacts.org/units/Nanomolar,1899098,=,1,1,=,,IC50,nM,,18800.0,CHEMBL287,Homo sapiens,Sigma opioid receptor,9606,,,IC50,uM,UO_0000065,,18.8
,,13335497,[],CHEMBL2395048,Binding affinity to sigma1 receptor (unknown origin) by radioligand displacement assay,B,,,BAO_0000190,BAO_0000357,single protein format,CC(C(=O)NCCC1CCCCCCC1)N1CCNCC1,,,CHEMBL2390872,Bioorg Med Chem,2013.0,"{'bei': '17.40', 'le': '0.33', 'lle': '2.99', 'sei': '11.58'}",CHEMBL2391369,,CHEMBL2391369,5.14,0,http://www.openphacts.org/units/Nanomolar,1899096,=,1,1,=,,IC50,nM,,7240.0,CHEMBL287,Homo sapiens,Sigma opioid receptor,9606,,,IC50,uM,UO_0000065,,7.24
,,13335498,[],CHEMBL2395048,Binding affinity to sigma1 receptor (unknown origin) by radioligand displacement assay,B,,,BAO_0000190,BAO_0000357,single protein format,O=C(CN1CCN(C2CCCC2)CC1)NC1CCCCC1,,,CHEMBL2390872,Bioorg Med Chem,2013.0,"{'bei': '21.69', 'le': '0.41', 'lle': '4.37', 'sei': '17.89'}",CHEMBL2391368,,CHEMBL2391368,6.37,0,http://www.openphacts.org/units/Nanomolar,1899095,=,1,1,=,,IC50,nM,,430.0,CHEMBL287,Homo sapiens,Sigma opioid receptor,9606,,,IC50,uM,UO_0000065,,0.43
,,13335499,[],CHEMBL2395048,Binding affinity to sigma1 receptor (unknown origin) by radioligand displacement assay,B,,,BAO_0000190,BAO_0000357,single protein format,CN(C(=O)CN1CCNCC1)C1CCCC1,,,CHEMBL2390872,Bioorg Med Chem,2013.0,,CHEMBL2391540,,CHEMBL2391540,,0,http://www.openphacts.org/units/Nanomolar,1899294,>,1,1,>,,IC50,nM,,100000.0,CHEMBL287,Homo sapiens,Sigma opioid receptor,9606,,,IC50,uM,UO_0000065,,100.0
,,13335500,[],CHEMBL2395048,Binding affinity to sigma1 receptor (unknown origin) by radioligand displacement assay,B,,,BAO_0000190,BAO_0000357,single protein format,CCC(=O)N1CCN(CC(=O)NC2CCCCC2)CC1,,,CHEMBL2390872,Bioorg Med Chem,2013.0,,CHEMBL2391367,,CHEMBL2391367,,0,http://www.openphacts.org/units/Nanomolar,1899094,>,1,1,>,,IC50,nM,,100000.0,CHEMBL287,Homo sapiens,Sigma opioid receptor,9606,,,IC50,uM,UO_0000065,,100.0
,,13335501,[],CHEMBL2395048,Binding affinity to sigma1 receptor (unknown origin) by radioligand displacement assay,B,,,BAO_0000190,BAO_0000357,single protein format,CCC(=O)N1CCN(CC(=O)NC(CC)CC)CC1,,,CHEMBL2390872,Bioorg Med Chem,2013.0,,CHEMBL2391366,,CHEMBL2391366,,0,http://www.openphacts.org/units/Nanomolar,1899093,>,1,1,>,,IC50,nM,,100000.0,CHEMBL287,Homo sapiens,Sigma opioid receptor,9606,,,IC50,uM,UO_0000065,,100.0
,,13335502,[],CHEMBL2395048,Binding affinity to sigma1 receptor (unknown origin) by radioligand displacement assay,B,,,BAO_0000190,BAO_0000357,single protein format,CCCCC(C(=O)NC1CCCCC1)N1CCNCC1,,,CHEMBL2390872,Bioorg Med Chem,2013.0,"{'bei': '17.55', 'le': '0.34', 'lle': '3.04', 'sei': '11.13'}",CHEMBL2391365,,CHEMBL2391365,4.94,0,http://www.openphacts.org/units/Nanomolar,1899092,=,1,1,=,,IC50,nM,,11500.0,CHEMBL287,Homo sapiens,Sigma opioid receptor,9606,,,IC50,uM,UO_0000065,,11.5
,,13335503,[],CHEMBL2395048,Binding affinity to sigma1 receptor (unknown origin) by radioligand displacement assay,B,,,BAO_0000190,BAO_0000357,single protein format,CCCCN(CCC)C(=O)CN1CCNCC1,,,CHEMBL2390872,Bioorg Med Chem,2013.0,"{'bei': '19.84', 'le': '0.38', 'lle': '3.86', 'sei': '13.46'}",CHEMBL2391364,,CHEMBL2391364,4.79,0,http://www.openphacts.org/units/Nanomolar,1899091,=,1,1,=,,IC50,nM,,16300.0,CHEMBL287,Homo sapiens,Sigma opioid receptor,9606,,,IC50,uM,UO_0000065,,16.3
,,13335504,[],CHEMBL2395048,Binding affinity to sigma1 receptor (unknown origin) by radioligand displacement assay,B,,,BAO_0000190,BAO_0000357,single protein format,O=C(CCN1CCN(C(=O)C2CC2)CC1)NC1CCCCC1,,,CHEMBL2390872,Bioorg Med Chem,2013.0,"{'bei': '16.44', 'le': '0.31', 'lle': '3.67', 'sei': '9.60'}",CHEMBL2391363,,CHEMBL2391363,5.05,0,http://www.openphacts.org/units/Nanomolar,1899090,=,1,1,=,,IC50,nM,,8830.0,CHEMBL287,Homo sapiens,Sigma opioid receptor,9606,,,IC50,uM,UO_0000065,,8.83
,,13335505,[],CHEMBL2395048,Binding affinity to sigma1 receptor (unknown origin) by radioligand displacement assay,B,,,BAO_0000190,BAO_0000357,single protein format,CCCCN(CCC)C(=O)CN1C[C@H](C)NC[C@H]1C,,,CHEMBL2390872,Bioorg Med Chem,2013.0,"{'bei': '19.00', 'le': '0.37', 'lle': '3.41', 'sei': '14.39'}",CHEMBL2391362,,CHEMBL2391362,5.12,0,http://www.openphacts.org/units/Nanomolar,1899089,=,1,1,=,,IC50,nM,,7600.0,CHEMBL287,Homo sapiens,Sigma opioid receptor,9606,,,IC50,uM,UO_0000065,,7.6
,,13335506,[],CHEMBL2395048,Binding affinity to sigma1 receptor (unknown origin) by radioligand displacement assay,B,,,BAO_0000190,BAO_0000357,single protein format,CCC(CC)NC(=O)CN1CCCN(C)CC1,,,CHEMBL2390872,Bioorg Med Chem,2013.0,"{'bei': '19.96', 'le': '0.39', 'lle': '3.89', 'sei': '13.54'}",CHEMBL2391361,,CHEMBL2391361,4.82,0,http://www.openphacts.org/units/Nanomolar,1899088,=,1,1,=,,IC50,nM,,15200.0,CHEMBL287,Homo sapiens,Sigma opioid receptor,9606,,,IC50,uM,UO_0000065,,15.2
,,13335507,[],CHEMBL2395048,Binding affinity to sigma1 receptor (unknown origin) by radioligand displacement assay,B,,,BAO_0000190,BAO_0000357,single protein format,CCC(=O)N1CCN(CC(=O)NCC(C)CC)CC1,,,CHEMBL2390872,Bioorg Med Chem,2013.0,,CHEMBL2391360,,CHEMBL2391360,,0,http://www.openphacts.org/units/Nanomolar,1899087,>,1,1,>,,IC50,nM,,100000.0,CHEMBL287,Homo sapiens,Sigma opioid receptor,9606,,,IC50,uM,UO_0000065,,100.0
,,13335508,[],CHEMBL2395048,Binding affinity to sigma1 receptor (unknown origin) by radioligand displacement assay,B,,,BAO_0000190,BAO_0000357,single protein format,CCN1CCN(CC(=O)N(C)C2CCCC2)CC1C,,,CHEMBL2390872,Bioorg Med Chem,2013.0,"{'bei': '22.14', 'le': '0.43', 'lle': '4.51', 'sei': '22.10'}",CHEMBL2391359,,CHEMBL2391359,5.92,0,http://www.openphacts.org/units/Nanomolar,1899086,=,1,1,=,,IC50,nM,,1200.0,CHEMBL287,Homo sapiens,Sigma opioid receptor,9606,,,IC50,uM,UO_0000065,,1.2
,,13335509,[],CHEMBL2395048,Binding affinity to sigma1 receptor (unknown origin) by radioligand displacement assay,B,,,BAO_0000190,BAO_0000357,single protein format,CCC(C(=O)NC1CCCCC1)N1CCN(C2CCCC2)CC1,,,CHEMBL2390872,Bioorg Med Chem,2013.0,"{'bei': '19.37', 'le': '0.37', 'lle': '3.46', 'sei': '17.51'}",CHEMBL2391358,,CHEMBL2391358,6.23,0,http://www.openphacts.org/units/Nanomolar,1899085,=,1,1,=,,IC50,nM,,590.0,CHEMBL287,Homo sapiens,Sigma opioid receptor,9606,,,IC50,uM,UO_0000065,,0.59
,,13335510,[],CHEMBL2395048,Binding affinity to sigma1 receptor (unknown origin) by radioligand displacement assay,B,,,BAO_0000190,BAO_0000357,single protein format,CN1CCCN(CC(=O)NC2CCCCC2)CC1,,,CHEMBL2390872,Bioorg Med Chem,2013.0,"{'bei': '21.66', 'le': '0.42', 'lle': '4.42', 'sei': '15.42'}",CHEMBL2391357,,CHEMBL2391357,5.49,0,http://www.openphacts.org/units/Nanomolar,1899084,=,1,1,=,,IC50,nM,,3250.0,CHEMBL287,Homo sapiens,Sigma opioid receptor,9606,,,IC50,uM,UO_0000065,,3.25
,,13335511,[],CHEMBL2395048,Binding affinity to sigma1 receptor (unknown origin) by radioligand displacement assay,B,,,BAO_0000190,BAO_0000357,single protein format,CC(C)NC(=O)CN1CCNCC1,,,CHEMBL2390872,Bioorg Med Chem,2013.0,,CHEMBL2391356,,CHEMBL2391356,,0,http://www.openphacts.org/units/Nanomolar,1899083,>,1,1,>,,IC50,nM,,100000.0,CHEMBL287,Homo sapiens,Sigma opioid receptor,9606,,,IC50,uM,UO_0000065,,100.0
,,13335512,[],CHEMBL2395048,Binding affinity to sigma1 receptor (unknown origin) by radioligand displacement assay,B,,,BAO_0000190,BAO_0000357,single protein format,O=C(CN1CCNCC1)NC1CCCCC1,,,CHEMBL2390872,Bioorg Med Chem,2013.0,"{'bei': '20.26', 'le': '0.39', 'lle': '4.23', 'sei': '10.29'}",CHEMBL1983100,ESAPRAZOLE,CHEMBL1983100,4.57,0,http://www.openphacts.org/units/Nanomolar,1899082,=,1,1,=,,IC50,nM,,27200.0,CHEMBL287,Homo sapiens,Sigma opioid receptor,9606,,,IC50,uM,UO_0000065,,27.2
,,13336947,[],CHEMBL2393973,"Displacement of [3H]1,3-di(2-tolyl)guanidine from sigma 1 receptor in human Jurkat cells",B,,,BAO_0000190,BAO_0000219,cell-based format,C[C@H]1[C@@H](c2ccccc2)CC(=O)N1CC(N)=O,,,CHEMBL2390917,Bioorg Med Chem,2013.0,"{'bei': '31.71', 'le': '0.59', 'lle': '6.49', 'sei': '11.62'}",CHEMBL2391147,,CHEMBL2391147,7.37,0,http://www.openphacts.org/units/Nanomolar,1898837,=,1,1,=,,IC50,nM,,43.0,CHEMBL287,Homo sapiens,Sigma opioid receptor,9606,,,IC50,nM,UO_0000065,,43.0
,,13340350,[],CHEMBL2395077,Displacement of [3H]Haloperidol from sigma 1 receptor in human jurkat cells after 4 hrs,B,,,BAO_0000190,BAO_0000219,cell-based format,O=C(CCCN1CCC(O)(c2ccc(Cl)cc2)CC1)c1ccc(F)cc1,,,CHEMBL2390918,Bioorg Med Chem Lett,2013.0,"{'bei': '20.43', 'le': '0.40', 'lle': '3.25', 'sei': '18.94'}",CHEMBL54,HALOPERIDOL,CHEMBL54,7.68,0,http://www.openphacts.org/units/Nanomolar,1899930,=,1,1,=,,IC50,nM,,21.0,CHEMBL287,Homo sapiens,Sigma opioid receptor,9606,,,IC50,uM,UO_0000065,,0.021
,,14551025,[],CHEMBL3226524,Inhibition of sigma-1 receptor (unknown origin),B,,,BAO_0000190,BAO_0000357,single protein format,CSc1nc(N2C[C@@H]3[C@H](C2)[C@H]3C(=O)O)ccc1C(=O)NC12CC3CC(CC(C3)C1)C2,,,CHEMBL3217743,Medchemcomm,2012.0,"{'bei': '10.58', 'le': '0.21', 'lle': '1.25', 'sei': '5.48'}",CHEMBL3220543,,CHEMBL3220543,4.52,0,http://www.openphacts.org/units/Nanomolar,2075746,=,1,1,=,,IC50,nM,,30000.0,CHEMBL287,Homo sapiens,Sigma opioid receptor,9606,,,IC50,uM,UO_0000065,,30.0
,,14570694,[],CHEMBL3238599,Binding affinity to sigma 1 receptor (unknown origin),B,,,BAO_0000190,BAO_0000357,single protein format,COc1cccc2c1CCC(=O)N2CCCN1CCN(c2cccc(Cl)c2)CC1,,,CHEMBL3232762,Eur J Med Chem,2014.0,"{'bei': '17.70', 'le': '0.35', 'lle': '3.49', 'sei': '20.34'}",CHEMBL294144,,CHEMBL294144,7.33,0,http://www.openphacts.org/units/Nanomolar,2084288,=,1,1,=,,IC50,nM,,47.0,CHEMBL287,Homo sapiens,Sigma opioid receptor,9606,,,IC50,nM,UO_0000065,,47.0
,,15209918,[],CHEMBL3420510,Displacement of [3H]-(+)-pentazocine from sigma-1 receptor in human Jurkat cell membrane by liquid scintillation spectrometry,B,,,BAO_0000190,BAO_0000219,cell-based format,O=C(CN1CCCCC1)N1CCN(C2(c3ccccc3)C3CC4CC(C3)CC2C4)CC1,,,CHEMBL3414554,Eur J Med Chem,2015.0,"{'bei': '16.29', 'le': '0.30', 'lle': '2.90', 'sei': '25.64'}",CHEMBL3414957,,CHEMBL3414957,6.87,0,http://www.openphacts.org/units/Nanomolar,2290402,=,1,1,=,,IC50,nM,,135.0,CHEMBL287,Homo sapiens,Sigma opioid receptor,9606,,,IC50,uM,UO_0000065,,0.135
,,16466400,[],CHEMBL3767816,"Displacement of 5-(Dimethylamino)-2-(6-((5-(4-(4-methylpiperidin-1-yl)butyl)-5,6,7,8-tetrahydronaphthalen-2-yl)oxy)hexyl)isoindoline-1,3-dione from sigma 1 receptor (unknown origin) expressed in MCF7 after 75 mins by flow cytometry",B,,,BAO_0000190,BAO_0000219,cell-based format,COc1ccc2c(c1)CCCC2CCCCN1CCC(C)CC1,,,CHEMBL3763126,Eur J Med Chem,2016.0,"{'bei': '25.19', 'le': '0.47', 'lle': '2.93', 'sei': '63.73'}",CHEMBL177952,,CHEMBL177952,7.95,0,http://www.openphacts.org/units/Nanomolar,2757034,=,1,1,=,,IC50,nM,,11.3,CHEMBL287,Homo sapiens,Sigma opioid receptor,9606,,,IC50,nM,UO_0000065,,11.3
,,16466401,[],CHEMBL3767816,"Displacement of 5-(Dimethylamino)-2-(6-((5-(4-(4-methylpiperidin-1-yl)butyl)-5,6,7,8-tetrahydronaphthalen-2-yl)oxy)hexyl)isoindoline-1,3-dione from sigma 1 receptor (unknown origin) expressed in MCF7 after 75 mins by flow cytometry",B,,,BAO_0000190,BAO_0000219,cell-based format,COc1ccc2c(CCCCN3CCC(C)CC3)cccc2c1,,,CHEMBL3763126,Eur J Med Chem,2016.0,"{'bei': '25.07', 'le': '0.46', 'lle': '2.91', 'sei': '62.63'}",CHEMBL176941,,CHEMBL176941,7.81,0,http://www.openphacts.org/units/Nanomolar,2757035,=,1,1,=,,IC50,nM,,15.5,CHEMBL287,Homo sapiens,Sigma opioid receptor,9606,,,IC50,nM,UO_0000065,,15.5
,,16466402,[],CHEMBL3768981,"Displacement of 5-(Dimethylamino)-2-(6-((5-(4-(4-methylpiperidin-1-yl)butyl)-5,6,7,8-tetrahydronaphthalen-2-yl)oxy)hexyl)isoindoline-1,3-dione from sigma 1 receptor (unknown origin) expressed in MCF7 after 45 mins by flow cytometry in presence of 2-(3-(6,7-dimethoxy-3,4-dihydroisoquinolin-2(1H)-yl)propyl)-5-methoxy-3,4-dihydroisoquinolin-1(2H)-one",B,,,BAO_0000190,BAO_0000219,cell-based format,CC(C)=CCN1CC[C@]2(C)c3cc(O)ccc3C[C@H]1[C@H]2C,,,CHEMBL3763126,Eur J Med Chem,2016.0,"{'bei': '28.32', 'le': '0.53', 'lle': '4.20', 'sei': '34.44'}",CHEMBL60542,(+)-PENTAZOCINE,CHEMBL60542,8.08,0,http://www.openphacts.org/units/Nanomolar,2757235,=,1,1,=,,IC50,nM,,8.24,CHEMBL287,Homo sapiens,Sigma opioid receptor,9606,,,IC50,nM,UO_0000065,,8.24
,,16466403,[],CHEMBL3768982,"Displacement of 5-(Dimethylamino)-2-{6-[(5-(4-(4-methylpiperidin-1-yl)butyl)naphthalen-2-yl)oxy]hexyl}isoindole-1,3-dione from sigma 1 receptor (unknown origin) expressed in MCF7 cells after 75 mins by flow cytometry",B,,,BAO_0000190,BAO_0000219,cell-based format,COc1ccc2c(c1)CCCC2CCCCN1CCC(C)CC1,,,CHEMBL3763126,Eur J Med Chem,2016.0,"{'bei': '25.09', 'le': '0.47', 'lle': '2.90', 'sei': '63.49'}",CHEMBL177952,,CHEMBL177952,7.92,0,http://www.openphacts.org/units/Nanomolar,2757034,=,1,1,=,,IC50,nM,,12.1,CHEMBL287,Homo sapiens,Sigma opioid receptor,9606,,,IC50,nM,UO_0000065,,12.1
,,16466404,[],CHEMBL3768982,"Displacement of 5-(Dimethylamino)-2-{6-[(5-(4-(4-methylpiperidin-1-yl)butyl)naphthalen-2-yl)oxy]hexyl}isoindole-1,3-dione from sigma 1 receptor (unknown origin) expressed in MCF7 cells after 75 mins by flow cytometry",B,,,BAO_0000190,BAO_0000219,cell-based format,COc1ccc2c(CCCCN3CCC(C)CC3)cccc2c1,,,CHEMBL3763126,Eur J Med Chem,2016.0,"{'bei': '25.60', 'le': '0.47', 'lle': '3.07', 'sei': '63.95'}",CHEMBL176941,,CHEMBL176941,7.97,0,http://www.openphacts.org/units/Nanomolar,2757035,=,1,1,=,,IC50,nM,,10.6,CHEMBL287,Homo sapiens,Sigma opioid receptor,9606,,,IC50,nM,UO_0000065,,10.6
,,16466405,[],CHEMBL3768983,"Displacement of 5-(Dimethylamino)-2-{6-[(5-(4-(4-methylpiperidin-1-yl)butyl)naphthalen-2-yl)oxy]hexyl}isoindole-1,3-dione from sigma 1 receptor (unknown origin) expressed in MCF7 cells after 45 mins by flow cytometry in presence of 2-(3-(6,7-dimethoxy-3,4-dihydroisoquinolin-2(1H)-yl)propyl)-5-methoxy-3,4-dihydroisoquinolin-1(2H)-one",B,,,BAO_0000190,BAO_0000219,cell-based format,CC(C)=CCN1CC[C@]2(C)c3cc(O)ccc3C[C@H]1[C@H]2C,,,CHEMBL3763126,Eur J Med Chem,2016.0,"{'bei': '28.45', 'le': '0.53', 'lle': '4.24', 'sei': '34.60'}",CHEMBL60542,(+)-PENTAZOCINE,CHEMBL60542,8.12,0,http://www.openphacts.org/units/Nanomolar,2757235,=,1,1,=,,IC50,nM,,7.59,CHEMBL287,Homo sapiens,Sigma opioid receptor,9606,,,IC50,nM,UO_0000065,,7.59
,,19128537,[],CHEMBL4374382,Displacement of [3H]PPP from sigma1 receptor (unknown origin),B,,,BAO_0000190,BAO_0000357,single protein format,CCC(=O)N(c1ccccc1)C1CCN(CCc2ccccc2)CC1,,,CHEMBL4373662,Medchemcomm,2019.0,"{'bei': '19.17', 'le': '0.35', 'lle': '2.31', 'sei': '27.39'}",CHEMBL596,FENTANYL,CHEMBL596,6.45,0,http://www.openphacts.org/units/Nanomolar,3192511,=,1,1,=,,IC50,nM,,354.0,CHEMBL287,Homo sapiens,Sigma opioid receptor,9606,,,IC50,nM,UO_0000065,,354.0
"{'action_type': 'INHIBITOR', 'description': 'Negatively effects (inhibits) the normal functioning of the protein e.g., prevention of enzymatic reaction or activation of downstream pathway', 'parent_type': 'NEGATIVE MODULATOR'}",,22409313,"[{'comments': None, 'relation': '=', 'result_flag': 0, 'standard_relation': '=', 'standard_text_value': None, 'standard_type': 'TIME', 'standard_units': 'hr', 'standard_value': '2.0', 'text_value': None, 'type': 'Time', 'units': 'min', 'value': '120.0'}]",CHEMBL4671153,Displacement of [3H]-Pentazocine from human recombinant sigma 1 receptor incubated for 120 mins by scintillation counting analysis relative to control,B,,,BAO_0000190,BAO_0000357,single protein format,[2H]C([2H])([2H])Oc1cc(F)cc2c(N3CCN(c4ccccc4F)CC3)c(C#N)cnc12,,,CHEMBL4665820,ACS Med Chem Lett,2020.0,"{'bei': '14.34', 'le': '0.27', 'lle': '1.74', 'sei': '10.41'}",CHEMBL4761695,,CHEMBL4781814,5.46,0,http://www.openphacts.org/units/Nanomolar,3511143,=,1,1,=,,IC50,nM,,3500.0,CHEMBL287,Homo sapiens,Sigma opioid receptor,9606,,,IC50,uM,UO_0000065,,3.5
"{'action_type': 'AGONIST', 'description': 'Binds to and activates a receptor, often mimicking the effect of the endogenous ligand', 'parent_type': 'POSITIVE MODULATOR'}",,22850774,[],CHEMBL4723516,Binding affinity to sigma-1 receptor (unknown origin),B,,,BAO_0000190,BAO_0000357,single protein format,CN(C)CC1CCOC1(c1ccccc1)c1ccccc1,,,CHEMBL4715859,J Med Chem,2020.0,"{'bei': '21.55', 'le': '0.39', 'lle': '2.54', 'sei': '48.64'}",CHEMBL4297224,BLARCAMESINE,CHEMBL4297224,6.07,0,http://www.openphacts.org/units/Nanomolar,3547991,=,1,1,=,,IC50,nM,,860.0,CHEMBL287,Homo sapiens,Sigma opioid receptor,9606,,,IC50,uM,UO_0000065,,0.86
"{'action_type': 'AGONIST', 'description': 'Binds to and activates a receptor, often mimicking the effect of the endogenous ligand', 'parent_type': 'POSITIVE MODULATOR'}",,24977774,[],CHEMBL5225125,Binding affinity to sigma 1 receptor (unknown origin),B,,,BAO_0000190,BAO_0000357,single protein format,CN(C)CC1CCOC1(c1ccccc1)c1ccccc1,,,CHEMBL5223132,Bioorg Med Chem,2022.0,"{'bei': '21.55', 'le': '0.39', 'lle': '2.54', 'sei': '48.64'}",CHEMBL4297224,BLARCAMESINE,CHEMBL4297224,6.07,1,http://www.openphacts.org/units/Nanomolar,3903693,=,1,1,=,,IC50,nM,,860.0,CHEMBL287,Homo sapiens,Sigma opioid receptor,9606,,,IC50,uM,UO_0000065,,0.86
"{'action_type': 'ANTAGONIST', 'description': 'Binds to a receptor and prevents activation by an agonist through competing for the binding site', 'parent_type': 'NEGATIVE MODULATOR'}",,25473513,[],CHEMBL5325666,Antagonist activity at sigma 1 receptor (unknown origin),B,,,BAO_0000190,BAO_0000357,single protein format,CN1C2CCCC1CC(Nc1ccccc1Br)C2,,,CHEMBL5325394,J Med Chem,2023.0,"{'bei': '22.88', 'le': '0.54', 'lle': '3.20', 'sei': '46.34'}",CHEMBL4519018,,CHEMBL4519018,7.08,0,http://www.openphacts.org/units/Nanomolar,3962319,=,1,1,=,,IC50,nM,,84.0,CHEMBL287,Homo sapiens,Sigma opioid receptor,9606,,,IC50,uM,UO_0000065,,0.084
"{'action_type': 'ANTAGONIST', 'description': 'Binds to a receptor and prevents activation by an agonist through competing for the binding site', 'parent_type': 'NEGATIVE MODULATOR'}",,25561637,[],CHEMBL5348725,Antagonist activity at sigma1 receptor (unknown origin),B,,,BAO_0000190,BAO_0000357,single protein format,Cc1ccc(CCCN2CC3(CC(=O)N(c4ccccc4)C3)C2)cc1,,,CHEMBL5346905,Eur J Med Chem,2023.0,"{'bei': '23.08', 'le': '0.42', 'lle': '4.05', 'sei': '32.78'}",CHEMBL5440801,,CHEMBL5440801,7.72,0,http://www.openphacts.org/units/Nanomolar,3979156,=,1,1,=,,IC50,nM,,19.1,CHEMBL287,Homo sapiens,Sigma opioid receptor,9606,,,IC50,nM,UO_0000065,,19.1
